{
  "type": "FeatureCollection",
  "generator": "overpass-turbo",
  "copyright": "The data included in this document is from www.openstreetmap.org. The data is made available under ODbL.",
  "timestamp": "2026-09-03T16:54:51Z",
  "features": [
    {
      "type": "Feature",
      "properties": {
        "@id": "way/620708044",
        "building": "yes",
        "waterway": "dam"
      },
      "geometry": {
        "type": "Polygon",
        "coordinates": [
          [
            [
              80.0802265,
              12.9993061
            ],
            [
              80.0799092,
              12.9987196
            ],
            [
              80.0799606,
              12.9986932
            ],
            [
              80.080278,
              12.9992797
            ],
            [
              80.0802265,
              12.9993061
            ]
          ]
        ]
      },
      "id": "way/620708044"
    },
    {
      "type": "Feature",
      "properties": {
        "@id": "way/1021009992",
        "area": "yes",
        "waterway": "dam"
      },
      "geometry": {
        "type": "Polygon",
        "coordinates": [
          [
            [
              80.1803728,
              12.9463911
            ],
            [
              80.1803666,
              12.9464333
            ],
            [
              80.180363,
              12.9464576
            ],
            [
              80.180344,
              12.946455
            ],
            [
              80.1802306,
              12.946439
            ],
            [
              80.1801985,
              12.9464345
            ],
            [
              80.1802028,
              12.9464054
            ],
            [
              80.1802084,
              12.9463679
            ],
            [
              80.1803728,
              12.9463911
            ]
          ]
        ]
      },
      "id": "way/1021009992"
    },
    {
      "type": "Feature",
      "properties": {
        "@id": "way/1356853067",
        "waterway": "boatyard"
      },
      "geometry": {
        "type": "Polygon",
        "coordinates": [
          [
            [
              80.2805312,
              13.0353477
            ],
            [
              80.2807048,
              13.0353206
            ],
            [
              80.2809126,
              13.0364896
            ],
            [
              80.2814012,
              13.0390571
            ],
            [
              80.2812747,
              13.0390571
            ],
            [
              80.2809083,
              13.0390405
            ],
            [
              80.2807498,
              13.0380823
            ],
            [
              80.2805848,
              13.0372035
            ],
            [
              80.2804369,
              13.0362767
            ],
            [
              80.2803255,
              13.0353686
            ],
            [
              80.2805312,
              13.0353477
            ]
          ]
        ]
      },
      "id": "way/1356853067"
    },
    {
      "type": "Feature",
      "properties": {
        "@id": "way/1356853882",
        "waterway": "boatyard"
      },
      "geometry": {
        "type": "Polygon",
        "coordinates": [
          [
            [
              80.2784511,
              13.0202631
            ],
            [
              80.2784935,
              13.0207175
            ],
            [
              80.2786337,
              13.0217374
            ],
            [
              80.2787413,
              13.0226557
            ],
            [
              80.2788327,
              13.0235898
            ],
            [
              80.2789109,
              13.0243143
            ],
            [
              80.2790251,
              13.0250895
            ],
            [
              80.2791914,
              13.0259347
            ],
            [
              80.2793153,
              13.0265702
            ],
            [
              80.2794556,
              13.0274916
            ],
            [
              80.2796284,
              13.0287593
            ],
            [
              80.2793871,
              13.0287593
            ],
            [
              80.2782098,
              13.0210289
            ],
            [
              80.2783402,
              13.0208414
            ],
            [
              80.278275,
              13.0202631
            ],
            [
              80.2784511,
              13.0202631
            ]
          ]
        ]
      },
      "id": "way/1356853882"
    },
    {
      "type": "Feature",
      "properties": {
        "@id": "way/1356853887",
        "waterway": "boatyard"
      },
      "geometry": {
        "type": "Polygon",
        "coordinates": [
          [
            [
              80.2706778,
              12.9917216
            ],
            [
              80.2709666,
              12.9916157
            ],
            [
              80.2714331,
              12.9930539
            ],
            [
              80.2716453,
              12.9940736
            ],
            [
              80.2718008,
              12.9946869
            ],
            [
              80.2722821,
              12.9964016
            ],
            [
              80.2720353,
              12.9964328
            ],
            [
              80.2719045,
              12.9958725
            ],
            [
              80.271828,
              12.9954949
            ],
            [
              80.2717366,
              12.99505
            ],
            [
              80.2716478,
              12.994658
            ],
            [
              80.2715293,
              12.9942155
            ],
            [
              80.2714454,
              12.9938764
            ],
            [
              80.2713294,
              12.9935325
            ],
            [
              80.2711936,
              12.99309
            ],
            [
              80.2711122,
              12.9928254
            ],
            [
              80.2708629,
              12.9927389
            ],
            [
              80.2707568,
              12.9923324
            ],
            [
              80.2706507,
              12.9917192
            ],
            [
              80.2706778,
              12.9917216
            ]
          ]
        ]
      },
      "id": "way/1356853887"
    },
    {
      "type": "Feature",
      "properties": {
        "@id": "way/22658645",
        "boat": "yes",
        "name": "North River",
        "waterway": "river"
      },
      "geometry": {
        "type": "LineString",
        "coordinates": [
          [
            80.2724247,
            13.0785676
          ],
          [
            80.2737092,
            13.0789796
          ],
          [
            80.2743375,
            13.0791553
          ],
          [
            80.2745805,
            13.0792163
          ],
          [
            80.274771,
            13.0792464
          ],
          [
            80.274916,
            13.0792631
          ],
          [
            80.2751147,
            13.079257
          ]
        ]
      },
      "id": "way/22658645"
    },
    {
      "type": "Feature",
      "properties": {
        "@id": "way/23110069",
        "boat": "no",
        "name": "Adyar River",
        "waterway": "river",
        "wikidata": "Q2825422"
      },
      "geometry": {
        "type": "LineString",
        "coordinates": [
          [
            80.1100221,
            12.9654194
          ],
          [
            80.1119345,
            12.9669807
          ],
          [
            80.1129691,
            12.9675666
          ],
          [
            80.1144324,
            12.9680428
          ],
          [
            80.114652,
            12.9683019
          ],
          [
            80.1147121,
            12.9691132
          ],
          [
            80.1152271,
            12.9706439
          ],
          [
            80.1170124,
            12.973956
          ],
          [
            80.1173666,
            12.9752058
          ],
          [
            80.1182464,
            12.9788244
          ],
          [
            80.1192681,
            12.9833227
          ],
          [
            80.1189178,
            12.9850129
          ],
          [
            80.1193816,
            12.9857918
          ],
          [
            80.1207022,
            12.9859018
          ],
          [
            80.1222765,
            12.986033
          ],
          [
            80.1242063,
            12.9869838
          ],
          [
            80.1251855,
            12.9888143
          ],
          [
            80.1266471,
            12.9901908
          ],
          [
            80.1282133,
            12.9906332
          ],
          [
            80.1334261,
            12.9906949
          ],
          [
            80.1343861,
            12.9910654
          ],
          [
            80.135464,
            12.9932717
          ],
          [
            80.1358514,
            12.9943496
          ],
          [
            80.1407523,
            12.9965895
          ],
          [
            80.1422685,
            12.9969335
          ],
          [
            80.1434283,
            12.9966726
          ],
          [
            80.1477753,
            12.9943833
          ],
          [
            80.1501807,
            12.9942831
          ],
          [
            80.1531313,
            12.9944497
          ],
          [
            80.1558439,
            12.9954967
          ],
          [
            80.1584137,
            12.9970671
          ],
          [
            80.1590525,
            12.9975106
          ],
          [
            80.1592497,
            12.9976353
          ],
          [
            80.159918,
            12.9986056
          ],
          [
            80.1605077,
            12.9992087
          ],
          [
            80.1612588,
            13.0013979
          ],
          [
            80.1612751,
            13.0014229
          ]
        ]
      },
      "id": "way/23110069"
    },
    {
      "type": "Feature",
      "properties": {
        "@id": "way/23161547",
        "layer": "-1",
        "name": "Mambalam Canal",
        "name:ml": "മാമ്പലം കനാൽ",
        "name:ta": "மாம்பலம் கால்வாய்",
        "waterway": "canal",
        "width": "6"
      },
      "geometry": {
        "type": "LineString",
        "coordinates": [
          [
            80.2457923,
            13.0393161
          ],
          [
            80.2457251,
            13.0392112
          ],
          [
            80.2455644,
            13.0389278
          ],
          [
            80.2454707,
            13.0388001
          ],
          [
            80.2452475,
            13.038361
          ],
          [
            80.244866,
            13.0374469
          ],
          [
            80.2447365,
            13.0370778
          ],
          [
            80.2446183,
            13.0364536
          ],
          [
            80.2443592,
            13.0356762
          ],
          [
            80.2439993,
            13.0351076
          ],
          [
            80.2437611,
            13.0349948
          ],
          [
            80.2431687,
            13.0347143
          ],
          [
            80.2429136,
            13.0345139
          ],
          [
            80.2427478,
            13.0342145
          ],
          [
            80.2425721,
            13.0336457
          ],
          [
            80.2425375,
            13.0335363
          ],
          [
            80.2424923,
            13.0334735
          ],
          [
            80.2412929,
            13.0325883
          ],
          [
            80.2411224,
            13.0325188
          ],
          [
            80.2410986,
            13.0325091
          ],
          [
            80.2402135,
            13.0323064
          ],
          [
            80.2393155,
            13.0321483
          ],
          [
            80.2389271,
            13.0320635
          ],
          [
            80.238469,
            13.0319564
          ],
          [
            80.2371601,
            13.0316922
          ],
          [
            80.2370083,
            13.0316973
          ],
          [
            80.2364257,
            13.0315811
          ],
          [
            80.2352349,
            13.0313513
          ],
          [
            80.2343667,
            13.0311923
          ],
          [
            80.2308608,
            13.0304919
          ]
        ]
      },
      "id": "way/23161547"
    },
    {
      "type": "Feature",
      "properties": {
        "@id": "way/25380261",
        "waterway": "drain"
      },
      "geometry": {
        "type": "LineString",
        "coordinates": [
          [
            80.1718466,
            13.0854976
          ],
          [
            80.1720354,
            13.0842018
          ],
          [
            80.172928,
            13.0839175
          ],
          [
            80.173973,
            13.0805136
          ],
          [
            80.1747991,
            13.0778228
          ],
          [
            80.1770393,
            13.0759501
          ],
          [
            80.1778461,
            13.0759501
          ],
          [
            80.1778431,
            13.0748461
          ],
          [
            80.1779062,
            13.0745706
          ],
          [
            80.179022,
            13.0739185
          ],
          [
            80.1789963,
            13.0737095
          ],
          [
            80.1802032,
            13.0734625
          ],
          [
            80.1802941,
            13.0730535
          ],
          [
            80.1810734,
            13.0730323
          ],
          [
            80.1811192,
            13.0726137
          ],
          [
            80.1813475,
            13.0723637
          ],
          [
            80.1815133,
            13.0721394
          ],
          [
            80.1816618,
            13.0719842
          ]
        ]
      },
      "id": "way/25380261"
    },
    {
      "type": "Feature",
      "properties": {
        "@id": "way/25395366",
        "name": "Krishna Canal",
        "waterway": "canal"
      },
      "geometry": {
        "type": "LineString",
        "coordinates": [
          [
            79.9690825,
            13.1385235
          ],
          [
            79.9694033,
            13.138675
          ],
          [
            79.9702495,
            13.1393419
          ],
          [
            79.9758232,
            13.1427166
          ],
          [
            79.9795195,
            13.1450597
          ],
          [
            79.9804547,
            13.145719
          ],
          [
            79.9808478,
            13.1459625
          ],
          [
            79.9809392,
            13.1460251
          ],
          [
            79.9810058,
            13.1460877
          ],
          [
            79.9812129,
            13.1463469
          ],
          [
            79.981295,
            13.1464716
          ],
          [
            79.9813346,
            13.1465523
          ],
          [
            79.9813823,
            13.1466835
          ],
          [
            79.9817121,
            13.1476683
          ],
          [
            79.981912,
            13.1482819
          ],
          [
            79.9824391,
            13.1498718
          ],
          [
            79.9825835,
            13.1503279
          ],
          [
            79.9826228,
            13.1504204
          ],
          [
            79.9826809,
            13.1505152
          ],
          [
            79.9827595,
            13.1505938
          ],
          [
            79.9828664,
            13.1506684
          ],
          [
            79.9830192,
            13.1507557
          ],
          [
            79.9833442,
            13.1509245
          ],
          [
            79.9839017,
            13.1512313
          ],
          [
            79.98677,
            13.1529174
          ],
          [
            79.9939428,
            13.1572252
          ],
          [
            79.9957609,
            13.1582134
          ],
          [
            79.9966942,
            13.1587313
          ],
          [
            79.9976013,
            13.1592475
          ],
          [
            79.9981546,
            13.1595894
          ],
          [
            79.998549,
            13.1598324
          ],
          [
            79.9993812,
            13.1604113
          ],
          [
            80.0011467,
            13.1617766
          ],
          [
            80.0043224,
            13.1631556
          ],
          [
            80.0102447,
            13.1634899
          ],
          [
            80.0182296,
            13.1623643
          ],
          [
            80.0402815,
            13.1636094
          ],
          [
            80.0437857,
            13.1637425
          ],
          [
            80.0509499,
            13.1645282
          ],
          [
            80.0527792,
            13.1651431
          ],
          [
            80.0533712,
            13.1653821
          ],
          [
            80.053744,
            13.1655492
          ],
          [
            80.0539599,
            13.1656315
          ],
          [
            80.054086,
            13.1656419
          ],
          [
            80.054208,
            13.1656354
          ],
          [
            80.054432,
            13.165591
          ],
          [
            80.0546908,
            13.1654983
          ],
          [
            80.0570656,
            13.1646738
          ],
          [
            80.0590314,
            13.1640071
          ],
          [
            80.0600338,
            13.1636635
          ],
          [
            80.0607017,
            13.1634311
          ],
          [
            80.0609283,
            13.1633789
          ],
          [
            80.0610369,
            13.1633632
          ],
          [
            80.0613454,
            13.1633449
          ],
          [
            80.0616378,
            13.1633736
          ],
          [
            80.0618376,
            13.1634154
          ],
          [
            80.0644039,
            13.1641586
          ],
          [
            80.0650476,
            13.1661226
          ],
          [
            80.0650476,
            13.1673762
          ],
          [
            80.0651632,
            13.167564
          ],
          [
            80.0672759,
            13.1686281
          ],
          [
            80.0676942,
            13.1688295
          ],
          [
            80.0679596,
            13.1689078
          ],
          [
            80.0683521,
            13.1689223
          ],
          [
            80.068576,
            13.168892
          ],
          [
            80.0688174,
            13.1687823
          ],
          [
            80.0692895,
            13.1685682
          ],
          [
            80.0694826,
            13.1684898
          ],
          [
            80.0697294,
            13.1684115
          ],
          [
            80.069944,
            13.1683697
          ],
          [
            80.0701639,
            13.1683697
          ],
          [
            80.0725832,
            13.1685211
          ],
          [
            80.0731411,
            13.1685525
          ],
          [
            80.0733665,
            13.168589
          ],
          [
            80.0738868,
            13.1687614
          ],
          [
            80.0754371,
            13.1692263
          ],
          [
            80.0762686,
            13.1694875
          ],
          [
            80.0766763,
            13.1696285
          ],
          [
            80.0769713,
            13.1698113
          ],
          [
            80.078114,
            13.1710492
          ],
          [
            80.0783929,
            13.1713417
          ],
          [
            80.0786947,
            13.1715966
          ],
          [
            80.0814238,
            13.1721148
          ],
          [
            80.0819134,
            13.1722652
          ],
          [
            80.082325,
            13.172564
          ],
          [
            80.0827542,
            13.1729766
          ],
          [
            80.0829258,
            13.1732744
          ],
          [
            80.083076,
            13.1735721
          ],
          [
            80.0833443,
            13.1741571
          ],
          [
            80.0841332,
            13.1758877
          ],
          [
            80.0843854,
            13.1762192
          ],
          [
            80.0849295,
            13.1764779
          ],
          [
            80.0853735,
            13.1764846
          ],
          [
            80.0861981,
            13.1763874
          ],
          [
            80.0869867,
            13.1763247
          ],
          [
            80.0871798,
            13.176262
          ],
          [
            80.0876197,
            13.1759539
          ],
          [
            80.0880542,
            13.1756405
          ],
          [
            80.0885317,
            13.1753219
          ],
          [
            80.0891969,
            13.1749824
          ],
          [
            80.0901464,
            13.1746376
          ],
          [
            80.0906238,
            13.1745332
          ],
          [
            80.0908652,
            13.1744287
          ],
          [
            80.0921956,
            13.1736609
          ],
          [
            80.0926521,
            13.1734884
          ],
          [
            80.0930495,
            13.1732396
          ],
          [
            80.0943997,
            13.1725669
          ],
          [
            80.0948034,
            13.1723458
          ],
          [
            80.0952167,
            13.1720724
          ],
          [
            80.095652,
            13.1717499
          ],
          [
            80.0961536,
            13.1714182
          ],
          [
            80.0964406,
            13.1711479
          ],
          [
            80.0970211,
            13.1705612
          ],
          [
            80.0982091,
            13.1696703
          ],
          [
            80.0986382,
            13.1684794
          ],
          [
            80.0988791,
            13.1679197
          ],
          [
            80.0991157,
            13.1672624
          ],
          [
            80.0993946,
            13.1665572
          ],
          [
            80.0994784,
            13.166304
          ],
          [
            80.0995825,
            13.1658433
          ],
          [
            80.0996582,
            13.1654563
          ],
          [
            80.0997623,
            13.1650754
          ],
          [
            80.1004532,
            13.1638314
          ],
          [
            80.1009611,
            13.1629498
          ],
          [
            80.1017434,
            13.1615584
          ],
          [
            80.1023648,
            13.1604372
          ],
          [
            80.1024437,
            13.1600041
          ],
          [
            80.102491,
            13.1595526
          ],
          [
            80.1025289,
            13.1590089
          ],
          [
            80.1026014,
            13.1583485
          ],
          [
            80.1029295,
            13.1579399
          ],
          [
            80.1030431,
            13.1577618
          ],
          [
            80.1031061,
            13.1576297
          ],
          [
            80.1030841,
            13.1573717
          ],
          [
            80.102961,
            13.1572089
          ],
          [
            80.1029957,
            13.1570031
          ],
          [
            80.1032165,
            13.1565239
          ],
          [
            80.1034878,
            13.1560447
          ],
          [
            80.1037591,
            13.1557406
          ],
          [
            80.1041061,
            13.1554948
          ],
          [
            80.1045067,
            13.155418
          ],
          [
            80.105308,
            13.1553351
          ],
          [
            80.106573,
            13.1552491
          ],
          [
            80.107513,
            13.1551017
          ],
          [
            80.1080903,
            13.1549604
          ],
          [
            80.1088001,
            13.1547945
          ],
          [
            80.1095666,
            13.1545733
          ],
          [
            80.1099104,
            13.154389
          ],
          [
            80.1102876,
            13.1541484
          ],
          [
            80.111048,
            13.1537149
          ],
          [
            80.1137124,
            13.1529563
          ],
          [
            80.1144858,
            13.1529229
          ],
          [
            80.11499,
            13.1526617
          ],
          [
            80.1164813,
            13.1521498
          ],
          [
            80.1190241,
            13.1510841
          ],
          [
            80.1195605,
            13.1510319
          ],
          [
            80.1218751,
            13.1517402
          ],
          [
            80.1230612,
            13.1522758
          ],
          [
            80.1245394,
            13.1526776
          ],
          [
            80.1276393,
            13.1536855
          ],
          [
            80.1280899,
            13.1546362
          ],
          [
            80.1289223,
            13.1547385
          ],
          [
            80.1297959,
            13.1549096
          ],
          [
            80.1308794,
            13.1550437
          ],
          [
            80.1314368,
            13.1550497
          ],
          [
            80.1320175,
            13.1549304
          ],
          [
            80.1331362,
            13.1546658
          ],
          [
            80.1337435,
            13.1544687
          ],
          [
            80.1342375,
            13.1542497
          ],
          [
            80.1346549,
            13.1540793
          ],
          [
            80.1349358,
            13.153893
          ],
          [
            80.1355634,
            13.1535205
          ],
          [
            80.1359459,
            13.1532645
          ],
          [
            80.1363045,
            13.1531364
          ],
          [
            80.1370696,
            13.1528745
          ],
          [
            80.1400342,
            13.1519142
          ],
          [
            80.1447201,
            13.1503951
          ],
          [
            80.1494599,
            13.1488178
          ],
          [
            80.1524305,
            13.14784
          ]
        ]
      },
      "id": "way/25395366"
    },
    {
      "type": "Feature",
      "properties": {
        "@id": "way/25395844",
        "name": "Kosasthalaiyar River",
        "waterway": "river",
        "wikidata": "Q6433004",
        "wikipedia": "en:Kosasthalaiyar River"
      },
      "geometry": {
        "type": "LineString",
        "coordinates": [
          [
            79.9877142,
            13.2227377
          ],
          [
            79.9922632,
            13.2221111
          ],
          [
            79.9963831,
            13.2232809
          ],
          [
            80.0013613,
            13.2289625
          ],
          [
            80.0074552,
            13.228879
          ],
          [
            80.0131201,
            13.2307171
          ],
          [
            80.0165962,
            13.2321793
          ],
          [
            80.0245394,
            13.2316773
          ],
          [
            80.0305008,
            13.2296309
          ],
          [
            80.0356935,
            13.2279599
          ],
          [
            80.0383252,
            13.228333
          ],
          [
            80.0401138,
            13.2285865
          ],
          [
            80.0453495,
            13.2308007
          ],
          [
            80.0468086,
            13.2343516
          ],
          [
            80.0452207,
            13.2382785
          ],
          [
            80.044577,
            13.2405343
          ],
          [
            80.0451116,
            13.2433553
          ],
          [
            80.047647,
            13.2444888
          ],
          [
            80.0502379,
            13.243439
          ],
          [
            80.0528168,
            13.2403255
          ],
          [
            80.053586,
            13.2383738
          ],
          [
            80.0555444,
            13.2373278
          ],
          [
            80.0596403,
            13.2366493
          ],
          [
            80.0640177,
            13.2364404
          ],
          [
            80.0670646,
            13.2349365
          ],
          [
            80.0717853,
            13.2329313
          ],
          [
            80.075991,
            13.2323046
          ],
          [
            80.0801538,
            13.2323882
          ],
          [
            80.0834583,
            13.2329313
          ],
          [
            80.0840599,
            13.2330464
          ],
          [
            80.0848204,
            13.2329705
          ],
          [
            80.0862478,
            13.2327642
          ],
          [
            80.0869948,
            13.2324992
          ],
          [
            80.0872805,
            13.2322759
          ],
          [
            80.0885599,
            13.2312446
          ],
          [
            80.0909293,
            13.2282272
          ],
          [
            80.0918198,
            13.2278971
          ],
          [
            80.0926891,
            13.2266219
          ],
          [
            80.0954317,
            13.2263306
          ],
          [
            80.0977491,
            13.2267484
          ],
          [
            80.0995516,
            13.2286283
          ],
          [
            80.1015686,
            13.2310931
          ],
          [
            80.1041006,
            13.2335579
          ],
          [
            80.1068472,
            13.2341428
          ],
          [
            80.1118254,
            13.2333908
          ],
          [
            80.1132837,
            13.2333286
          ]
        ]
      },
      "id": "way/25395844"
    },
    {
      "type": "Feature",
      "properties": {
        "@id": "way/25450421",
        "waterway": "river"
      },
      "geometry": {
        "type": "LineString",
        "coordinates": [
          [
            80.2777761,
            13.2117722
          ],
          [
            80.2786235,
            13.2112618
          ],
          [
            80.2800397,
            13.2107186
          ],
          [
            80.2820138,
            13.2092146
          ],
          [
            80.2828292,
            13.2085879
          ],
          [
            80.2842884,
            13.208379
          ],
          [
            80.28549,
            13.2087132
          ],
          [
            80.2865199,
            13.2084625
          ],
          [
            80.2875499,
            13.2073763
          ],
          [
            80.2877216,
            13.2059975
          ],
          [
            80.288537,
            13.2050783
          ],
          [
            80.2892121,
            13.2045897
          ],
          [
            80.2899588,
            13.2045563
          ],
          [
            80.2905969,
            13.2050783
          ],
          [
            80.2916698,
            13.2053708
          ],
          [
            80.2939872,
            13.2049112
          ],
          [
            80.2944703,
            13.2047569
          ],
          [
            80.2993946,
            13.204953
          ],
          [
            80.3008537,
            13.2052037
          ],
          [
            80.3017549,
            13.2047023
          ],
          [
            80.3025703,
            13.2035324
          ],
          [
            80.3035144,
            13.2030729
          ],
          [
            80.3049735,
            13.20324
          ],
          [
            80.3075622,
            13.2034775
          ]
        ]
      },
      "id": "way/25450421"
    },
    {
      "type": "Feature",
      "properties": {
        "@id": "way/25450426",
        "waterway": "river"
      },
      "geometry": {
        "type": "LineString",
        "coordinates": [
          [
            80.254948,
            13.2484296
          ],
          [
            80.255177,
            13.2471452
          ],
          [
            80.2545676,
            13.244363
          ],
          [
            80.2531857,
            13.2434273
          ],
          [
            80.251924,
            13.2418315
          ],
          [
            80.2519731,
            13.2407146
          ],
          [
            80.2528314,
            13.2394613
          ],
          [
            80.254033,
            13.2390018
          ],
          [
            80.2552776,
            13.2390018
          ],
          [
            80.2561788,
            13.2382499
          ],
          [
            80.2565221,
            13.2364953
          ],
          [
            80.2568225,
            13.235075
          ],
          [
            80.2581958,
            13.2343648
          ],
          [
            80.2599983,
            13.2344066
          ],
          [
            80.2612428,
            13.2337799
          ],
          [
            80.2627878,
            13.2323595
          ],
          [
            80.2637748,
            13.2309809
          ],
          [
            80.2639894,
            13.2290592
          ],
          [
            80.2642064,
            13.2271516
          ],
          [
            80.2652449,
            13.2255975
          ],
          [
            80.2664122,
            13.2248455
          ],
          [
            80.2671418,
            13.2226564
          ],
          [
            80.2702403,
            13.2203084
          ]
        ]
      },
      "id": "way/25450426"
    },
    {
      "type": "Feature",
      "properties": {
        "@id": "way/25450980",
        "waterway": "canal"
      },
      "geometry": {
        "type": "LineString",
        "coordinates": [
          [
            80.0245394,
            13.2316773
          ],
          [
            80.025784,
            13.227625
          ],
          [
            80.0294489,
            13.2238818
          ],
          [
            80.030299,
            13.2230299
          ],
          [
            80.0326504,
            13.2206733
          ],
          [
            80.0334744,
            13.2202304
          ],
          [
            80.0341954,
            13.2202555
          ],
          [
            80.0358948,
            13.2205897
          ],
          [
            80.0370278,
            13.2206148
          ],
          [
            80.0411734,
            13.2194199
          ],
          [
            80.0446238,
            13.2181081
          ],
          [
            80.0547518,
            13.2147992
          ],
          [
            80.0568118,
            13.2141725
          ],
          [
            80.0584425,
            13.2143229
          ],
          [
            80.0686135,
            13.2159941
          ],
          [
            80.0695834,
            13.2160108
          ],
          [
            80.077454,
            13.2157184
          ],
          [
            80.0824065,
            13.2150499
          ],
          [
            80.0831275,
            13.2150081
          ],
          [
            80.0863719,
            13.2156181
          ],
          [
            80.0882056,
            13.2165668
          ],
          [
            80.0893759,
            13.2171722
          ],
          [
            80.0914521,
            13.2185417
          ]
        ]
      },
      "id": "way/25450980"
    },
    {
      "type": "Feature",
      "properties": {
        "@id": "way/25450988",
        "waterway": "drain"
      },
      "geometry": {
        "type": "LineString",
        "coordinates": [
          [
            80.1544156,
            13.2216348
          ],
          [
            80.1545084,
            13.2215979
          ],
          [
            80.1546765,
            13.2215083
          ],
          [
            80.1549935,
            13.2212582
          ],
          [
            80.1552383,
            13.2207507
          ],
          [
            80.155723,
            13.2197458
          ],
          [
            80.1564454,
            13.2181
          ],
          [
            80.1572018,
            13.2164184
          ],
          [
            80.1573681,
            13.2161469
          ],
          [
            80.1575942,
            13.2159022
          ],
          [
            80.1608901,
            13.21261
          ],
          [
            80.1616918,
            13.2118332
          ],
          [
            80.1625769,
            13.211055
          ],
          [
            80.1643147,
            13.2095099
          ],
          [
            80.1678423,
            13.2063179
          ],
          [
            80.1683061,
            13.2058795
          ],
          [
            80.1687299,
            13.2053625
          ],
          [
            80.1690947,
            13.2047671
          ],
          [
            80.1694165,
            13.2041352
          ],
          [
            80.1696365,
            13.203451
          ],
          [
            80.169733,
            13.203122
          ],
          [
            80.1698079,
            13.2027833
          ],
          [
            80.1701083,
            13.2014296
          ],
          [
            80.1703607,
            13.2006413
          ],
          [
            80.1704894,
            13.20026
          ],
          [
            80.1706665,
            13.1998631
          ],
          [
            80.1709508,
            13.1992781
          ],
          [
            80.1712941,
            13.1986775
          ],
          [
            80.172029,
            13.1975442
          ],
          [
            80.1735844,
            13.1951289
          ],
          [
            80.174683,
            13.193257
          ]
        ]
      },
      "id": "way/25450988"
    },
    {
      "type": "Feature",
      "properties": {
        "@id": "way/25451695",
        "waterway": "canal"
      },
      "geometry": {
        "type": "LineString",
        "coordinates": [
          [
            80.0053724,
            13.220497
          ],
          [
            80.0077481,
            13.2203614
          ],
          [
            80.0079934,
            13.2203192
          ],
          [
            80.0143256,
            13.2193614
          ],
          [
            80.0153985,
            13.2198377
          ],
          [
            80.0235781,
            13.2213166
          ],
          [
            80.026153,
            13.2216759
          ],
          [
            80.0284276,
            13.2228791
          ],
          [
            80.0296721,
            13.2231799
          ],
          [
            80.0300583,
            13.2228206
          ],
          [
            80.030299,
            13.2230299
          ]
        ]
      },
      "id": "way/25451695"
    },
    {
      "type": "Feature",
      "properties": {
        "@id": "way/25454253",
        "waterway": "stream"
      },
      "geometry": {
        "type": "LineString",
        "coordinates": [
          [
            80.0351845,
            13.0515308
          ],
          [
            80.0349857,
            13.0509371
          ],
          [
            80.035329,
            13.0488635
          ],
          [
            80.0361787,
            13.0471243
          ],
          [
            80.0360071,
            13.0468484
          ],
          [
            80.0364963,
            13.0459788
          ],
          [
            80.0378696,
            13.045176
          ],
          [
            80.0381528,
            13.0439051
          ],
          [
            80.0387107,
            13.0426927
          ],
          [
            80.0386421,
            13.0419736
          ],
          [
            80.0388309,
            13.0415387
          ],
          [
            80.0393115,
            13.0413297
          ],
          [
            80.0398609,
            13.0409534
          ],
          [
            80.0408737,
            13.0407862
          ],
          [
            80.0414058,
            13.0409701
          ],
          [
            80.0424186,
            13.0408865
          ],
          [
            80.0432082,
            13.0412461
          ],
          [
            80.0455686,
            13.0413548
          ],
          [
            80.0467559,
            13.0404546
          ],
          [
            80.0472648,
            13.0397445
          ]
        ]
      },
      "id": "way/25454253"
    },
    {
      "type": "Feature",
      "properties": {
        "@id": "way/25460072",
        "intermittent": "no",
        "name": "Reddikuppam Canal",
        "waterway": "canal",
        "width": "7"
      },
      "geometry": {
        "type": "LineString",
        "coordinates": [
          [
            80.2242551,
            13.0269264
          ],
          [
            80.2245087,
            13.0268128
          ],
          [
            80.2250865,
            13.0265891
          ],
          [
            80.2252297,
            13.026194
          ],
          [
            80.2255821,
            13.026183
          ],
          [
            80.2261395,
            13.0262441
          ],
          [
            80.2270433,
            13.026216
          ],
          [
            80.2278132,
            13.0260769
          ],
          [
            80.2281969,
            13.0260653
          ]
        ]
      },
      "id": "way/25460072"
    },
    {
      "type": "Feature",
      "properties": {
        "@id": "way/25460321",
        "name": "Maruthur Gopalan Ramachandran Nagar Canal",
        "waterway": "canal"
      },
      "geometry": {
        "type": "LineString",
        "coordinates": [
          [
            80.2046243,
            13.0400366
          ],
          [
            80.204267,
            13.0379543
          ],
          [
            80.2038922,
            13.0354842
          ],
          [
            80.2031111,
            13.0340459
          ],
          [
            80.2028217,
            13.0330789
          ],
          [
            80.2028037,
            13.0329883
          ],
          [
            80.2025084,
            13.0323766
          ],
          [
            80.2025017,
            13.0323652
          ],
          [
            80.202124,
            13.0322147
          ],
          [
            80.2019981,
            13.032074
          ],
          [
            80.2018322,
            13.0318886
          ],
          [
            80.2011885,
            13.0319471
          ],
          [
            80.2010082,
            13.0317882
          ],
          [
            80.2007233,
            13.0317766
          ],
          [
            80.1999783,
            13.0317464
          ],
          [
            80.1997294,
            13.031922
          ],
          [
            80.1994976,
            13.0319387
          ],
          [
            80.1988196,
            13.03183
          ],
          [
            80.1986741,
            13.0315986
          ],
          [
            80.1984781,
            13.0314674
          ],
          [
            80.1980626,
            13.0315386
          ],
          [
            80.1975665,
            13.0314184
          ],
          [
            80.197447,
            13.0313032
          ],
          [
            80.1972448,
            13.0309045
          ],
          [
            80.197389,
            13.0303845
          ],
          [
            80.1972405,
            13.0297221
          ],
          [
            80.1972181,
            13.0288927
          ]
        ]
      },
      "id": "way/25460321"
    },
    {
      "type": "Feature",
      "properties": {
        "@id": "way/25460451",
        "waterway": "drain"
      },
      "geometry": {
        "type": "LineString",
        "coordinates": [
          [
            80.1648662,
            13.0255712
          ],
          [
            80.1663934,
            13.0255894
          ],
          [
            80.1668171,
            13.0256006
          ],
          [
            80.1677746,
            13.0255765
          ],
          [
            80.1705727,
            13.0248727
          ],
          [
            80.171637,
            13.0251654
          ],
          [
            80.1719116,
            13.0248142
          ],
          [
            80.1719803,
            13.0243626
          ],
          [
            80.1727007,
            13.0245336
          ],
          [
            80.1740231,
            13.0248476
          ],
          [
            80.1747955,
            13.024764
          ],
          [
            80.175156,
            13.0240783
          ],
          [
            80.1752566,
            13.0239543
          ],
          [
            80.176234,
            13.0235673
          ],
          [
            80.1769045,
            13.0236376
          ],
          [
            80.1769101,
            13.0236355
          ]
        ]
      },
      "id": "way/25460451"
    },
    {
      "type": "Feature",
      "properties": {
        "@id": "way/25469646",
        "layer": "-1",
        "waterway": "drain"
      },
      "geometry": {
        "type": "LineString",
        "coordinates": [
          [
            80.0571732,
            13.1648218
          ],
          [
            80.0572611,
            13.1649167
          ],
          [
            80.0574616,
            13.1650308
          ],
          [
            80.0575,
            13.1650431
          ],
          [
            80.0576694,
            13.1650974
          ],
          [
            80.0579832,
            13.1651574
          ],
          [
            80.0584124,
            13.1651849
          ],
          [
            80.0586981,
            13.1651823
          ],
          [
            80.0593418,
            13.1652058
          ],
          [
            80.0598299,
            13.1652528
          ],
          [
            80.0600982,
            13.1653377
          ],
          [
            80.0602457,
            13.1654095
          ],
          [
            80.0609136,
            13.1662439
          ],
          [
            80.0614715,
            13.1671946
          ],
          [
            80.0619995,
            13.1679959
          ],
          [
            80.0622827,
            13.1690155
          ],
          [
            80.0629007,
            13.1698345
          ],
          [
            80.0638448,
            13.1700852
          ],
          [
            80.0643426,
            13.1706201
          ],
          [
            80.0647031,
            13.1712553
          ],
          [
            80.0651151,
            13.1721495
          ],
          [
            80.0653898,
            13.173027
          ],
          [
            80.0651151,
            13.1736287
          ],
          [
            80.064789,
            13.1742388
          ],
          [
            80.0647632,
            13.1750745
          ],
          [
            80.0645744,
            13.1753921
          ],
          [
            80.0644456,
            13.1755759
          ],
          [
            80.064746,
            13.1760606
          ],
          [
            80.0659048,
            13.1774981
          ],
          [
            80.0661566,
            13.1783479
          ],
          [
            80.0664798,
            13.1784983
          ],
          [
            80.067278,
            13.1785009
          ],
          [
            80.0679389,
            13.178643
          ],
          [
            80.0681106,
            13.1790859
          ],
          [
            80.0686857,
            13.179228
          ],
          [
            80.0686256,
            13.1786095
          ],
          [
            80.068823,
            13.1783756
          ],
          [
            80.0691406,
            13.1785845
          ],
          [
            80.069338,
            13.1789605
          ],
          [
            80.0703079,
            13.1799216
          ],
          [
            80.0708229,
            13.1801974
          ],
          [
            80.0716554,
            13.1804648
          ],
          [
            80.0725137,
            13.1807155
          ],
          [
            80.0736295,
            13.1815512
          ],
          [
            80.0746337,
            13.182554
          ],
          [
            80.0755178,
            13.1835151
          ],
          [
            80.0757753,
            13.184451
          ],
          [
            80.076007,
            13.1858132
          ],
          [
            80.0756637,
            13.1860388
          ],
          [
            80.0760585,
            13.1863982
          ],
          [
            80.0773803,
            13.1874595
          ],
          [
            80.078024,
            13.1885124
          ],
          [
            80.0786678,
            13.1888467
          ],
          [
            80.0797836,
            13.1889637
          ],
          [
            80.0802728,
            13.1891141
          ],
          [
            80.0810453,
            13.1904345
          ],
          [
            80.0816976,
            13.1911197
          ],
          [
            80.0821439,
            13.1923732
          ],
          [
            80.0826847,
            13.1927492
          ],
          [
            80.0839721,
            13.1929999
          ],
          [
            80.0853197,
            13.1936267
          ],
          [
            80.0858518,
            13.1953648
          ],
          [
            80.08556,
            13.1961169
          ],
          [
            80.0854913,
            13.1968188
          ],
          [
            80.0851308,
            13.1973453
          ],
          [
            80.0852167,
            13.1981224
          ],
          [
            80.0844184,
            13.2003285
          ],
          [
            80.0847017,
            13.201231
          ],
          [
            80.0854908,
            13.2031461
          ],
          [
            80.0858202,
            13.2043222
          ],
          [
            80.0854773,
            13.2045086
          ],
          [
            80.0851737,
            13.2057266
          ],
          [
            80.0844013,
            13.2062865
          ],
          [
            80.0842296,
            13.2072892
          ],
          [
            80.0845729,
            13.2077905
          ],
          [
            80.0851909,
            13.2083504
          ],
          [
            80.0848733,
            13.2089186
          ],
          [
            80.0844699,
            13.2092696
          ],
          [
            80.0844614,
            13.209938
          ],
          [
            80.085045,
            13.210406
          ],
          [
            80.0855171,
            13.2112583
          ],
          [
            80.086547,
            13.214751
          ],
          [
            80.0871049,
            13.215503
          ],
          [
            80.0877487,
            13.2160378
          ],
          [
            80.0882056,
            13.2165668
          ]
        ]
      },
      "id": "way/25469646"
    },
    {
      "type": "Feature",
      "properties": {
        "@id": "way/25474392",
        "intermittent": "yes",
        "waterway": "stream"
      },
      "geometry": {
        "type": "LineString",
        "coordinates": [
          [
            80.1543536,
            13.2451517
          ],
          [
            80.1545252,
            13.2480424
          ],
          [
            80.1539287,
            13.2518974
          ]
        ]
      },
      "id": "way/25474392"
    },
    {
      "type": "Feature",
      "properties": {
        "@id": "way/25474535",
        "name": "Captain Cotton Canal",
        "waterway": "drain"
      },
      "geometry": {
        "type": "LineString",
        "coordinates": [
          [
            80.2733993,
            13.1248075
          ],
          [
            80.2727277,
            13.1249293
          ],
          [
            80.2721791,
            13.1251537
          ],
          [
            80.2717536,
            13.1255558
          ],
          [
            80.2710404,
            13.1262681
          ],
          [
            80.2688794,
            13.126864
          ],
          [
            80.2667059,
            13.1274634
          ],
          [
            80.2650923,
            13.1275052
          ],
          [
            80.2584662,
            13.1264771
          ],
          [
            80.2497286,
            13.1249976
          ],
          [
            80.249454,
            13.1248304
          ],
          [
            80.2490688,
            13.1234468
          ],
          [
            80.2487739,
            13.1229552
          ],
          [
            80.2488536,
            13.1227079
          ],
          [
            80.2491572,
            13.1224665
          ]
        ]
      },
      "id": "way/25474535"
    },
    {
      "type": "Feature",
      "properties": {
        "@id": "way/25474766",
        "layer": "-1",
        "name": "Kodungaiyur Canal",
        "waterway": "drain"
      },
      "geometry": {
        "type": "LineString",
        "coordinates": [
          [
            80.2536768,
            13.1356131
          ],
          [
            80.2541575,
            13.1355713
          ],
          [
            80.2545866,
            13.1357719
          ],
          [
            80.2550542,
            13.1363748
          ],
          [
            80.2554113,
            13.1366713
          ],
          [
            80.2554375,
            13.1366854
          ],
          [
            80.2555112,
            13.1366942
          ],
          [
            80.2557635,
            13.1366904
          ],
          [
            80.2567496,
            13.1366495
          ],
          [
            80.2573773,
            13.1365653
          ],
          [
            80.2579178,
            13.1364263
          ],
          [
            80.2583429,
            13.1363277
          ],
          [
            80.2590327,
            13.1361062
          ],
          [
            80.2600884,
            13.1356047
          ],
          [
            80.2625088,
            13.1338076
          ],
          [
            80.2667832,
            13.1305896
          ],
          [
            80.2677874,
            13.1305645
          ],
          [
            80.2716266,
            13.1308173
          ],
          [
            80.2741045,
            13.1309406
          ],
          [
            80.2749272,
            13.1308062
          ]
        ]
      },
      "id": "way/25474766"
    },
    {
      "type": "Feature",
      "properties": {
        "@id": "way/25474770",
        "created_by": "Potlatch 0.10e",
        "layer": "-1",
        "name": "Link Canal",
        "waterway": "drain"
      },
      "geometry": {
        "type": "LineString",
        "coordinates": [
          [
            80.2716266,
            13.1308173
          ],
          [
            80.2700056,
            13.1282467
          ],
          [
            80.2688794,
            13.126864
          ]
        ]
      },
      "id": "way/25474770"
    },
    {
      "type": "Feature",
      "properties": {
        "@id": "way/25650075",
        "waterway": "drain"
      },
      "geometry": {
        "type": "LineString",
        "coordinates": [
          [
            80.0922852,
            13.0027542
          ],
          [
            80.092466,
            13.0025876
          ],
          [
            80.0927149,
            13.0026963
          ],
          [
            80.0930411,
            13.0019436
          ],
          [
            80.0930411,
            13.0016261
          ],
          [
            80.0929983,
            13.001397
          ],
          [
            80.0929701,
            13.0012517
          ],
          [
            80.093035,
            13.0009637
          ],
          [
            80.0930494,
            13.0005757
          ],
          [
            80.0930272,
            13.0004433
          ],
          [
            80.0930568,
            13.0003309
          ],
          [
            80.0931269,
            13.000179
          ],
          [
            80.0936844,
            12.9999827
          ],
          [
            80.0938047,
            12.9996879
          ],
          [
            80.0938987,
            12.999501
          ],
          [
            80.0941712,
            12.9991834
          ],
          [
            80.0943535,
            12.9986767
          ],
          [
            80.0944966,
            12.9981675
          ],
          [
            80.0946289,
            12.9972603
          ],
          [
            80.0946569,
            12.9969257
          ],
          [
            80.0944732,
            12.996638
          ]
        ]
      },
      "id": "way/25650075"
    },
    {
      "type": "Feature",
      "properties": {
        "@id": "way/26072329",
        "waterway": "drain"
      },
      "geometry": {
        "type": "LineString",
        "coordinates": [
          [
            80.2406421,
            13.1767993
          ],
          [
            80.2424875,
            13.1786379
          ],
          [
            80.2453199,
            13.1798496
          ],
          [
            80.248324,
            13.1818135
          ],
          [
            80.2494691,
            13.1819979
          ],
          [
            80.2502296,
            13.1811248
          ],
          [
            80.2512422,
            13.1808525
          ],
          [
            80.2547008,
            13.1809297
          ],
          [
            80.2559482,
            13.1800852
          ],
          [
            80.2566647,
            13.1791719
          ],
          [
            80.2581516,
            13.1780947
          ],
          [
            80.2595249,
            13.1783036
          ],
          [
            80.2608124,
            13.1793482
          ],
          [
            80.2614561,
            13.1804764
          ],
          [
            80.2638593,
            13.1807271
          ],
          [
            80.2696179,
            13.1805508
          ],
          [
            80.2702743,
            13.180595
          ],
          [
            80.2723051,
            13.1808704
          ],
          [
            80.2730441,
            13.1805464
          ],
          [
            80.2737432,
            13.1805577
          ],
          [
            80.2742676,
            13.1806825
          ],
          [
            80.2747804,
            13.1806031
          ],
          [
            80.2759399,
            13.1802008
          ],
          [
            80.2764378,
            13.1803345
          ],
          [
            80.2772961,
            13.180836
          ],
          [
            80.277854,
            13.1810783
          ],
          [
            80.2784033,
            13.1810198
          ],
          [
            80.2787809,
            13.1807357
          ],
          [
            80.278944,
            13.1804265
          ],
          [
            80.2791243,
            13.180017
          ],
          [
            80.2793947,
            13.1800168
          ],
          [
            80.2795019,
            13.180159
          ],
          [
            80.2796907,
            13.1808861
          ],
          [
            80.2799568,
            13.1811452
          ],
          [
            80.280489,
            13.181095
          ],
          [
            80.280768,
            13.1807689
          ],
          [
            80.2809095,
            13.1804098
          ],
          [
            80.2809397,
            13.1798496
          ],
          [
            80.2812185,
            13.1792565
          ],
          [
            80.2818838,
            13.1785961
          ],
          [
            80.2824716,
            13.1783038
          ],
          [
            80.2849951,
            13.1764903
          ],
          [
            80.2864027,
            13.1761727
          ],
          [
            80.2873554,
            13.1763566
          ],
          [
            80.2881494,
            13.1776768
          ],
          [
            80.2897758,
            13.1777522
          ],
          [
            80.290896,
            13.1783036
          ],
          [
            80.2921448,
            13.1801089
          ],
          [
            80.2939001,
            13.1813539
          ],
          [
            80.2944151,
            13.1825656
          ],
          [
            80.2953592,
            13.1839027
          ],
          [
            80.2967476,
            13.1850097
          ]
        ]
      },
      "id": "way/26072329"
    },
    {
      "type": "Feature",
      "properties": {
        "@id": "way/26188336",
        "name": "Joins with Chembarampakkam Surplus",
        "waterway": "stream"
      },
      "geometry": {
        "type": "LineString",
        "coordinates": [
          [
            79.9990291,
            12.9317532
          ],
          [
            79.9996709,
            12.9317817
          ],
          [
            80.000203,
            12.9324175
          ],
          [
            80.0024775,
            12.9328692
          ],
          [
            80.0037392,
            12.9339149
          ],
          [
            80.0050524,
            12.9345674
          ],
          [
            80.0059966,
            12.9350442
          ],
          [
            80.0075673,
            12.936115
          ],
          [
            80.008829,
            12.9363492
          ],
          [
            80.0130004,
            12.9364496
          ],
          [
            80.0144938,
            12.936826
          ],
          [
            80.0156525,
            12.9370519
          ],
          [
            80.0172232,
            12.9353788
          ],
          [
            80.0188283,
            12.9354876
          ],
          [
            80.0200358,
            12.9353888
          ],
          [
            80.0201586,
            12.9353788
          ],
          [
            80.0212916,
            12.9355712
          ],
          [
            80.0222872,
            12.9365249
          ],
          [
            80.0248364,
            12.9360229
          ],
          [
            80.0256947,
            12.9363826
          ],
          [
            80.026081,
            12.9375538
          ],
          [
            80.0267676,
            12.9380557
          ],
          [
            80.0287245,
            12.938315
          ],
          [
            80.0301407,
            12.9365165
          ],
          [
            80.0309561,
            12.9358724
          ],
          [
            80.0315398,
            12.935956
          ],
          [
            80.0326213,
            12.9355712
          ],
          [
            80.0346469,
            12.933781
          ],
          [
            80.0354794,
            12.9336137
          ],
          [
            80.0376853,
            12.9349689
          ],
          [
            80.0383376,
            12.934902
          ],
          [
            80.0391959,
            12.9341993
          ],
          [
            80.0424918,
            12.9329947
          ],
          [
            80.0442942,
            12.9330114
          ],
          [
            80.0457791,
            12.9325932
          ],
          [
            80.0464458,
            12.931717
          ],
          [
            80.0476146,
            12.9307914
          ],
          [
            80.0484828,
            12.9301923
          ],
          [
            80.0498165,
            12.930143
          ],
          [
            80.0507858,
            12.9301245
          ],
          [
            80.0512293,
            12.9301923
          ],
          [
            80.0515144,
            12.9303591
          ],
          [
            80.051916,
            12.930803
          ],
          [
            80.0523379,
            12.9308284
          ],
          [
            80.0525407,
            12.9307543
          ],
          [
            80.0529145,
            12.930248
          ],
          [
            80.0532312,
            12.9297664
          ],
          [
            80.053662,
            12.9290748
          ],
          [
            80.0540188,
            12.9287702
          ],
          [
            80.0541245,
            12.9287228
          ],
          [
            80.0547454,
            12.9288834
          ],
          [
            80.0550621,
            12.928834
          ],
          [
            80.0558984,
            12.9291119
          ],
          [
            80.0566367,
            12.9289626
          ],
          [
            80.0567883,
            12.9289027
          ],
          [
            80.0572444,
            12.9292731
          ],
          [
            80.0573015,
            12.9294522
          ],
          [
            80.0573521,
            12.9296127
          ],
          [
            80.0575232,
            12.9296621
          ],
          [
            80.0577766,
            12.9296374
          ],
          [
            80.0581124,
            12.9294831
          ],
          [
            80.0584038,
            12.9294522
          ],
          [
            80.0588254,
            12.9295733
          ],
          [
            80.05905,
            12.9296683
          ],
          [
            80.0598419,
            12.9294645
          ],
          [
            80.060542,
            12.9291299
          ],
          [
            80.0611027,
            12.9287483
          ],
          [
            80.0613624,
            12.9287051
          ],
          [
            80.0623015,
            12.9288455
          ],
          [
            80.0628005,
            12.9288347
          ],
          [
            80.0632113,
            12.9285945
          ],
          [
            80.063225,
            12.9280691
          ],
          [
            80.0630856,
            12.9275998
          ],
          [
            80.0633143,
            12.927256
          ],
          [
            80.0635481,
            12.9271922
          ],
          [
            80.0640866,
            12.9272849
          ],
          [
            80.0644857,
            12.9270687
          ],
          [
            80.0647734,
            12.926729
          ],
          [
            80.0649862,
            12.9264698
          ],
          [
            80.0650052,
            12.926087
          ],
          [
            80.0651597,
            12.9258339
          ],
          [
            80.06536,
            12.9257412
          ],
          [
            80.0658858,
            12.9257659
          ],
          [
            80.0661899,
            12.9257041
          ],
          [
            80.066361,
            12.9255498
          ],
          [
            80.066387,
            12.9252817
          ],
          [
            80.0663241,
            12.9249685
          ],
          [
            80.0662126,
            12.924766
          ],
          [
            80.0658741,
            12.9246011
          ],
          [
            80.0656895,
            12.9243312
          ],
          [
            80.0657347,
            12.924052
          ],
          [
            80.066191,
            12.9236607
          ],
          [
            80.0665169,
            12.9231927
          ],
          [
            80.0671001,
            12.9223142
          ],
          [
            80.0670559,
            12.9220214
          ],
          [
            80.0671707,
            12.9219697
          ],
          [
            80.0672238,
            12.9215391
          ]
        ]
      },
      "id": "way/26188336"
    },
    {
      "type": "Feature",
      "properties": {
        "@id": "way/26776322",
        "layer": "-1",
        "waterway": "drain"
      },
      "geometry": {
        "type": "LineString",
        "coordinates": [
          [
            80.2311931,
            13.1283575
          ],
          [
            80.2299298,
            13.1275912
          ],
          [
            80.2294682,
            13.1276136
          ],
          [
            80.2271794,
            13.1277093
          ],
          [
            80.2271809,
            13.1278341
          ],
          [
            80.2272939,
            13.1292185
          ],
          [
            80.2272867,
            13.1292762
          ],
          [
            80.2272126,
            13.1292874
          ],
          [
            80.2271433,
            13.1292869
          ],
          [
            80.2250136,
            13.1293021
          ],
          [
            80.223992,
            13.1295557
          ],
          [
            80.2239558,
            13.1295751
          ],
          [
            80.2232745,
            13.1298666
          ],
          [
            80.222435,
            13.1299787
          ],
          [
            80.2220198,
            13.1300341
          ],
          [
            80.2215975,
            13.1300711
          ],
          [
            80.2209967,
            13.1303219
          ],
          [
            80.2181729,
            13.1303469
          ],
          [
            80.2174862,
            13.1304807
          ],
          [
            80.2168664,
            13.1307823
          ],
          [
            80.2162245,
            13.1308484
          ],
          [
            80.2151253,
            13.1308893
          ],
          [
            80.214676,
            13.1308519
          ],
          [
            80.2145225,
            13.130744
          ],
          [
            80.2142857,
            13.1304035
          ],
          [
            80.2142455,
            13.1304297
          ]
        ]
      },
      "id": "way/26776322"
    },
    {
      "type": "Feature",
      "properties": {
        "@id": "way/26807593",
        "waterway": "canal"
      },
      "geometry": {
        "type": "LineString",
        "coordinates": [
          [
            80.0261414,
            13.0791021
          ],
          [
            80.0280522,
            13.0780355
          ],
          [
            80.029022,
            13.0770323
          ],
          [
            80.0296658,
            13.0756612
          ],
          [
            80.0301979,
            13.0747749
          ],
          [
            80.0311678,
            13.0742148
          ],
          [
            80.032481,
            13.0735209
          ],
          [
            80.0336311,
            13.0723755
          ],
          [
            80.0345581,
            13.0709959
          ],
          [
            80.035013,
            13.070093
          ],
          [
            80.0365923,
            13.0686967
          ],
          [
            80.0372189,
            13.0681951
          ],
          [
            80.0380772,
            13.0669661
          ],
          [
            80.0388067,
            13.0663306
          ],
          [
            80.0394378,
            13.0660226
          ],
          [
            80.0402487,
            13.0657955
          ],
          [
            80.0418366,
            13.0652437
          ],
          [
            80.0433386,
            13.0644578
          ],
          [
            80.0439282,
            13.0641318
          ],
          [
            80.0447543,
            13.0635361
          ],
          [
            80.0461796,
            13.0622338
          ],
          [
            80.046428,
            13.0619005
          ],
          [
            80.0465229,
            13.0615649
          ],
          [
            80.0466318,
            13.0611794
          ],
          [
            80.0466479,
            13.0607247
          ],
          [
            80.0464924,
            13.059805
          ],
          [
            80.0466855,
            13.0581851
          ],
          [
            80.0468119,
            13.0578292
          ],
          [
            80.0473469,
            13.0563225
          ],
          [
            80.048806,
            13.0525014
          ],
          [
            80.049321,
            13.0500097
          ],
          [
            80.0502051,
            13.0476267
          ],
          [
            80.0508831,
            13.0454109
          ]
        ]
      },
      "id": "way/26807593"
    },
    {
      "type": "Feature",
      "properties": {
        "@id": "way/27618345",
        "layer": "-1",
        "waterway": "drain"
      },
      "geometry": {
        "type": "LineString",
        "coordinates": [
          [
            80.2806748,
            13.0809565
          ],
          [
            80.2806455,
            13.0807095
          ],
          [
            80.280664,
            13.0801389
          ],
          [
            80.2806969,
            13.0798502
          ],
          [
            80.2807748,
            13.0794706
          ]
        ]
      },
      "id": "way/27618345"
    },
    {
      "type": "Feature",
      "properties": {
        "@id": "way/27708784",
        "layer": "-1",
        "name": "Jawahar Canal",
        "waterway": "drain"
      },
      "geometry": {
        "type": "LineString",
        "coordinates": [
          [
            80.2333865,
            13.1232756
          ],
          [
            80.2336783,
            13.1230249
          ],
          [
            80.2401156,
            13.1232171
          ],
          [
            80.2420261,
            13.1235003
          ]
        ]
      },
      "id": "way/27708784"
    },
    {
      "type": "Feature",
      "properties": {
        "@id": "way/27708793",
        "layer": "-1",
        "name": "Vyasarpadi Canal",
        "waterway": "drain"
      },
      "geometry": {
        "type": "LineString",
        "coordinates": [
          [
            80.2514231,
            13.1214383
          ],
          [
            80.2525303,
            13.1212126
          ],
          [
            80.2535088,
            13.1209535
          ],
          [
            80.2540667,
            13.1204519
          ],
          [
            80.2543328,
            13.1199253
          ],
          [
            80.2547019,
            13.1195074
          ],
          [
            80.255131,
            13.1193485
          ],
          [
            80.2569602,
            13.1184416
          ]
        ]
      },
      "id": "way/27708793"
    },
    {
      "type": "Feature",
      "properties": {
        "@id": "way/27708880",
        "name": "Otteri Nullah",
        "waterway": "drain"
      },
      "geometry": {
        "type": "LineString",
        "coordinates": [
          [
            80.1978753,
            13.09869
          ],
          [
            80.1989866,
            13.0985933
          ],
          [
            80.2007015,
            13.0983699
          ],
          [
            80.2009476,
            13.0981512
          ],
          [
            80.2014406,
            13.0979854
          ],
          [
            80.2025564,
            13.0978433
          ],
          [
            80.2078779,
            13.0956447
          ],
          [
            80.2076891,
            13.0934042
          ],
          [
            80.2102125,
            13.0926519
          ],
          [
            80.2127748,
            13.0925805
          ],
          [
            80.2128847,
            13.0926628
          ],
          [
            80.2129305,
            13.0927213
          ],
          [
            80.2129551,
            13.0929716
          ],
          [
            80.2144868,
            13.0929812
          ],
          [
            80.2147429,
            13.093044
          ],
          [
            80.214854,
            13.0932325
          ],
          [
            80.2158253,
            13.0935756
          ],
          [
            80.2166709,
            13.0937833
          ],
          [
            80.2169028,
            13.093909
          ],
          [
            80.2170284,
            13.0940104
          ],
          [
            80.2172314,
            13.0940443
          ],
          [
            80.2181495,
            13.0940104
          ],
          [
            80.218565,
            13.0939285
          ],
          [
            80.2196135,
            13.0938611
          ],
          [
            80.2221202,
            13.0937465
          ],
          [
            80.2228201,
            13.0933902
          ],
          [
            80.2242781,
            13.0921402
          ],
          [
            80.2248753,
            13.0914672
          ],
          [
            80.2256922,
            13.0905573
          ],
          [
            80.2259518,
            13.090223
          ],
          [
            80.2262947,
            13.0895774
          ],
          [
            80.2276938,
            13.0882791
          ],
          [
            80.2280828,
            13.0882817
          ],
          [
            80.2284456,
            13.0884794
          ],
          [
            80.2287732,
            13.0884547
          ],
          [
            80.2295363,
            13.0875753
          ],
          [
            80.2300671,
            13.0871549
          ],
          [
            80.2313994,
            13.0865872
          ],
          [
            80.2318102,
            13.0863286
          ],
          [
            80.2328239,
            13.0859334
          ],
          [
            80.2333554,
            13.0858449
          ],
          [
            80.2337271,
            13.0857988
          ],
          [
            80.2341106,
            13.0859
          ],
          [
            80.2342325,
            13.0861038
          ],
          [
            80.2343476,
            13.0865202
          ],
          [
            80.2344336,
            13.0865073
          ],
          [
            80.2346628,
            13.0864727
          ],
          [
            80.2357033,
            13.0862153
          ],
          [
            80.2364402,
            13.0859877
          ],
          [
            80.2380441,
            13.0851532
          ],
          [
            80.2384668,
            13.085034
          ],
          [
            80.2403313,
            13.0849488
          ],
          [
            80.2414254,
            13.0846872
          ],
          [
            80.2417299,
            13.0847373
          ],
          [
            80.2426475,
            13.0853041
          ],
          [
            80.2435226,
            13.0857998
          ],
          [
            80.2444092,
            13.086217
          ],
          [
            80.2449515,
            13.0865716
          ],
          [
            80.2457338,
            13.0870723
          ],
          [
            80.2463983,
            13.0876146
          ],
          [
            80.2474085,
            13.088851
          ],
          [
            80.2481401,
            13.0897806
          ],
          [
            80.2489254,
            13.0908792
          ],
          [
            80.2496242,
            13.0921178
          ],
          [
            80.2496892,
            13.0928046
          ],
          [
            80.2503165,
            13.0956976
          ],
          [
            80.2507047,
            13.0968382
          ],
          [
            80.2509695,
            13.0977345
          ],
          [
            80.2510566,
            13.0979462
          ],
          [
            80.2515195,
            13.0982845
          ],
          [
            80.2529811,
            13.0985245
          ],
          [
            80.2533285,
            13.0986046
          ],
          [
            80.253577,
            13.0987327
          ],
          [
            80.2542377,
            13.0993645
          ],
          [
            80.2545053,
            13.0996279
          ],
          [
            80.2548917,
            13.100027
          ],
          [
            80.2556342,
            13.1008787
          ],
          [
            80.2563415,
            13.1015507
          ],
          [
            80.2569427,
            13.1021519
          ],
          [
            80.2571455,
            13.1028577
          ],
          [
            80.2577326,
            13.1040381
          ],
          [
            80.2582042,
            13.1048869
          ],
          [
            80.2585696,
            13.1054056
          ],
          [
            80.2593712,
            13.1059243
          ],
          [
            80.2603733,
            13.1063605
          ],
          [
            80.2611042,
            13.1065373
          ],
          [
            80.2622124,
            13.1064666
          ],
          [
            80.2632144,
            13.1062662
          ],
          [
            80.2638086,
            13.1060712
          ],
          [
            80.2639689,
            13.1060186
          ],
          [
            80.2647941,
            13.1057475
          ],
          [
            80.2655132,
            13.1056768
          ],
          [
            80.2669986,
            13.105606
          ],
          [
            80.2680714,
            13.1055353
          ],
          [
            80.2693418,
            13.1054269
          ],
          [
            80.2702272,
            13.1052677
          ],
          [
            80.2708568,
            13.105173
          ],
          [
            80.2712565,
            13.1052513
          ],
          [
            80.2715152,
            13.1056197
          ],
          [
            80.2716014,
            13.1061605
          ],
          [
            80.2721067,
            13.1068969
          ]
        ]
      },
      "id": "way/27708880"
    },
    {
      "type": "Feature",
      "properties": {
        "@id": "way/27709103",
        "name": "Trustpuram Canal",
        "waterway": "canal"
      },
      "geometry": {
        "type": "LineString",
        "coordinates": [
          [
            80.225797,
            13.0538521
          ],
          [
            80.2263807,
            13.0577149
          ],
          [
            80.2263206,
            13.0583755
          ],
          [
            80.226112,
            13.0587749
          ],
          [
            80.2263978,
            13.0609507
          ],
          [
            80.2264751,
            13.062255
          ],
          [
            80.2268613,
            13.0646629
          ],
          [
            80.2271789,
            13.0666277
          ],
          [
            80.2275213,
            13.0670149
          ]
        ]
      },
      "id": "way/27709103"
    },
    {
      "type": "Feature",
      "properties": {
        "@id": "way/27709396",
        "boat": "no",
        "layer": "-1",
        "name": "Jafferkhanpet Canal",
        "tunnel": "culvert",
        "waterway": "canal"
      },
      "geometry": {
        "type": "LineString",
        "coordinates": [
          [
            80.2133684,
            13.0287275
          ],
          [
            80.2126903,
            13.0261603
          ],
          [
            80.2126552,
            13.0260388
          ],
          [
            80.2124082,
            13.0252566
          ],
          [
            80.2123777,
            13.0251977
          ]
        ]
      },
      "id": "way/27709396"
    },
    {
      "type": "Feature",
      "properties": {
        "@id": "way/27709553",
        "layer": "-1",
        "name": "Raj Bhavan Canal",
        "waterway": "drain"
      },
      "geometry": {
        "type": "LineString",
        "coordinates": [
          [
            80.2176754,
            12.9954573
          ],
          [
            80.2170965,
            12.9951777
          ]
        ]
      },
      "id": "way/27709553"
    },
    {
      "type": "Feature",
      "properties": {
        "@id": "way/27877877",
        "waterway": "drain"
      },
      "geometry": {
        "type": "LineString",
        "coordinates": [
          [
            80.1933816,
            13.0787676
          ],
          [
            80.192736,
            13.0790372
          ],
          [
            80.192025,
            13.078435
          ],
          [
            80.1918402,
            13.0783555
          ],
          [
            80.191646,
            13.0783684
          ],
          [
            80.1891796,
            13.0800404
          ],
          [
            80.1895462,
            13.0813903
          ],
          [
            80.1897738,
            13.0820663
          ],
          [
            80.1899641,
            13.0824661
          ],
          [
            80.1900551,
            13.0825733
          ],
          [
            80.1913112,
            13.0856251
          ],
          [
            80.192221,
            13.087665
          ],
          [
            80.1923154,
            13.0890277
          ],
          [
            80.1922554,
            13.0902399
          ],
          [
            80.1915258,
            13.092355
          ]
        ]
      },
      "id": "way/27877877"
    },
    {
      "type": "Feature",
      "properties": {
        "@id": "way/28120029",
        "layer": "-1",
        "waterway": "drain"
      },
      "geometry": {
        "type": "LineString",
        "coordinates": [
          [
            80.2117485,
            13.1475606
          ],
          [
            80.211327,
            13.1472012
          ],
          [
            80.2099027,
            13.1459418
          ],
          [
            80.2085825,
            13.1457344
          ],
          [
            80.2081019,
            13.1457727
          ],
          [
            80.2071802,
            13.1460566
          ],
          [
            80.2061758,
            13.1465695
          ],
          [
            80.2055409,
            13.1467923
          ],
          [
            80.2048141,
            13.146832
          ],
          [
            80.2039803,
            13.1466524
          ],
          [
            80.2033935,
            13.1465947
          ]
        ]
      },
      "id": "way/28120029"
    },
    {
      "type": "Feature",
      "properties": {
        "@id": "way/28121830",
        "waterway": "drain"
      },
      "geometry": {
        "type": "LineString",
        "coordinates": [
          [
            80.1473259,
            12.875443
          ],
          [
            80.1473024,
            12.8741332
          ],
          [
            80.1470666,
            12.8730302
          ],
          [
            80.1472788,
            12.8722029
          ],
          [
            80.1471845,
            12.8703186
          ],
          [
            80.1474249,
            12.8698936
          ],
          [
            80.1481075,
            12.8698621
          ],
          [
            80.1497383,
            12.8707156
          ],
          [
            80.1509657,
            12.8711591
          ],
          [
            80.1527939,
            12.8707156
          ],
          [
            80.1540299,
            12.8708829
          ],
          [
            80.1548281,
            12.8715356
          ],
          [
            80.1557293,
            12.8724978
          ],
          [
            80.1570597,
            12.8731254
          ],
          [
            80.1591797,
            12.8731254
          ],
          [
            80.1616001,
            12.8730417
          ],
          [
            80.1629563,
            12.873276
          ],
          [
            80.1644583,
            12.8733764
          ],
          [
            80.1657629,
            12.8730417
          ],
          [
            80.1668444,
            12.8725397
          ],
          [
            80.1670161,
            12.8712846
          ],
          [
            80.1684237,
            12.8692764
          ],
          [
            80.170063,
            12.8687911
          ],
          [
            80.1716509,
            12.869176
          ],
          [
            80.172741,
            12.8700294
          ],
          [
            80.1729984,
            12.8700294
          ],
          [
            80.1732817,
            12.8695692
          ],
          [
            80.1756077,
            12.8680213
          ],
          [
            80.1762026,
            12.8671538
          ],
          [
            80.1769028,
            12.8668753
          ],
          [
            80.177615,
            12.8663954
          ],
          [
            80.17793,
            12.8661875
          ],
          [
            80.1783593,
            12.8660601
          ],
          [
            80.1797276,
            12.8649253
          ],
          [
            80.1802254,
            12.8641303
          ],
          [
            80.182045,
            12.8634777
          ],
          [
            80.1832123,
            12.862415
          ],
          [
            80.1839676,
            12.8626911
          ],
          [
            80.1853581,
            12.8623564
          ],
          [
            80.1859417,
            12.8625572
          ],
          [
            80.1861305,
            12.8631095
          ],
          [
            80.1867571,
            12.8631932
          ],
          [
            80.1870404,
            12.8634191
          ],
          [
            80.1879587,
            12.8637287
          ],
          [
            80.1883021,
            12.8643814
          ],
          [
            80.1888428,
            12.8646491
          ],
          [
            80.1895027,
            12.8653143
          ],
          [
            80.1900768,
            12.8657864
          ],
          [
            80.1906129,
            12.8660325
          ],
          [
            80.1918095,
            12.8661707
          ],
          [
            80.1924355,
            12.8661101
          ],
          [
            80.1932725,
            12.865665
          ],
          [
            80.1938432,
            12.8655402
          ],
          [
            80.1944034,
            12.8653447
          ],
          [
            80.1949118,
            12.8649401
          ],
          [
            80.1956001,
            12.8646096
          ],
          [
            80.1958525,
            12.8645355
          ],
          [
            80.1960255,
            12.8645793
          ],
          [
            80.196814,
            12.8650277
          ],
          [
            80.1970596,
            12.8650109
          ],
          [
            80.1979069,
            12.8646164
          ],
          [
            80.1982355,
            12.8643298
          ],
          [
            80.1985052,
            12.8637161
          ],
          [
            80.198692,
            12.8636521
          ],
          [
            80.1993828,
            12.8636701
          ],
          [
            80.1998154,
            12.8640223
          ],
          [
            80.2001228,
            12.8646128
          ],
          [
            80.2002497,
            12.8664482
          ],
          [
            80.2019663,
            12.8670339
          ],
          [
            80.2026444,
            12.8689668
          ],
          [
            80.2022426,
            12.8705256
          ],
          [
            80.2020091,
            12.8720711
          ],
          [
            80.2020189,
            12.8724629
          ]
        ]
      },
      "id": "way/28121830"
    },
    {
      "type": "Feature",
      "properties": {
        "@id": "way/28342742",
        "waterway": "drain"
      },
      "geometry": {
        "type": "LineString",
        "coordinates": [
          [
            80.2664529,
            13.0975735
          ],
          [
            80.2666199,
            13.0981948
          ],
          [
            80.2667932,
            13.098333
          ],
          [
            80.2669549,
            13.0985623
          ],
          [
            80.2672747,
            13.0990177
          ],
          [
            80.2675092,
            13.099345
          ],
          [
            80.2675765,
            13.0994136
          ],
          [
            80.2676454,
            13.099463
          ],
          [
            80.2677175,
            13.0994999
          ],
          [
            80.2678312,
            13.0995533
          ],
          [
            80.267858,
            13.0995749
          ],
          [
            80.267885,
            13.0996298
          ],
          [
            80.2679024,
            13.0997078
          ],
          [
            80.2679255,
            13.099833
          ],
          [
            80.2682456,
            13.1018962
          ],
          [
            80.2682912,
            13.1024056
          ],
          [
            80.2683181,
            13.1025284
          ],
          [
            80.2684309,
            13.1026004
          ],
          [
            80.268733,
            13.1026083
          ],
          [
            80.2687485,
            13.1026087
          ],
          [
            80.2689373,
            13.1026756
          ],
          [
            80.2689909,
            13.1027427
          ],
          [
            80.2690575,
            13.1028261
          ],
          [
            80.2690866,
            13.1030817
          ],
          [
            80.2691433,
            13.1035785
          ],
          [
            80.2692725,
            13.1050221
          ],
          [
            80.2693418,
            13.1054269
          ]
        ]
      },
      "id": "way/28342742"
    },
    {
      "type": "Feature",
      "properties": {
        "@id": "way/28502295",
        "layer": "-1",
        "tunnel": "yes",
        "waterway": "drain"
      },
      "geometry": {
        "type": "LineString",
        "coordinates": [
          [
            80.2433793,
            13.0631433
          ],
          [
            80.2449537,
            13.0628279
          ],
          [
            80.2454861,
            13.0627309
          ],
          [
            80.2456687,
            13.0627544
          ],
          [
            80.2458514,
            13.0628283
          ],
          [
            80.2462798,
            13.0633028
          ],
          [
            80.2464886,
            13.0634024
          ],
          [
            80.2466625,
            13.0634087
          ],
          [
            80.2475411,
            13.0633939
          ],
          [
            80.2477998,
            13.0633621
          ],
          [
            80.2499911,
            13.0626863
          ],
          [
            80.2517428,
            13.0621687
          ],
          [
            80.2519314,
            13.0611533
          ],
          [
            80.2520041,
            13.06112
          ]
        ]
      },
      "id": "way/28502295"
    },
    {
      "type": "Feature",
      "properties": {
        "@id": "way/28746681",
        "layer": "-1",
        "waterway": "drain"
      },
      "geometry": {
        "type": "LineString",
        "coordinates": [
          [
            80.2847128,
            13.0818518
          ],
          [
            80.2848891,
            13.0822009
          ],
          [
            80.2854612,
            13.0832005
          ],
          [
            80.2856513,
            13.0832779
          ],
          [
            80.2863059,
            13.0829682
          ],
          [
            80.2870591,
            13.0836158
          ],
          [
            80.2872069,
            13.0836017
          ],
          [
            80.2876504,
            13.0828063
          ],
          [
            80.2885031,
            13.082907
          ],
          [
            80.2885397,
            13.0827889
          ],
          [
            80.2883071,
            13.0821722
          ],
          [
            80.2885018,
            13.0820044
          ],
          [
            80.288134,
            13.0812633
          ],
          [
            80.2883017,
            13.0811984
          ],
          [
            80.2879002,
            13.0802029
          ],
          [
            80.2879305,
            13.0799605
          ],
          [
            80.2877661,
            13.0797571
          ],
          [
            80.2879435,
            13.0794585
          ],
          [
            80.2879219,
            13.0793849
          ],
          [
            80.2876016,
            13.0791902
          ],
          [
            80.2876535,
            13.0789694
          ],
          [
            80.2875497,
            13.0788309
          ],
          [
            80.2874631,
            13.0787877
          ],
          [
            80.2872251,
            13.0772642
          ],
          [
            80.2870217,
            13.0772599
          ],
          [
            80.2869421,
            13.0767472
          ],
          [
            80.2867215,
            13.076649
          ],
          [
            80.2863246,
            13.0768429
          ],
          [
            80.2863145,
            13.0771116
          ],
          [
            80.2854774,
            13.0772976
          ],
          [
            80.2854439,
            13.0770296
          ],
          [
            80.2841774,
            13.0769733
          ],
          [
            80.2839665,
            13.0782443
          ],
          [
            80.283931,
            13.0787134
          ]
        ]
      },
      "id": "way/28746681"
    },
    {
      "type": "Feature",
      "properties": {
        "@id": "way/28746682",
        "layer": "-1",
        "name": "Moat",
        "waterway": "drain"
      },
      "geometry": {
        "type": "LineString",
        "coordinates": [
          [
            80.2844579,
            13.0815569
          ],
          [
            80.2840862,
            13.0814147
          ],
          [
            80.2829015,
            13.0805642
          ],
          [
            80.2836086,
            13.0793475
          ],
          [
            80.2837481,
            13.0790553
          ]
        ]
      },
      "id": "way/28746682"
    },
    {
      "type": "Feature",
      "properties": {
        "@id": "way/29071936",
        "layer": "-1",
        "waterway": "drain"
      },
      "geometry": {
        "type": "LineString",
        "coordinates": [
          [
            80.2840862,
            13.0814147
          ],
          [
            80.2839408,
            13.0822221
          ],
          [
            80.2840182,
            13.0823136
          ],
          [
            80.2848891,
            13.0822009
          ]
        ]
      },
      "id": "way/29071936"
    },
    {
      "type": "Feature",
      "properties": {
        "@id": "way/29071941",
        "layer": "-1",
        "waterway": "drain"
      },
      "geometry": {
        "type": "LineString",
        "coordinates": [
          [
            80.2839665,
            13.0782443
          ],
          [
            80.2831595,
            13.0785336
          ],
          [
            80.2831172,
            13.0786814
          ],
          [
            80.2836086,
            13.0793475
          ]
        ]
      },
      "id": "way/29071941"
    },
    {
      "type": "Feature",
      "properties": {
        "@id": "way/30037017",
        "waterway": "drain"
      },
      "geometry": {
        "type": "LineString",
        "coordinates": [
          [
            80.2355812,
            12.9897175
          ],
          [
            80.2356148,
            12.989941
          ],
          [
            80.2355833,
            12.9904221
          ],
          [
            80.2357385,
            12.9911863
          ],
          [
            80.2359383,
            12.9923779
          ],
          [
            80.236078,
            12.9927112
          ],
          [
            80.2361845,
            12.9927915
          ],
          [
            80.2364274,
            12.9929746
          ],
          [
            80.2369112,
            12.9931788
          ],
          [
            80.2371853,
            12.99341
          ],
          [
            80.2372245,
            12.9934942
          ]
        ]
      },
      "id": "way/30037017"
    },
    {
      "type": "Feature",
      "properties": {
        "@id": "way/30118691",
        "intermittent": "no",
        "layer": "-1",
        "name": "Naattu Kaalvaai",
        "tunnel": "canal",
        "waterway": "drain"
      },
      "geometry": {
        "type": "LineString",
        "coordinates": [
          [
            80.1144324,
            12.9680428
          ],
          [
            80.114633,
            12.9677081
          ],
          [
            80.115148,
            12.9677081
          ],
          [
            80.1154913,
            12.9675659
          ],
          [
            80.1169504,
            12.96688
          ],
          [
            80.1174018,
            12.9665512
          ],
          [
            80.1185469,
            12.9657843
          ],
          [
            80.1186754,
            12.9657186
          ],
          [
            80.1187743,
            12.965708
          ],
          [
            80.1189159,
            12.9657452
          ],
          [
            80.1190176,
            12.9657711
          ],
          [
            80.1191404,
            12.9657601
          ],
          [
            80.1192277,
            12.9657269
          ],
          [
            80.1192788,
            12.9656901
          ],
          [
            80.1193215,
            12.965561
          ],
          [
            80.1193671,
            12.9653858
          ],
          [
            80.119383,
            12.9653419
          ],
          [
            80.1194644,
            12.9652655
          ],
          [
            80.1202549,
            12.9643122
          ],
          [
            80.1213854,
            12.9634911
          ],
          [
            80.1222236,
            12.9629257
          ],
          [
            80.1231394,
            12.9622336
          ],
          [
            80.1239736,
            12.9618068
          ],
          [
            80.1248932,
            12.9614199
          ],
          [
            80.1256911,
            12.9610466
          ],
          [
            80.1267094,
            12.9609079
          ],
          [
            80.12859,
            12.9606115
          ],
          [
            80.1283013,
            12.9597348
          ],
          [
            80.1280727,
            12.9591642
          ],
          [
            80.1287568,
            12.9586064
          ],
          [
            80.1292392,
            12.9579719
          ],
          [
            80.1292757,
            12.9579553
          ],
          [
            80.1294184,
            12.9577505
          ],
          [
            80.128529,
            12.9571188
          ],
          [
            80.1280741,
            12.9567759
          ],
          [
            80.1274647,
            12.9567257
          ],
          [
            80.1271046,
            12.956797
          ]
        ]
      },
      "id": "way/30118691"
    },
    {
      "type": "Feature",
      "properties": {
        "@id": "way/30128515",
        "intermittent": "yes",
        "name": "Chembrampakkam Surplus to Adayar",
        "waterway": "river",
        "width": "25"
      },
      "geometry": {
        "type": "LineString",
        "coordinates": [
          [
            80.0808752,
            13.0004456
          ],
          [
            80.0812833,
            12.9999909
          ],
          [
            80.0817619,
            12.99942
          ],
          [
            80.0819278,
            12.9990007
          ],
          [
            80.0818448,
            12.998748
          ],
          [
            80.0816426,
            12.9984146
          ],
          [
            80.0816633,
            12.9982933
          ],
          [
            80.0818137,
            12.9982226
          ],
          [
            80.0820004,
            12.9977982
          ],
          [
            80.0821871,
            12.9976769
          ],
          [
            80.0825249,
            12.997317
          ],
          [
            80.0827315,
            12.9970252
          ],
          [
            80.0833434,
            12.9963027
          ],
          [
            80.0835145,
            12.9960248
          ],
          [
            80.0834782,
            12.995848
          ],
          [
            80.0832448,
            12.9954488
          ],
          [
            80.0832448,
            12.9951709
          ],
          [
            80.083473,
            12.995075
          ],
          [
            80.0839189,
            12.9949688
          ],
          [
            80.0841056,
            12.9948173
          ],
          [
            80.0840174,
            12.9944333
          ],
          [
            80.0838256,
            12.9938472
          ],
          [
            80.0838515,
            12.9936198
          ],
          [
            80.0842819,
            12.993342
          ],
          [
            80.0845152,
            12.9929933
          ],
          [
            80.0846656,
            12.9922051
          ],
          [
            80.08479,
            12.9916999
          ],
          [
            80.0849935,
            12.9912433
          ],
          [
            80.0853967,
            12.9907652
          ],
          [
            80.085796,
            12.9901387
          ],
          [
            80.0861253,
            12.98924
          ],
          [
            80.0861414,
            12.988704
          ],
          [
            80.0859064,
            12.9878195
          ],
          [
            80.0859064,
            12.986935
          ],
          [
            80.0860452,
            12.9857694
          ],
          [
            80.0857626,
            12.9849897
          ],
          [
            80.0857462,
            12.9844478
          ],
          [
            80.0853353,
            12.9836401
          ],
          [
            80.0849245,
            12.9820278
          ],
          [
            80.0845517,
            12.9798228
          ],
          [
            80.0844636,
            12.9788298
          ],
          [
            80.0846044,
            12.9783738
          ],
          [
            80.0855094,
            12.9780263
          ],
          [
            80.0863117,
            12.9780885
          ],
          [
            80.0875811,
            12.9778184
          ],
          [
            80.0879911,
            12.9775119
          ],
          [
            80.0887527,
            12.9770846
          ],
          [
            80.0892914,
            12.9767048
          ],
          [
            80.0898349,
            12.9763386
          ],
          [
            80.0903324,
            12.9759672
          ],
          [
            80.0908385,
            12.9756145
          ],
          [
            80.0913866,
            12.9752571
          ],
          [
            80.0928512,
            12.9746876
          ],
          [
            80.0947824,
            12.9739767
          ],
          [
            80.0974678,
            12.9725812
          ],
          [
            80.0981019,
            12.97181
          ],
          [
            80.0986448,
            12.9714675
          ],
          [
            80.1006189,
            12.971342
          ],
          [
            80.1015201,
            12.9709238
          ],
          [
            80.1026359,
            12.9703216
          ],
          [
            80.1051851,
            12.9698365
          ],
          [
            80.1067129,
            12.9694852
          ],
          [
            80.1079145,
            12.9694601
          ],
          [
            80.1088833,
            12.9692992
          ],
          [
            80.1094307,
            12.9690992
          ],
          [
            80.1101333,
            12.9685511
          ],
          [
            80.1104862,
            12.9680007
          ],
          [
            80.1111926,
            12.9675189
          ],
          [
            80.1119345,
            12.9669807
          ]
        ]
      },
      "id": "way/30128515"
    },
    {
      "type": "Feature",
      "properties": {
        "@id": "way/30137291",
        "layer": "-1",
        "name": "Chembarambakkam irrigation canal",
        "waterway": "canal"
      },
      "geometry": {
        "type": "LineString",
        "coordinates": [
          [
            80.0925992,
            13.0214005
          ],
          [
            80.0926448,
            13.0214449
          ],
          [
            80.0927816,
            13.0214789
          ],
          [
            80.0929482,
            13.0215639
          ],
          [
            80.0932867,
            13.0216889
          ],
          [
            80.0937081,
            13.0218462
          ],
          [
            80.0937858,
            13.02185
          ],
          [
            80.0938518,
            13.0218552
          ],
          [
            80.0939253,
            13.0218881
          ],
          [
            80.0939568,
            13.0219456
          ],
          [
            80.0939714,
            13.022054
          ],
          [
            80.0939698,
            13.0223125
          ],
          [
            80.0939457,
            13.0223779
          ],
          [
            80.0939403,
            13.0223962
          ],
          [
            80.0939027,
            13.0225137
          ],
          [
            80.0939215,
            13.0226653
          ],
          [
            80.0939698,
            13.0227228
          ],
          [
            80.0939931,
            13.0227388
          ],
          [
            80.0940234,
            13.0227542
          ],
          [
            80.094112,
            13.0228012
          ],
          [
            80.0943239,
            13.022789
          ],
          [
            80.0944606,
            13.0226078
          ],
          [
            80.0944647,
            13.0225771
          ],
          [
            80.0944901,
            13.022519
          ],
          [
            80.0945518,
            13.0224615
          ],
          [
            80.0948576,
            13.0223543
          ],
          [
            80.0950507,
            13.0223151
          ],
          [
            80.095445,
            13.0223413
          ],
          [
            80.09596,
            13.0222864
          ],
          [
            80.096022,
            13.0222883
          ],
          [
            80.0960834,
            13.0222995
          ],
          [
            80.0962577,
            13.0223099
          ],
          [
            80.0964133,
            13.0223099
          ],
          [
            80.0966869,
            13.0222864
          ],
          [
            80.0968129,
            13.0223178
          ],
          [
            80.0970248,
            13.0221583
          ],
          [
            80.0972984,
            13.0221453
          ],
          [
            80.0974647,
            13.0221531
          ],
          [
            80.0976337,
            13.0221453
          ],
          [
            80.0978375,
            13.0221191
          ],
          [
            80.0980172,
            13.0221322
          ],
          [
            80.0981406,
            13.022174
          ],
          [
            80.0984518,
            13.0221583
          ],
          [
            80.0985376,
            13.0222341
          ],
          [
            80.098787,
            13.0222472
          ],
          [
            80.0990231,
            13.0222289
          ],
          [
            80.0991009,
            13.0222707
          ],
          [
            80.0993879,
            13.0221035
          ],
          [
            80.099868,
            13.021931
          ],
          [
            80.1003722,
            13.0218003
          ],
          [
            80.1005627,
            13.0216435
          ],
          [
            80.1005949,
            13.0216279
          ],
          [
            80.1010213,
            13.0216096
          ],
          [
            80.1012413,
            13.0215599
          ],
          [
            80.1016651,
            13.0215338
          ],
          [
            80.1020787,
            13.0215339
          ],
          [
            80.10218,
            13.0216357
          ],
          [
            80.1023544,
            13.0217742
          ],
          [
            80.1024858,
            13.0218369
          ],
          [
            80.1025944,
            13.0217951
          ],
          [
            80.1026159,
            13.0217794
          ],
          [
            80.1028172,
            13.0217911
          ],
          [
            80.102856,
            13.0218043
          ],
          [
            80.1029606,
            13.0218147
          ],
          [
            80.1030088,
            13.0218617
          ],
          [
            80.1030611,
            13.021914
          ],
          [
            80.1031979,
            13.0219218
          ],
          [
            80.1031979,
            13.0219245
          ],
          [
            80.1032489,
            13.0219323
          ],
          [
            80.103324,
            13.0219428
          ],
          [
            80.1033803,
            13.0219584
          ],
          [
            80.1034447,
            13.021948
          ],
          [
            80.1035198,
            13.0219323
          ],
          [
            80.1035949,
            13.0219741
          ],
          [
            80.1036861,
            13.0220159
          ],
          [
            80.1038631,
            13.021982
          ],
          [
            80.1040401,
            13.0219898
          ],
          [
            80.1041796,
            13.0220159
          ],
          [
            80.1043701,
            13.0220238
          ],
          [
            80.1044693,
            13.0220081
          ],
          [
            80.1046276,
            13.0219872
          ],
          [
            80.104759,
            13.0219872
          ],
          [
            80.1049655,
            13.0219036
          ],
          [
            80.1052927,
            13.021603
          ],
          [
            80.105502,
            13.021475
          ],
          [
            80.1056101,
            13.0213743
          ],
          [
            80.1057675,
            13.0211901
          ],
          [
            80.1057997,
            13.0210987
          ],
          [
            80.1058855,
            13.0210151
          ],
          [
            80.1060089,
            13.0208844
          ],
          [
            80.1062369,
            13.0206779
          ],
          [
            80.1063522,
            13.020576
          ],
          [
            80.1064729,
            13.0204689
          ],
          [
            80.1065775,
            13.0203356
          ],
          [
            80.1067009,
            13.0202154
          ],
          [
            80.1067545,
            13.0201083
          ],
          [
            80.1069369,
            13.019988
          ],
          [
            80.1070067,
            13.0198835
          ],
          [
            80.1072749,
            13.0196405
          ],
          [
            80.1073795,
            13.0195516
          ],
          [
            80.1074948,
            13.0195072
          ],
          [
            80.107578,
            13.0194184
          ],
          [
            80.1076987,
            13.0192746
          ],
          [
            80.1077952,
            13.019191
          ],
          [
            80.1078811,
            13.0190943
          ],
          [
            80.108034,
            13.0189584
          ],
          [
            80.1081815,
            13.0188905
          ],
          [
            80.1083397,
            13.018833
          ],
          [
            80.1084765,
            13.0187964
          ],
          [
            80.1086535,
            13.0187206
          ],
          [
            80.1088708,
            13.0186344
          ],
          [
            80.1091203,
            13.0185351
          ],
          [
            80.1093965,
            13.0184305
          ],
          [
            80.1098284,
            13.0182476
          ],
          [
            80.1099511,
            13.0182371
          ],
          [
            80.1099967,
            13.0182057
          ],
          [
            80.1101201,
            13.018143
          ],
          [
            80.1101874,
            13.0181267
          ],
          [
            80.1102488,
            13.0181117
          ],
          [
            80.1103964,
            13.0180803
          ],
          [
            80.1105117,
            13.0180437
          ],
          [
            80.1106357,
            13.0179758
          ],
          [
            80.1106974,
            13.0180124
          ],
          [
            80.1107698,
            13.0180203
          ],
          [
            80.1108637,
            13.0180203
          ],
          [
            80.1109334,
            13.0180124
          ],
          [
            80.1110005,
            13.0179811
          ],
          [
            80.11114,
            13.0179575
          ],
          [
            80.1112848,
            13.0179523
          ],
          [
            80.1114645,
            13.0180072
          ],
          [
            80.1115664,
            13.0180255
          ],
          [
            80.1116871,
            13.0179915
          ],
          [
            80.1117225,
            13.0179909
          ]
        ]
      },
      "id": "way/30137291"
    },
    {
      "type": "Feature",
      "properties": {
        "@id": "way/30209758",
        "waterway": "drain"
      },
      "geometry": {
        "type": "LineString",
        "coordinates": [
          [
            80.1215697,
            12.8670965
          ],
          [
            80.1212679,
            12.8669487
          ],
          [
            80.1207758,
            12.8672288
          ],
          [
            80.1198597,
            12.8680541
          ],
          [
            80.1192692,
            12.8685689
          ],
          [
            80.1186029,
            12.8690232
          ],
          [
            80.1180957,
            12.8692276
          ]
        ]
      },
      "id": "way/30209758"
    },
    {
      "type": "Feature",
      "properties": {
        "@id": "way/30738675",
        "created_by": "Potlatch 0.10f",
        "waterway": "river"
      },
      "geometry": {
        "type": "LineString",
        "coordinates": [
          [
            80.2851866,
            13.1967097
          ],
          [
            80.2860707,
            13.1969187
          ],
          [
            80.287959,
            13.1977125
          ],
          [
            80.2901305,
            13.1996345
          ],
          [
            80.2922333,
            13.2017235
          ],
          [
            80.2941216,
            13.2037708
          ],
          [
            80.2944703,
            13.2047569
          ]
        ]
      },
      "id": "way/30738675"
    },
    {
      "type": "Feature",
      "properties": {
        "@id": "way/30981164",
        "layer": "-1",
        "tunnel": "yes",
        "waterway": "drain"
      },
      "geometry": {
        "type": "LineString",
        "coordinates": [
          [
            80.25416,
            13.0910521
          ],
          [
            80.2552505,
            13.0920544
          ],
          [
            80.2564458,
            13.0928346
          ],
          [
            80.2567292,
            13.0934216
          ],
          [
            80.256867,
            13.0936783
          ],
          [
            80.2571066,
            13.0938358
          ],
          [
            80.2577115,
            13.0939641
          ],
          [
            80.2590173,
            13.0940458
          ],
          [
            80.2591605,
            13.0937329
          ],
          [
            80.2618445,
            13.093978
          ],
          [
            80.2620923,
            13.0941686
          ],
          [
            80.2621876,
            13.0944036
          ],
          [
            80.2622893,
            13.0947213
          ],
          [
            80.2624522,
            13.0948424
          ],
          [
            80.2628067,
            13.0949263
          ],
          [
            80.2632205,
            13.0966264
          ],
          [
            80.2634914,
            13.0969708
          ],
          [
            80.264176,
            13.0971134
          ],
          [
            80.2653257,
            13.0970589
          ],
          [
            80.2657037,
            13.0969831
          ],
          [
            80.2662336,
            13.0968388
          ],
          [
            80.2664529,
            13.0975735
          ]
        ]
      },
      "id": "way/30981164"
    },
    {
      "type": "Feature",
      "properties": {
        "@id": "way/31019920",
        "name": "Red Hills Reservoir Overflow",
        "waterway": "drain"
      },
      "geometry": {
        "type": "LineString",
        "coordinates": [
          [
            80.1883581,
            13.186003
          ],
          [
            80.1884096,
            13.1866548
          ],
          [
            80.1890447,
            13.1870058
          ],
          [
            80.1895941,
            13.1870392
          ],
          [
            80.1903623,
            13.1870322
          ],
          [
            80.190711,
            13.1866327
          ],
          [
            80.1909685,
            13.1863375
          ],
          [
            80.191403,
            13.186113
          ],
          [
            80.1918836,
            13.1856118
          ],
          [
            80.1919124,
            13.1856066
          ],
          [
            80.1922243,
            13.1855501
          ],
          [
            80.1922307,
            13.1857877
          ],
          [
            80.1935938,
            13.18612
          ],
          [
            80.1944177,
            13.1859779
          ],
          [
            80.1948898,
            13.1857188
          ],
          [
            80.1949413,
            13.185067
          ],
          [
            80.1948555,
            13.1839555
          ],
          [
            80.1947439,
            13.1826602
          ],
          [
            80.1962116,
            13.1822173
          ],
          [
            80.1980398,
            13.1813816
          ],
          [
            80.1990269,
            13.1810557
          ],
          [
            80.199559,
            13.1802869
          ],
          [
            80.1998337,
            13.179376
          ],
          [
            80.2004173,
            13.1788411
          ],
          [
            80.2013529,
            13.1783313
          ],
          [
            80.2016973,
            13.1776516
          ],
          [
            80.201633,
            13.1766696
          ],
          [
            80.2018046,
            13.1764189
          ],
          [
            80.2031341,
            13.175295
          ],
          [
            80.2049374,
            13.1748728
          ],
          [
            80.206182,
            13.174152
          ],
          [
            80.2067077,
            13.1740998
          ],
          [
            80.2087131,
            13.1743131
          ],
          [
            80.2096635,
            13.1743453
          ],
          [
            80.2144968,
            13.1726164
          ],
          [
            80.2152586,
            13.1724701
          ],
          [
            80.2160096,
            13.1724284
          ],
          [
            80.2165056,
            13.1726864
          ],
          [
            80.2172063,
            13.1725465
          ],
          [
            80.2179251,
            13.1718169
          ],
          [
            80.2179721,
            13.1700868
          ],
          [
            80.2183372,
            13.1697897
          ],
          [
            80.2197018,
            13.1693729
          ],
          [
            80.2201718,
            13.1693454
          ],
          [
            80.2209636,
            13.169894
          ],
          [
            80.2213858,
            13.1701364
          ],
          [
            80.2227231,
            13.1704373
          ]
        ]
      },
      "id": "way/31019920"
    },
    {
      "type": "Feature",
      "properties": {
        "@id": "way/31253251",
        "waterway": "weir"
      },
      "geometry": {
        "type": "LineString",
        "coordinates": [
          [
            80.0111373,
            13.0893831
          ],
          [
            80.0112389,
            13.0897893
          ]
        ]
      },
      "id": "way/31253251"
    },
    {
      "type": "Feature",
      "properties": {
        "@id": "way/31253253",
        "waterway": "weir"
      },
      "geometry": {
        "type": "LineString",
        "coordinates": [
          [
            80.0113096,
            13.0899768
          ],
          [
            80.0113372,
            13.0905747
          ],
          [
            80.0106232,
            13.0918065
          ]
        ]
      },
      "id": "way/31253253"
    },
    {
      "type": "Feature",
      "properties": {
        "@id": "way/31613582",
        "layer": "-1",
        "waterway": "drain"
      },
      "geometry": {
        "type": "LineString",
        "coordinates": [
          [
            80.1654686,
            13.0005635
          ],
          [
            80.1666874,
            12.9999337
          ],
          [
            80.1670095,
            12.9997994
          ],
          [
            80.1672943,
            13.0003404
          ],
          [
            80.1676919,
            13.0001231
          ]
        ]
      },
      "id": "way/31613582"
    },
    {
      "type": "Feature",
      "properties": {
        "@id": "way/31616568",
        "waterway": "drain"
      },
      "geometry": {
        "type": "LineString",
        "coordinates": [
          [
            80.1586106,
            12.987659
          ],
          [
            80.1638379,
            12.9896301
          ]
        ]
      },
      "id": "way/31616568"
    },
    {
      "type": "Feature",
      "properties": {
        "@id": "way/31616569",
        "layer": "-1",
        "tunnel": "yes",
        "waterway": "drain"
      },
      "geometry": {
        "type": "LineString",
        "coordinates": [
          [
            80.1542832,
            12.9832732
          ],
          [
            80.1533388,
            12.9857156
          ]
        ]
      },
      "id": "way/31616569"
    },
    {
      "type": "Feature",
      "properties": {
        "@id": "way/32253705",
        "waterway": "drain"
      },
      "geometry": {
        "type": "LineString",
        "coordinates": [
          [
            80.0539082,
            12.8344634
          ],
          [
            80.0536742,
            12.8354285
          ],
          [
            80.0538936,
            12.8362794
          ],
          [
            80.0543188,
            12.8370919
          ],
          [
            80.0542793,
            12.8372774
          ],
          [
            80.054309,
            12.8376505
          ],
          [
            80.053796,
            12.8379861
          ]
        ]
      },
      "id": "way/32253705"
    },
    {
      "type": "Feature",
      "properties": {
        "@id": "way/32685679",
        "boat": "no",
        "created_by": "Potlatch 0.10f",
        "waterway": "drain"
      },
      "geometry": {
        "type": "LineString",
        "coordinates": [
          [
            80.2023586,
            13.0274743
          ],
          [
            80.2023966,
            13.0279759
          ]
        ]
      },
      "id": "way/32685679"
    },
    {
      "type": "Feature",
      "properties": {
        "@id": "way/32742657",
        "boat": "no",
        "waterway": "stream"
      },
      "geometry": {
        "type": "LineString",
        "coordinates": [
          [
            80.2059836,
            13.0080034
          ],
          [
            80.2057179,
            13.0099701
          ],
          [
            80.2060457,
            13.0109421
          ],
          [
            80.2063844,
            13.0114055
          ],
          [
            80.2071379,
            13.012739
          ],
          [
            80.207271,
            13.0129156
          ],
          [
            80.207431,
            13.0128955
          ],
          [
            80.2080461,
            13.0142494
          ],
          [
            80.2082409,
            13.0145463
          ],
          [
            80.2083868,
            13.0147387
          ],
          [
            80.2084126,
            13.0150481
          ],
          [
            80.2084469,
            13.0152488
          ],
          [
            80.2084469,
            13.0155164
          ],
          [
            80.2084466,
            13.0156291
          ],
          [
            80.2084469,
            13.0157756
          ],
          [
            80.2083924,
            13.0162346
          ],
          [
            80.2084481,
            13.0164333
          ],
          [
            80.2085977,
            13.0166175
          ],
          [
            80.208761,
            13.0167587
          ],
          [
            80.2090992,
            13.0168878
          ],
          [
            80.2092881,
            13.0169508
          ],
          [
            80.2094254,
            13.0169966
          ],
          [
            80.2097172,
            13.0170551
          ],
          [
            80.2100176,
            13.0171136
          ],
          [
            80.2101053,
            13.0174038
          ],
          [
            80.2102665,
            13.0174649
          ],
          [
            80.2103609,
            13.017618
          ],
          [
            80.2104038,
            13.0176906
          ],
          [
            80.2102751,
            13.0181924
          ],
          [
            80.2103008,
            13.0183345
          ],
          [
            80.2103695,
            13.0183931
          ],
          [
            80.2104725,
            13.018368
          ],
          [
            80.2106098,
            13.0182676
          ],
          [
            80.210936,
            13.0182844
          ],
          [
            80.2112021,
            13.0182175
          ],
          [
            80.2113737,
            13.0181924
          ],
          [
            80.2115626,
            13.0182258
          ],
          [
            80.2118029,
            13.0183596
          ],
          [
            80.2118379,
            13.0185205
          ],
          [
            80.211863,
            13.0186356
          ],
          [
            80.2120346,
            13.0188614
          ],
          [
            80.2121205,
            13.0190035
          ],
          [
            80.2121245,
            13.0190129
          ],
          [
            80.2121634,
            13.0191039
          ],
          [
            80.2123994,
            13.0194407
          ]
        ]
      },
      "id": "way/32742657"
    },
    {
      "type": "Feature",
      "properties": {
        "@id": "way/82874921",
        "layer": "-1",
        "waterway": "drain"
      },
      "geometry": {
        "type": "LineString",
        "coordinates": [
          [
            80.178985,
            12.9464831
          ],
          [
            80.1790864,
            12.9464839
          ],
          [
            80.1792279,
            12.9464539
          ],
          [
            80.1793522,
            12.9464069
          ],
          [
            80.1794142,
            12.9463465
          ],
          [
            80.1794505,
            12.9462793
          ],
          [
            80.1794638,
            12.9461777
          ],
          [
            80.179501,
            12.9460293
          ],
          [
            80.1795946,
            12.9459511
          ],
          [
            80.1797765,
            12.945868
          ],
          [
            80.1799434,
            12.9457706
          ],
          [
            80.1801876,
            12.9456671
          ],
          [
            80.1804955,
            12.9456878
          ],
          [
            80.1808672,
            12.9459051
          ],
          [
            80.1811645,
            12.9460914
          ],
          [
            80.1814618,
            12.9462984
          ],
          [
            80.1817804,
            12.9465054
          ],
          [
            80.1821556,
            12.9468346
          ],
          [
            80.1826557,
            12.9468509
          ],
          [
            80.1832633,
            12.9468613
          ],
          [
            80.1837023,
            12.9469297
          ],
          [
            80.1839648,
            12.9470711
          ],
          [
            80.1843004,
            12.9475762
          ],
          [
            80.1844726,
            12.9478596
          ],
          [
            80.1846307,
            12.9480262
          ],
          [
            80.1848385,
            12.9483681
          ],
          [
            80.1848628,
            12.9487666
          ],
          [
            80.1848601,
            12.9488579
          ]
        ]
      },
      "id": "way/82874921"
    },
    {
      "type": "Feature",
      "properties": {
        "@id": "way/84099104",
        "waterway": "drain"
      },
      "geometry": {
        "type": "LineString",
        "coordinates": [
          [
            80.1883747,
            12.9583605
          ],
          [
            80.1875652,
            12.9584921
          ]
        ]
      },
      "id": "way/84099104"
    },
    {
      "type": "Feature",
      "properties": {
        "@id": "way/85130862",
        "boat": "yes",
        "name": "North River",
        "waterway": "river"
      },
      "geometry": {
        "type": "LineString",
        "coordinates": [
          [
            80.2840428,
            13.0696853
          ],
          [
            80.2843432,
            13.068891
          ],
          [
            80.2848582,
            13.0685566
          ]
        ]
      },
      "id": "way/85130862"
    },
    {
      "type": "Feature",
      "properties": {
        "@id": "way/85130915",
        "boat": "yes",
        "name": "North River",
        "waterway": "river"
      },
      "geometry": {
        "type": "LineString",
        "coordinates": [
          [
            80.2751147,
            13.079257
          ],
          [
            80.2752832,
            13.0792368
          ],
          [
            80.2754454,
            13.0792277
          ],
          [
            80.2756039,
            13.0792271
          ],
          [
            80.2757426,
            13.0792315
          ],
          [
            80.2759295,
            13.0792431
          ],
          [
            80.2779411,
            13.0793694
          ],
          [
            80.2798415,
            13.0794739
          ],
          [
            80.2802044,
            13.0794912
          ],
          [
            80.2805174,
            13.0794876
          ],
          [
            80.2807748,
            13.0794706
          ],
          [
            80.2809062,
            13.0794254
          ],
          [
            80.2810285,
            13.0793757
          ],
          [
            80.2811998,
            13.0792661
          ],
          [
            80.2813595,
            13.0791366
          ],
          [
            80.2815133,
            13.0789897
          ],
          [
            80.2816619,
            13.0788147
          ],
          [
            80.2819828,
            13.0783803
          ],
          [
            80.282412,
            13.0774188
          ],
          [
            80.2830986,
            13.0760394
          ],
          [
            80.2835707,
            13.0748271
          ],
          [
            80.2836606,
            13.0744018
          ],
          [
            80.2838711,
            13.0734058
          ],
          [
            80.2840428,
            13.0711484
          ],
          [
            80.2840428,
            13.0696853
          ]
        ]
      },
      "id": "way/85130915"
    },
    {
      "type": "Feature",
      "properties": {
        "@id": "way/85588690",
        "waterway": "stream"
      },
      "geometry": {
        "type": "LineString",
        "coordinates": [
          [
            80.0082538,
            13.0555429
          ],
          [
            80.0083818,
            13.0554268
          ],
          [
            80.0085397,
            13.0553849
          ],
          [
            80.0086977,
            13.0554338
          ],
          [
            80.0088556,
            13.0556087
          ],
          [
            80.0090996,
            13.0556646
          ],
          [
            80.0092001,
            13.0557205
          ],
          [
            80.0093329,
            13.0559415
          ],
          [
            80.0094586,
            13.0560143
          ],
          [
            80.0095663,
            13.0559863
          ],
          [
            80.0097816,
            13.0560282
          ],
          [
            80.0100903,
            13.0560073
          ],
          [
            80.0101836,
            13.0558674
          ],
          [
            80.0103631,
            13.0558045
          ],
          [
            80.0105497,
            13.0556506
          ],
          [
            80.010722,
            13.0556017
          ],
          [
            80.0107364,
            13.0554968
          ],
          [
            80.0109086,
            13.0554338
          ],
          [
            80.0110235,
            13.0554758
          ],
          [
            80.0113035,
            13.0554548
          ],
          [
            80.0116409,
            13.055308
          ],
          [
            80.0119926,
            13.055238
          ],
          [
            80.0121577,
            13.0553499
          ],
          [
            80.012452,
            13.0554828
          ],
          [
            80.0129976,
            13.0557485
          ],
          [
            80.0133206,
            13.0559443
          ],
          [
            80.0136221,
            13.0560842
          ],
          [
            80.0139308,
            13.0561331
          ],
          [
            80.014821,
            13.0563359
          ],
          [
            80.0153522,
            13.0564059
          ],
          [
            80.0155316,
            13.0565247
          ],
          [
            80.015625,
            13.0566366
          ],
          [
            80.015826,
            13.0565737
          ],
          [
            80.0161562,
            13.0566017
          ],
          [
            80.0167305,
            13.0566856
          ],
          [
            80.0172688,
            13.0567066
          ],
          [
            80.0177426,
            13.0566226
          ],
          [
            80.01808,
            13.0565947
          ],
          [
            80.0184677,
            13.0565597
          ],
          [
            80.0190994,
            13.0565527
          ],
          [
            80.0197167,
            13.0565247
          ],
          [
            80.0200469,
            13.0564198
          ],
          [
            80.0206044,
            13.056349
          ],
          [
            80.021282,
            13.0563154
          ],
          [
            80.0218391,
            13.0561923
          ],
          [
            80.0224823,
            13.0560916
          ],
          [
            80.0229991,
            13.0560916
          ],
          [
            80.0234069,
            13.0560916
          ],
          [
            80.0238433,
            13.0560133
          ],
          [
            80.0243963,
            13.0560948
          ],
          [
            80.0249399,
            13.0561724
          ],
          [
            80.0251182,
            13.0561979
          ],
          [
            80.0253834,
            13.0562568
          ],
          [
            80.0255336,
            13.0563299
          ],
          [
            80.0258476,
            13.0563769
          ],
          [
            80.026188,
            13.0565442
          ],
          [
            80.0265941,
            13.056679
          ],
          [
            80.0268318,
            13.0567375
          ]
        ]
      },
      "id": "way/85588690"
    },
    {
      "type": "Feature",
      "properties": {
        "@id": "way/85857111",
        "layer": "-1",
        "waterway": "drain"
      },
      "geometry": {
        "type": "LineString",
        "coordinates": [
          [
            80.2414098,
            13.0303135
          ],
          [
            80.2413864,
            13.0302377
          ],
          [
            80.2410215,
            13.0288542
          ]
        ]
      },
      "id": "way/85857111"
    },
    {
      "type": "Feature",
      "properties": {
        "@id": "way/85933506",
        "waterway": "drain"
      },
      "geometry": {
        "type": "LineString",
        "coordinates": [
          [
            80.1473196,
            12.9802561
          ],
          [
            80.1481343,
            12.9801247
          ],
          [
            80.1482547,
            12.9804941
          ],
          [
            80.1483011,
            12.9806332
          ],
          [
            80.1483689,
            12.9807559
          ],
          [
            80.1484502,
            12.9808573
          ],
          [
            80.148593,
            12.9809749
          ],
          [
            80.1492991,
            12.9814902
          ],
          [
            80.1499135,
            12.981968
          ],
          [
            80.1501566,
            12.9821605
          ],
          [
            80.1503337,
            12.9822829
          ],
          [
            80.1504178,
            12.9823389
          ]
        ]
      },
      "id": "way/85933506"
    },
    {
      "type": "Feature",
      "properties": {
        "@id": "way/85933507",
        "waterway": "drain"
      },
      "geometry": {
        "type": "LineString",
        "coordinates": [
          [
            80.1533048,
            12.9857871
          ],
          [
            80.1528869,
            12.986497
          ],
          [
            80.1527454,
            12.9867682
          ],
          [
            80.1528517,
            12.9871255
          ],
          [
            80.1531313,
            12.9873315
          ],
          [
            80.153263,
            12.9875232
          ],
          [
            80.1536717,
            12.9874714
          ],
          [
            80.1537216,
            12.9878081
          ],
          [
            80.1541354,
            12.9877266
          ],
          [
            80.1543777,
            12.9883209
          ],
          [
            80.1551478,
            12.9884325
          ]
        ]
      },
      "id": "way/85933507"
    },
    {
      "type": "Feature",
      "properties": {
        "@id": "way/96944716",
        "waterway": "canal"
      },
      "geometry": {
        "type": "LineString",
        "coordinates": [
          [
            80.0472648,
            13.0397445
          ],
          [
            80.0471654,
            13.039156
          ],
          [
            80.0467126,
            13.0383868
          ],
          [
            80.0463153,
            13.0371488
          ],
          [
            80.0462539,
            13.0370687
          ],
          [
            80.045354,
            13.0358945
          ],
          [
            80.0448977,
            13.0350004
          ],
          [
            80.0444231,
            13.0344123
          ],
          [
            80.0435164,
            13.0338326
          ],
          [
            80.043131,
            13.0328675
          ],
          [
            80.0426556,
            13.0320219
          ],
          [
            80.0422046,
            13.0308595
          ],
          [
            80.0417577,
            13.0296481
          ],
          [
            80.0418178,
            13.0283604
          ],
          [
            80.0426761,
            13.0271144
          ],
          [
            80.0432941,
            13.0260775
          ],
          [
            80.043534,
            13.0244834
          ],
          [
            80.0432726,
            13.0233308
          ],
          [
            80.0430159,
            13.0219746
          ],
          [
            80.0430937,
            13.0211184
          ],
          [
            80.0434281,
            13.0205502
          ],
          [
            80.0442213,
            13.0198683
          ],
          [
            80.0454034,
            13.0193833
          ],
          [
            80.0457378,
            13.0189894
          ],
          [
            80.0457892,
            13.0186774
          ],
          [
            80.0457144,
            13.0183984
          ]
        ]
      },
      "id": "way/96944716"
    },
    {
      "type": "Feature",
      "properties": {
        "@id": "way/96944722",
        "waterway": "weir"
      },
      "geometry": {
        "type": "LineString",
        "coordinates": [
          [
            80.1114907,
            13.075906
          ],
          [
            80.1125869,
            13.0762331
          ]
        ]
      },
      "id": "way/96944722"
    },
    {
      "type": "Feature",
      "properties": {
        "@id": "way/98357317",
        "waterway": "drain"
      },
      "geometry": {
        "type": "LineString",
        "coordinates": [
          [
            80.184936,
            12.8967666
          ],
          [
            80.1845546,
            12.8965997
          ],
          [
            80.1843077,
            12.8965054
          ],
          [
            80.1840261,
            12.8963897
          ],
          [
            80.1837484,
            12.8961251
          ],
          [
            80.1834939,
            12.8958507
          ],
          [
            80.1832814,
            12.8955261
          ],
          [
            80.1831247,
            12.8952076
          ],
          [
            80.1828825,
            12.8946191
          ],
          [
            80.1825158,
            12.8941268
          ],
          [
            80.182399,
            12.8937171
          ],
          [
            80.1824146,
            12.8932013
          ],
          [
            80.1824846,
            12.8930647
          ],
          [
            80.1822137,
            12.8928776
          ],
          [
            80.1818938,
            12.892313
          ],
          [
            80.1815664,
            12.8920179
          ],
          [
            80.1811539,
            12.8917296
          ]
        ]
      },
      "id": "way/98357317"
    },
    {
      "type": "Feature",
      "properties": {
        "@id": "way/98357329",
        "layer": "-1",
        "tunnel": "culvert",
        "waterway": "drain"
      },
      "geometry": {
        "type": "LineString",
        "coordinates": [
          [
            80.2099966,
            12.8228454
          ],
          [
            80.221159,
            12.8228336
          ],
          [
            80.2212562,
            12.8229403
          ],
          [
            80.2240635,
            12.822898
          ],
          [
            80.2241174,
            12.8221791
          ],
          [
            80.2253843,
            12.8220139
          ],
          [
            80.2254866,
            12.8220734
          ],
          [
            80.2256031,
            12.8223912
          ],
          [
            80.2261797,
            12.8224909
          ]
        ]
      },
      "id": "way/98357329"
    },
    {
      "type": "Feature",
      "properties": {
        "@id": "way/98357496",
        "waterway": "drain"
      },
      "geometry": {
        "type": "LineString",
        "coordinates": [
          [
            80.226143,
            12.8226865
          ],
          [
            80.2261797,
            12.8224909
          ],
          [
            80.2264909,
            12.8225472
          ],
          [
            80.2274758,
            12.8225709
          ],
          [
            80.2278518,
            12.8228154
          ],
          [
            80.2281439,
            12.8228344
          ],
          [
            80.2282054,
            12.8227488
          ],
          [
            80.2285215,
            12.8223146
          ],
          [
            80.2287162,
            12.8222718
          ],
          [
            80.2288998,
            12.8221845
          ],
          [
            80.229024,
            12.8221072
          ],
          [
            80.2291107,
            12.8219789
          ],
          [
            80.229241,
            12.8220316
          ],
          [
            80.2292546,
            12.8221227
          ],
          [
            80.2299463,
            12.8236351
          ],
          [
            80.2300832,
            12.8241362
          ],
          [
            80.2304431,
            12.8241858
          ],
          [
            80.2309878,
            12.8242866
          ],
          [
            80.2314128,
            12.8243162
          ],
          [
            80.2316673,
            12.8242934
          ],
          [
            80.2324869,
            12.8238905
          ],
          [
            80.2331477,
            12.8236514
          ],
          [
            80.2338179,
            12.8235376
          ],
          [
            80.234243,
            12.8235196
          ],
          [
            80.2346568,
            12.8235803
          ],
          [
            80.2351629,
            12.8239997
          ],
          [
            80.2355468,
            12.8242806
          ],
          [
            80.2360181,
            12.8247211
          ],
          [
            80.2361025,
            12.8247374
          ],
          [
            80.236352,
            12.8247914
          ]
        ]
      },
      "id": "way/98357496"
    },
    {
      "type": "Feature",
      "properties": {
        "@id": "way/98357538",
        "waterway": "drain"
      },
      "geometry": {
        "type": "LineString",
        "coordinates": [
          [
            80.2031162,
            12.8071406
          ],
          [
            80.2032257,
            12.8071654
          ],
          [
            80.2034488,
            12.8071249
          ],
          [
            80.2036071,
            12.8070857
          ],
          [
            80.2043071,
            12.8068241
          ],
          [
            80.2049214,
            12.8065102
          ],
          [
            80.20527,
            12.8062696
          ],
          [
            80.2061968,
            12.8054849
          ]
        ]
      },
      "id": "way/98357538"
    },
    {
      "type": "Feature",
      "properties": {
        "@id": "way/98357590",
        "waterway": "drain"
      },
      "geometry": {
        "type": "LineString",
        "coordinates": [
          [
            80.0681273,
            12.8548275
          ],
          [
            80.0679485,
            12.8552733
          ],
          [
            80.068051,
            12.8556099
          ],
          [
            80.0664964,
            12.857558
          ],
          [
            80.0663703,
            12.8581822
          ],
          [
            80.0656378,
            12.8585987
          ],
          [
            80.0654196,
            12.8588738
          ],
          [
            80.0652669,
            12.8594447
          ],
          [
            80.0650832,
            12.8599005
          ],
          [
            80.065067,
            12.8601586
          ],
          [
            80.0649385,
            12.8606514
          ],
          [
            80.0649177,
            12.861024
          ],
          [
            80.064635,
            12.8614846
          ],
          [
            80.0645345,
            12.8615811
          ],
          [
            80.0641859,
            12.8616988
          ],
          [
            80.0641055,
            12.8618976
          ],
          [
            80.0642076,
            12.8621529
          ],
          [
            80.0643526,
            12.8625892
          ],
          [
            80.0642183,
            12.862881
          ],
          [
            80.0640209,
            12.8630315
          ],
          [
            80.0632948,
            12.8634097
          ],
          [
            80.0624967,
            12.8640922
          ],
          [
            80.0625229,
            12.8643739
          ],
          [
            80.0625524,
            12.8645197
          ],
          [
            80.062488,
            12.8648092
          ],
          [
            80.0625455,
            12.8649802
          ],
          [
            80.0626365,
            12.8654657
          ],
          [
            80.0624818,
            12.8658863
          ],
          [
            80.0626264,
            12.866275
          ],
          [
            80.06288,
            12.866536
          ],
          [
            80.06296,
            12.8668048
          ],
          [
            80.0628985,
            12.8671625
          ],
          [
            80.0629553,
            12.8676068
          ],
          [
            80.0630191,
            12.867735
          ],
          [
            80.063283,
            12.8681057
          ],
          [
            80.0632678,
            12.8682958
          ],
          [
            80.0632192,
            12.86845
          ],
          [
            80.0628124,
            12.8689077
          ],
          [
            80.0626789,
            12.8691145
          ],
          [
            80.0623812,
            12.8695916
          ],
          [
            80.061972,
            12.8701108
          ],
          [
            80.0618823,
            12.8704887
          ],
          [
            80.0617361,
            12.870854
          ],
          [
            80.0615581,
            12.8714063
          ],
          [
            80.0613565,
            12.8723171
          ],
          [
            80.0610048,
            12.8728512
          ],
          [
            80.0607699,
            12.8730979
          ],
          [
            80.0606802,
            12.8734813
          ],
          [
            80.0607261,
            12.8739886
          ],
          [
            80.0609279,
            12.8745087
          ],
          [
            80.0609706,
            12.8746187
          ],
          [
            80.0572475,
            12.8777716
          ],
          [
            80.05652,
            12.8789685
          ]
        ]
      },
      "id": "way/98357590"
    },
    {
      "type": "Feature",
      "properties": {
        "@id": "way/102550193",
        "name": "Red Hills Reservoir Overflow",
        "waterway": "drain"
      },
      "geometry": {
        "type": "LineString",
        "coordinates": [
          [
            80.2227231,
            13.1704373
          ],
          [
            80.2240791,
            13.1715693
          ],
          [
            80.2250406,
            13.1718998
          ],
          [
            80.2262126,
            13.1717158
          ],
          [
            80.2266724,
            13.1717622
          ],
          [
            80.2275581,
            13.1720572
          ],
          [
            80.2284971,
            13.1728014
          ],
          [
            80.2290828,
            13.1739367
          ],
          [
            80.229117,
            13.1748193
          ],
          [
            80.2295271,
            13.1755458
          ],
          [
            80.2306396,
            13.176083
          ],
          [
            80.2321203,
            13.1778585
          ],
          [
            80.2326984,
            13.1780526
          ],
          [
            80.2344831,
            13.1778195
          ],
          [
            80.2352622,
            13.1778009
          ],
          [
            80.2355865,
            13.17777
          ],
          [
            80.2360485,
            13.1776279
          ],
          [
            80.2366137,
            13.1775232
          ],
          [
            80.2372518,
            13.1780529
          ],
          [
            80.2395263,
            13.1794318
          ],
          [
            80.2455774,
            13.1808525
          ],
          [
            80.248324,
            13.1818135
          ]
        ]
      },
      "id": "way/102550193"
    },
    {
      "type": "Feature",
      "properties": {
        "@id": "way/102550200",
        "layer": "-1",
        "waterway": "drain"
      },
      "geometry": {
        "type": "LineString",
        "coordinates": [
          [
            80.2515306,
            13.1663649
          ],
          [
            80.2514584,
            13.1662283
          ],
          [
            80.2511759,
            13.1658799
          ]
        ]
      },
      "id": "way/102550200"
    },
    {
      "type": "Feature",
      "properties": {
        "@id": "way/102550208",
        "layer": "-1",
        "name": "Jawahar Canal",
        "waterway": "drain"
      },
      "geometry": {
        "type": "LineString",
        "coordinates": [
          [
            80.2423321,
            13.1233406
          ],
          [
            80.2423706,
            13.1232376
          ],
          [
            80.2429823,
            13.1230883
          ],
          [
            80.2448792,
            13.1229329
          ],
          [
            80.2454871,
            13.1225254
          ],
          [
            80.2457821,
            13.1225201
          ],
          [
            80.2467209,
            13.1225358
          ],
          [
            80.2488103,
            13.1220355
          ],
          [
            80.2489991,
            13.1221191
          ],
          [
            80.2491572,
            13.1224665
          ]
        ]
      },
      "id": "way/102550208"
    },
    {
      "type": "Feature",
      "properties": {
        "@id": "way/102550210",
        "layer": "-1",
        "waterway": "drain"
      },
      "geometry": {
        "type": "LineString",
        "coordinates": [
          [
            80.2103977,
            12.9888797
          ],
          [
            80.2120121,
            12.988756
          ],
          [
            80.2149296,
            12.9880186
          ],
          [
            80.2172517,
            12.9873198
          ],
          [
            80.2180981,
            12.9870545
          ]
        ]
      },
      "id": "way/102550210"
    },
    {
      "type": "Feature",
      "properties": {
        "@id": "way/102550213",
        "layer": "-1",
        "tunnel": "yes",
        "waterway": "drain"
      },
      "geometry": {
        "type": "LineString",
        "coordinates": [
          [
            80.2180981,
            12.9870545
          ],
          [
            80.2184063,
            12.9869953
          ]
        ]
      },
      "id": "way/102550213"
    },
    {
      "type": "Feature",
      "properties": {
        "@id": "way/102550225",
        "waterway": "drain"
      },
      "geometry": {
        "type": "LineString",
        "coordinates": [
          [
            80.2385342,
            13.131275
          ],
          [
            80.238685,
            13.1313308
          ],
          [
            80.239592,
            13.1310994
          ],
          [
            80.2401495,
            13.130811
          ],
          [
            80.2407902,
            13.1303341
          ],
          [
            80.2409283,
            13.1304299
          ],
          [
            80.2411042,
            13.1305931
          ],
          [
            80.2412614,
            13.1306919
          ],
          [
            80.2417635,
            13.1304307
          ],
          [
            80.2427547,
            13.1300233
          ],
          [
            80.2437891,
            13.1296785
          ],
          [
            80.2465357,
            13.1293358
          ],
          [
            80.247661,
            13.1298388
          ],
          [
            80.2494713,
            13.130185
          ],
          [
            80.2502843,
            13.1308781
          ],
          [
            80.2523808,
            13.1321108
          ],
          [
            80.2529524,
            13.1323101
          ],
          [
            80.2533335,
            13.1331389
          ],
          [
            80.2533678,
            13.1342673
          ],
          [
            80.2536768,
            13.1356131
          ],
          [
            80.2535652,
            13.1361146
          ],
          [
            80.253282,
            13.1362817
          ],
          [
            80.2500719,
            13.1365659
          ],
          [
            80.2493171,
            13.136793
          ],
          [
            80.2490931,
            13.1368378
          ],
          [
            80.2486579,
            13.1369407
          ],
          [
            80.247394,
            13.1373098
          ],
          [
            80.2457117,
            13.1379869
          ],
          [
            80.2451023,
            13.1380788
          ]
        ]
      },
      "id": "way/102550225"
    },
    {
      "type": "Feature",
      "properties": {
        "@id": "way/102550226",
        "name": "Virugambakkam Canal",
        "waterway": "canal"
      },
      "geometry": {
        "type": "LineString",
        "coordinates": [
          [
            80.1853664,
            13.0580633
          ],
          [
            80.1855822,
            13.0582661
          ],
          [
            80.1856142,
            13.0586939
          ],
          [
            80.1856658,
            13.0587456
          ],
          [
            80.1868719,
            13.0587626
          ],
          [
            80.1889479,
            13.0588919
          ],
          [
            80.189434,
            13.0590219
          ],
          [
            80.1896647,
            13.0592008
          ],
          [
            80.1901764,
            13.0606271
          ],
          [
            80.1907343,
            13.0615803
          ],
          [
            80.1918072,
            13.0610786
          ],
          [
            80.1922449,
            13.0609699
          ],
          [
            80.1924938,
            13.0610452
          ],
          [
            80.1930174,
            13.0617893
          ],
          [
            80.1932921,
            13.0620067
          ],
          [
            80.193807,
            13.0619231
          ],
          [
            80.1947855,
            13.0610201
          ],
          [
            80.1951353,
            13.0608203
          ],
          [
            80.195845,
            13.0607295
          ],
          [
            80.1961579,
            13.0606571
          ],
          [
            80.19706,
            13.0606856
          ],
          [
            80.1974634,
            13.0608194
          ],
          [
            80.1977123,
            13.0611706
          ],
          [
            80.1976437,
            13.061806
          ],
          [
            80.197678,
            13.0620401
          ],
          [
            80.1979355,
            13.0621237
          ],
          [
            80.1983818,
            13.06199
          ],
          [
            80.1987852,
            13.0613378
          ],
          [
            80.1990856,
            13.061204
          ],
          [
            80.2007833,
            13.0614044
          ],
          [
            80.2027304,
            13.0619524
          ],
          [
            80.2048829,
            13.0617974
          ],
          [
            80.2058811,
            13.0611831
          ],
          [
            80.2071791,
            13.0610022
          ],
          [
            80.2077037,
            13.0608905
          ],
          [
            80.2089905,
            13.0605017
          ],
          [
            80.209198,
            13.0603623
          ],
          [
            80.2094391,
            13.0602229
          ],
          [
            80.2099346,
            13.0601087
          ],
          [
            80.2104153,
            13.0601171
          ],
          [
            80.2109045,
            13.0606856
          ],
          [
            80.2112822,
            13.0610702
          ],
          [
            80.2115198,
            13.0611684
          ],
          [
            80.2118433,
            13.0612364
          ]
        ]
      },
      "id": "way/102550226"
    },
    {
      "type": "Feature",
      "properties": {
        "@id": "way/102550241",
        "layer": "-1",
        "name": "Jawahar Canal",
        "tunnel": "yes",
        "waterway": "drain"
      },
      "geometry": {
        "type": "LineString",
        "coordinates": [
          [
            80.2420261,
            13.1235003
          ],
          [
            80.2423321,
            13.1233406
          ]
        ]
      },
      "id": "way/102550241"
    },
    {
      "type": "Feature",
      "properties": {
        "@id": "way/102550242",
        "layer": "-1",
        "waterway": "drain"
      },
      "geometry": {
        "type": "LineString",
        "coordinates": [
          [
            80.2184063,
            12.9869953
          ],
          [
            80.2186568,
            12.9869377
          ],
          [
            80.2190116,
            12.9868194
          ],
          [
            80.2193803,
            12.9867012
          ],
          [
            80.2198398,
            12.9864879
          ],
          [
            80.220859,
            12.9861691
          ],
          [
            80.2222806,
            12.9855523
          ],
          [
            80.2225596,
            12.9852282
          ],
          [
            80.2225167,
            12.9848727
          ]
        ]
      },
      "id": "way/102550242"
    },
    {
      "type": "Feature",
      "properties": {
        "@id": "way/102553762",
        "waterway": "drain"
      },
      "geometry": {
        "type": "LineString",
        "coordinates": [
          [
            80.1971842,
            13.1430365
          ],
          [
            80.1976411,
            13.1442477
          ]
        ]
      },
      "id": "way/102553762"
    },
    {
      "type": "Feature",
      "properties": {
        "@id": "way/102553767",
        "layer": "-1",
        "tunnel": "yes",
        "waterway": "drain"
      },
      "geometry": {
        "type": "LineString",
        "coordinates": [
          [
            80.2131811,
            13.1498424
          ],
          [
            80.2129575,
            13.1495712
          ]
        ]
      },
      "id": "way/102553767"
    },
    {
      "type": "Feature",
      "properties": {
        "@id": "way/102553827",
        "layer": "-1",
        "waterway": "drain"
      },
      "geometry": {
        "type": "LineString",
        "coordinates": [
          [
            80.2138461,
            13.150953
          ],
          [
            80.2133951,
            13.1501437
          ],
          [
            80.2131811,
            13.1498424
          ]
        ]
      },
      "id": "way/102553827"
    },
    {
      "type": "Feature",
      "properties": {
        "@id": "way/102553836",
        "layer": "-1",
        "waterway": "drain"
      },
      "geometry": {
        "type": "LineString",
        "coordinates": [
          [
            80.2129575,
            13.1495712
          ],
          [
            80.2117485,
            13.1475606
          ]
        ]
      },
      "id": "way/102553836"
    },
    {
      "type": "Feature",
      "properties": {
        "@id": "way/102553851",
        "layer": "-1",
        "waterway": "river",
        "width": "3"
      },
      "geometry": {
        "type": "LineString",
        "coordinates": [
          [
            80.1895544,
            13.1321468
          ],
          [
            80.1896809,
            13.132852
          ],
          [
            80.1907109,
            13.1336293
          ],
          [
            80.1917949,
            13.1337512
          ],
          [
            80.1920301,
            13.1337776
          ],
          [
            80.1929425,
            13.1338801
          ],
          [
            80.1932579,
            13.1341326
          ],
          [
            80.193569,
            13.1343816
          ],
          [
            80.1943157,
            13.1370563
          ],
          [
            80.1954058,
            13.1380092
          ],
          [
            80.1970366,
            13.1416283
          ],
          [
            80.1970366,
            13.1426731
          ],
          [
            80.1971842,
            13.1430365
          ]
        ]
      },
      "id": "way/102553851"
    },
    {
      "type": "Feature",
      "properties": {
        "@id": "way/102559091",
        "layer": "-1",
        "waterway": "drain"
      },
      "geometry": {
        "type": "LineString",
        "coordinates": [
          [
            80.1903496,
            12.9506344
          ],
          [
            80.1904295,
            12.9506913
          ],
          [
            80.1905337,
            12.9509037
          ],
          [
            80.1906053,
            12.9509985
          ],
          [
            80.1907095,
            12.9511948
          ],
          [
            80.1908564,
            12.9512984
          ],
          [
            80.1910049,
            12.9513627
          ],
          [
            80.1913477,
            12.9516072
          ],
          [
            80.1915176,
            12.9517935
          ],
          [
            80.1921871,
            12.9519719
          ],
          [
            80.1925703,
            12.9520089
          ],
          [
            80.1930679,
            12.9519073
          ],
          [
            80.1933865,
            12.9520315
          ],
          [
            80.1936838,
            12.952166
          ],
          [
            80.1941085,
            12.9523626
          ],
          [
            80.1945014,
            12.9523937
          ],
          [
            80.1946926,
            12.9523419
          ],
          [
            80.1951173,
            12.9520211
          ],
          [
            80.1952447,
            12.9518245
          ],
          [
            80.1954996,
            12.9516796
          ],
          [
            80.1961155,
            12.9516279
          ],
          [
            80.1966358,
            12.95169
          ],
          [
            80.1970817,
            12.9517417
          ],
          [
            80.1976552,
            12.951721
          ],
          [
            80.1988975,
            12.9515141
          ],
          [
            80.1992586,
            12.9515347
          ],
          [
            80.1998532,
            12.9514002
          ],
          [
            80.2001293,
            12.9511105
          ],
          [
            80.2002355,
            12.9508621
          ],
          [
            80.2005115,
            12.9506758
          ],
          [
            80.2009151,
            12.9505723
          ],
          [
            80.2017008,
            12.9505103
          ],
          [
            80.2020725,
            12.9505309
          ],
          [
            80.2021238,
            12.9504049
          ],
          [
            80.2020636,
            12.9501913
          ],
          [
            80.2019477,
            12.9498945
          ],
          [
            80.2019132,
            12.949806
          ],
          [
            80.2018916,
            12.9497444
          ]
        ]
      },
      "id": "way/102559091"
    },
    {
      "type": "Feature",
      "properties": {
        "@id": "way/102559098",
        "layer": "-1",
        "tunnel": "yes",
        "waterway": "drain"
      },
      "geometry": {
        "type": "LineString",
        "coordinates": [
          [
            80.1848601,
            12.9488579
          ],
          [
            80.1848882,
            12.949446
          ]
        ]
      },
      "id": "way/102559098"
    },
    {
      "type": "Feature",
      "properties": {
        "@id": "way/102574446",
        "layer": "-1",
        "waterway": "drain"
      },
      "geometry": {
        "type": "LineString",
        "coordinates": [
          [
            80.1580365,
            13.1094782
          ],
          [
            80.1579321,
            13.1086097
          ],
          [
            80.1579147,
            13.1084649
          ],
          [
            80.1577905,
            13.1082997
          ],
          [
            80.1573726,
            13.108105
          ],
          [
            80.1566761,
            13.1079576
          ],
          [
            80.1561098,
            13.1078838
          ],
          [
            80.1558108,
            13.1079144
          ],
          [
            80.1554663,
            13.1080398
          ],
          [
            80.1551029,
            13.1080545
          ],
          [
            80.1549279,
            13.1081294
          ],
          [
            80.1543956,
            13.1082273
          ],
          [
            80.1539165,
            13.1082849
          ],
          [
            80.1533309,
            13.1084001
          ],
          [
            80.1527808,
            13.1086594
          ],
          [
            80.1523301,
            13.108731
          ]
        ]
      },
      "id": "way/102574446"
    },
    {
      "type": "Feature",
      "properties": {
        "@id": "way/102574450",
        "layer": "-1",
        "tunnel": "yes",
        "waterway": "drain"
      },
      "geometry": {
        "type": "LineString",
        "coordinates": [
          [
            80.1742351,
            13.1141754
          ],
          [
            80.174397,
            13.1141607
          ]
        ]
      },
      "id": "way/102574450"
    },
    {
      "type": "Feature",
      "properties": {
        "@id": "way/102574451",
        "layer": "-1",
        "waterway": "drain"
      },
      "geometry": {
        "type": "LineString",
        "coordinates": [
          [
            80.174397,
            13.1141607
          ],
          [
            80.1754608,
            13.1140887
          ],
          [
            80.1778841,
            13.1138726
          ],
          [
            80.1795785,
            13.1137286
          ]
        ]
      },
      "id": "way/102574451"
    },
    {
      "type": "Feature",
      "properties": {
        "@id": "way/102574504",
        "layer": "-1",
        "waterway": "drain"
      },
      "geometry": {
        "type": "LineString",
        "coordinates": [
          [
            80.1796096,
            13.1140778
          ],
          [
            80.1794972,
            13.1147801
          ],
          [
            80.1794834,
            13.1153853
          ],
          [
            80.1800661,
            13.1179994
          ],
          [
            80.1825949,
            13.1213601
          ],
          [
            80.1871519,
            13.1257468
          ],
          [
            80.1900231,
            13.1280043
          ],
          [
            80.1902602,
            13.129646
          ],
          [
            80.1898387,
            13.1315956
          ],
          [
            80.1895544,
            13.1321468
          ]
        ]
      },
      "id": "way/102574504"
    },
    {
      "type": "Feature",
      "properties": {
        "@id": "way/102574528",
        "layer": "-1",
        "tunnel": "yes",
        "waterway": "drain"
      },
      "geometry": {
        "type": "LineString",
        "coordinates": [
          [
            80.1795785,
            13.1137286
          ],
          [
            80.1796096,
            13.1140778
          ]
        ]
      },
      "id": "way/102574528"
    },
    {
      "type": "Feature",
      "properties": {
        "@id": "way/102574534",
        "layer": "-1",
        "waterway": "drain"
      },
      "geometry": {
        "type": "LineString",
        "coordinates": [
          [
            80.2128425,
            13.1314079
          ],
          [
            80.2129451,
            13.1344319
          ],
          [
            80.2130623,
            13.1386083
          ],
          [
            80.2128986,
            13.1418765
          ],
          [
            80.2119818,
            13.145878
          ],
          [
            80.2117485,
            13.1475606
          ]
        ]
      },
      "id": "way/102574534"
    },
    {
      "type": "Feature",
      "properties": {
        "@id": "way/102574536",
        "layer": "-1",
        "tunnel": "yes",
        "waterway": "drain"
      },
      "geometry": {
        "type": "LineString",
        "coordinates": [
          [
            80.1523301,
            13.108731
          ],
          [
            80.1521267,
            13.1087402
          ]
        ]
      },
      "id": "way/102574536"
    },
    {
      "type": "Feature",
      "properties": {
        "@id": "way/102574539",
        "layer": "-1",
        "waterway": "drain"
      },
      "geometry": {
        "type": "LineString",
        "coordinates": [
          [
            80.1521267,
            13.1087402
          ],
          [
            80.1519421,
            13.1088509
          ],
          [
            80.1517008,
            13.1089062
          ],
          [
            80.1514311,
            13.1088509
          ],
          [
            80.151327,
            13.1087356
          ],
          [
            80.1513128,
            13.1084177
          ],
          [
            80.1513507,
            13.1080398
          ],
          [
            80.1513459,
            13.1077402
          ],
          [
            80.1512418,
            13.1074729
          ],
          [
            80.1510289,
            13.1072748
          ],
          [
            80.150693,
            13.107201
          ],
          [
            80.1504848,
            13.1070213
          ],
          [
            80.1503381,
            13.1064591
          ],
          [
            80.1502292,
            13.1057033
          ],
          [
            80.15004,
            13.1053254
          ],
          [
            80.1498903,
            13.1050381
          ],
          [
            80.1498176,
            13.1046848
          ],
          [
            80.1495289,
            13.103823
          ]
        ]
      },
      "id": "way/102574539"
    },
    {
      "type": "Feature",
      "properties": {
        "@id": "way/102574544",
        "layer": "-1",
        "waterway": "drain"
      },
      "geometry": {
        "type": "LineString",
        "coordinates": [
          [
            80.1953847,
            13.1118541
          ],
          [
            80.1874092,
            13.1127115
          ],
          [
            80.1875076,
            13.1097561
          ],
          [
            80.1819454,
            13.1102541
          ],
          [
            80.1802105,
            13.1104604
          ],
          [
            80.1797872,
            13.1104962
          ]
        ]
      },
      "id": "way/102574544"
    },
    {
      "type": "Feature",
      "properties": {
        "@id": "way/102574550",
        "layer": "-1",
        "waterway": "drain"
      },
      "geometry": {
        "type": "LineString",
        "coordinates": [
          [
            80.1763254,
            13.1051288
          ],
          [
            80.1769121,
            13.1052032
          ],
          [
            80.1769852,
            13.1055463
          ],
          [
            80.1778054,
            13.1055934
          ],
          [
            80.1782819,
            13.1061651
          ],
          [
            80.1783924,
            13.1066628
          ],
          [
            80.1787514,
            13.106925
          ],
          [
            80.179435,
            13.1069856
          ],
          [
            80.1796698,
            13.1073824
          ],
          [
            80.1798563,
            13.1088081
          ],
          [
            80.1797872,
            13.1104962
          ],
          [
            80.1793729,
            13.1111216
          ],
          [
            80.1794834,
            13.113314
          ],
          [
            80.1795785,
            13.1137286
          ]
        ]
      },
      "id": "way/102574550"
    },
    {
      "type": "Feature",
      "properties": {
        "@id": "way/102574585",
        "layer": "-1",
        "waterway": "drain"
      },
      "geometry": {
        "type": "LineString",
        "coordinates": [
          [
            80.1579147,
            13.1084649
          ],
          [
            80.1587444,
            13.1085091
          ],
          [
            80.1611489,
            13.1085893
          ],
          [
            80.1621002,
            13.1085069
          ],
          [
            80.1632943,
            13.1083838
          ],
          [
            80.1635522,
            13.1112525
          ],
          [
            80.1636484,
            13.1125712
          ]
        ]
      },
      "id": "way/102574585"
    },
    {
      "type": "Feature",
      "properties": {
        "@id": "way/102575799",
        "waterway": "drain"
      },
      "geometry": {
        "type": "LineString",
        "coordinates": [
          [
            80.1237547,
            13.0514004
          ],
          [
            80.1254144,
            13.0490013
          ],
          [
            80.1259178,
            13.0482737
          ],
          [
            80.1262407,
            13.047807
          ]
        ]
      },
      "id": "way/102575799"
    },
    {
      "type": "Feature",
      "properties": {
        "@id": "way/102580554",
        "layer": "-1",
        "name": "Raj Bhavan Canal",
        "waterway": "drain"
      },
      "geometry": {
        "type": "LineString",
        "coordinates": [
          [
            80.2169341,
            12.995015
          ],
          [
            80.2166057,
            12.9948664
          ],
          [
            80.2164651,
            12.9945265
          ],
          [
            80.2159568,
            12.9938105
          ],
          [
            80.2148891,
            12.9940552
          ],
          [
            80.2144599,
            12.9933527
          ],
          [
            80.2140849,
            12.99306
          ],
          [
            80.2139039,
            12.9927141
          ],
          [
            80.2144135,
            12.9924686
          ],
          [
            80.2142957,
            12.9920692
          ],
          [
            80.2144673,
            12.9919869
          ],
          [
            80.2143842,
            12.9917099
          ],
          [
            80.214297,
            12.9915191
          ],
          [
            80.2142635,
            12.9914877
          ],
          [
            80.2141696,
            12.9913315
          ],
          [
            80.214126,
            12.9913159
          ],
          [
            80.2140261,
            12.991344
          ],
          [
            80.2139986,
            12.9913329
          ],
          [
            80.2139685,
            12.9912682
          ],
          [
            80.2139368,
            12.9911804
          ],
          [
            80.2143998,
            12.9909524
          ],
          [
            80.2147346,
            12.9906262
          ],
          [
            80.2153237,
            12.9904213
          ],
          [
            80.2151669,
            12.9897027
          ],
          [
            80.2150516,
            12.9890484
          ]
        ]
      },
      "id": "way/102580554"
    },
    {
      "type": "Feature",
      "properties": {
        "@id": "way/102580558",
        "layer": "-1",
        "name": "Raj Bhavan Canal",
        "tunnel": "yes",
        "waterway": "drain"
      },
      "geometry": {
        "type": "LineString",
        "coordinates": [
          [
            80.2150516,
            12.9890484
          ],
          [
            80.2150291,
            12.9887956
          ]
        ]
      },
      "id": "way/102580558"
    },
    {
      "type": "Feature",
      "properties": {
        "@id": "way/102580561",
        "layer": "-1",
        "name": "Raj Bhavan Canal",
        "tunnel": "yes",
        "waterway": "drain"
      },
      "geometry": {
        "type": "LineString",
        "coordinates": [
          [
            80.2170965,
            12.9951777
          ],
          [
            80.2169341,
            12.995015
          ]
        ]
      },
      "id": "way/102580561"
    },
    {
      "type": "Feature",
      "properties": {
        "@id": "way/102580579",
        "layer": "-1",
        "name": "Raj Bhavan Canal",
        "waterway": "drain"
      },
      "geometry": {
        "type": "LineString",
        "coordinates": [
          [
            80.2150291,
            12.9887956
          ],
          [
            80.2149296,
            12.9880186
          ]
        ]
      },
      "id": "way/102580579"
    },
    {
      "type": "Feature",
      "properties": {
        "@id": "way/102655660",
        "waterway": "ditch"
      },
      "geometry": {
        "type": "LineString",
        "coordinates": [
          [
            80.0794082,
            12.9652043
          ],
          [
            80.0797794,
            12.9647727
          ],
          [
            80.0798591,
            12.9645403
          ],
          [
            80.0798702,
            12.9643274
          ],
          [
            80.079869,
            12.9642364
          ],
          [
            80.0798948,
            12.9640134
          ],
          [
            80.0799628,
            12.9637726
          ],
          [
            80.0799801,
            12.963483
          ],
          [
            80.0798672,
            12.9633101
          ],
          [
            80.0796047,
            12.962779
          ],
          [
            80.0795633,
            12.9625476
          ],
          [
            80.0795778,
            12.9622648
          ],
          [
            80.0799312,
            12.961821
          ]
        ]
      },
      "id": "way/102655660"
    },
    {
      "type": "Feature",
      "properties": {
        "@id": "way/102657796",
        "name": "Surplus water drain",
        "name:ta": "செம்பரம்பாக்கம் மழைநீர் வடிகால்",
        "waterway": "drain"
      },
      "geometry": {
        "type": "LineString",
        "coordinates": [
          [
            80.1413182,
            13.0177772
          ],
          [
            80.1416877,
            13.0175781
          ],
          [
            80.1423101,
            13.0172539
          ],
          [
            80.1428224,
            13.0171606
          ],
          [
            80.1435258,
            13.0170313
          ],
          [
            80.1439082,
            13.0168924
          ],
          [
            80.1439992,
            13.0168954
          ],
          [
            80.1440889,
            13.0169456
          ],
          [
            80.1441532,
            13.0169893
          ],
          [
            80.1442249,
            13.0170143
          ],
          [
            80.1443054,
            13.0170229
          ],
          [
            80.1444699,
            13.0170378
          ],
          [
            80.1448488,
            13.0170738
          ],
          [
            80.1452155,
            13.0171278
          ],
          [
            80.1455821,
            13.0171368
          ],
          [
            80.1458194,
            13.0171849
          ],
          [
            80.146109,
            13.017419
          ],
          [
            80.1463308,
            13.0175091
          ],
          [
            80.1465619,
            13.0175001
          ],
          [
            80.1468947,
            13.0176111
          ],
          [
            80.1472521,
            13.0176442
          ],
          [
            80.1475492,
            13.0176653
          ],
          [
            80.1477535,
            13.0177774
          ],
          [
            80.1478012,
            13.0177701
          ],
          [
            80.1478859,
            13.0177341
          ],
          [
            80.1479283,
            13.0176628
          ],
          [
            80.1480924,
            13.0176205
          ],
          [
            80.1487587,
            13.017392
          ],
          [
            80.1495567,
            13.0171909
          ],
          [
            80.14981,
            13.0171262
          ],
          [
            80.1501821,
            13.0171308
          ],
          [
            80.150481,
            13.0171639
          ],
          [
            80.150799,
            13.0172363
          ],
          [
            80.1512396,
            13.0172017
          ],
          [
            80.1516308,
            13.0171467
          ],
          [
            80.1517731,
            13.0171385
          ],
          [
            80.1518633,
            13.0171117
          ],
          [
            80.151958,
            13.017066
          ],
          [
            80.1520305,
            13.0170376
          ],
          [
            80.1524462,
            13.016968
          ],
          [
            80.1530698,
            13.01696
          ],
          [
            80.1533048,
            13.0169883
          ],
          [
            80.1545297,
            13.0171773
          ],
          [
            80.1547357,
            13.0164498
          ],
          [
            80.154976,
            13.0163494
          ],
          [
            80.1556112,
            13.0162825
          ],
          [
            80.1557401,
            13.0165641
          ],
          [
            80.1559493,
            13.016585
          ],
          [
            80.1562282,
            13.0166164
          ],
          [
            80.156416,
            13.0165327
          ],
          [
            80.1564976,
            13.016355
          ],
          [
            80.1566225,
            13.0162878
          ],
          [
            80.1566843,
            13.0160792
          ],
          [
            80.1568307,
            13.0159023
          ],
          [
            80.156926,
            13.0157971
          ],
          [
            80.1570504,
            13.0157072
          ],
          [
            80.1573987,
            13.0156292
          ],
          [
            80.1578376,
            13.0154247
          ],
          [
            80.158256,
            13.0151529
          ],
          [
            80.1585349,
            13.01497
          ],
          [
            80.1586372,
            13.0142377
          ],
          [
            80.1586945,
            13.0140175
          ],
          [
            80.1590177,
            13.0140867
          ],
          [
            80.1598975,
            13.0139456
          ],
          [
            80.1604608,
            13.0139038
          ],
          [
            80.1605025,
            13.0136038
          ],
          [
            80.1613191,
            13.0136436
          ],
          [
            80.1616678,
            13.0136477
          ],
          [
            80.1620486,
            13.0136268
          ],
          [
            80.1624992,
            13.0136581
          ],
          [
            80.1625475,
            13.0137888
          ],
          [
            80.1630679,
            13.0136895
          ],
          [
            80.1630732,
            13.0134334
          ],
          [
            80.1633736,
            13.0132713
          ],
          [
            80.163876,
            13.0132852
          ],
          [
            80.1643821,
            13.0132975
          ],
          [
            80.1649454,
            13.0133184
          ],
          [
            80.1649669,
            13.012686
          ],
          [
            80.1650744,
            13.0125726
          ],
          [
            80.1652405,
            13.0125605
          ],
          [
            80.1656642,
            13.0126076
          ],
          [
            80.1658227,
            13.0127273
          ],
          [
            80.166249,
            13.012963
          ],
          [
            80.1665922,
            13.0130158
          ],
          [
            80.1672263,
            13.0130685
          ],
          [
            80.167449,
            13.0129809
          ],
          [
            80.1676997,
            13.0130058
          ],
          [
            80.1678328,
            13.0130498
          ],
          [
            80.1679781,
            13.0130868
          ],
          [
            80.1688929,
            13.0131076
          ],
          [
            80.168946,
            13.0129835
          ],
          [
            80.1688787,
            13.0126042
          ],
          [
            80.1687124,
            13.0124421
          ],
          [
            80.1687018,
            13.0120835
          ],
          [
            80.1687295,
            13.0115665
          ],
          [
            80.1686667,
            13.011137
          ],
          [
            80.168399,
            13.0110869
          ],
          [
            80.1683786,
            13.0110003
          ],
          [
            80.168454,
            13.0105791
          ],
          [
            80.1684545,
            13.010425
          ],
          [
            80.1683886,
            13.0102242
          ],
          [
            80.1681832,
            13.009164
          ],
          [
            80.1689324,
            13.0089893
          ],
          [
            80.1688584,
            13.008503
          ],
          [
            80.1688125,
            13.008292
          ]
        ]
      },
      "id": "way/102657796"
    },
    {
      "type": "Feature",
      "properties": {
        "@id": "way/102657803",
        "layer": "-1",
        "tunnel": "yes",
        "waterway": "drain"
      },
      "geometry": {
        "type": "LineString",
        "coordinates": [
          [
            80.1411532,
            13.0178695
          ],
          [
            80.1413182,
            13.0177772
          ]
        ]
      },
      "id": "way/102657803"
    },
    {
      "type": "Feature",
      "properties": {
        "@id": "way/102658263",
        "layer": "-1",
        "waterway": "drain"
      },
      "geometry": {
        "type": "LineString",
        "coordinates": [
          [
            80.118451,
            13.0120379
          ],
          [
            80.1181393,
            13.0119851
          ],
          [
            80.117848,
            13.0118465
          ],
          [
            80.1174957,
            13.0117474
          ],
          [
            80.1171908,
            13.011589
          ],
          [
            80.1165879,
            13.0114702
          ],
          [
            80.1161543,
            13.011556
          ],
          [
            80.1157749,
            13.0115956
          ],
          [
            80.1155726,
            13.0115783
          ],
          [
            80.1153887,
            13.0115626
          ],
          [
            80.1150026,
            13.0115626
          ],
          [
            80.1145622,
            13.0115824
          ],
          [
            80.1144033,
            13.0115634
          ],
          [
            80.1142302,
            13.0115428
          ],
          [
            80.1139863,
            13.0114174
          ],
          [
            80.1136137,
            13.0111336
          ],
          [
            80.1133973,
            13.010953
          ],
          [
            80.1131056,
            13.0107969
          ],
          [
            80.1127637,
            13.0106334
          ],
          [
            80.1122344,
            13.010324
          ],
          [
            80.1117448,
            13.0098986
          ],
          [
            80.1113876,
            13.0094731
          ],
          [
            80.1107524,
            13.0088285
          ],
          [
            80.110329,
            13.0085835
          ],
          [
            80.1098526,
            13.0085706
          ],
          [
            80.1092704,
            13.0085706
          ],
          [
            80.1088735,
            13.008403
          ],
          [
            80.1084633,
            13.008403
          ],
          [
            80.1084077,
            13.0083786
          ],
          [
            80.107934,
            13.008171
          ]
        ]
      },
      "id": "way/102658263"
    },
    {
      "type": "Feature",
      "properties": {
        "@id": "way/102658265",
        "layer": "-1",
        "waterway": "drain"
      },
      "geometry": {
        "type": "LineString",
        "coordinates": [
          [
            80.1113279,
            13.0061447
          ],
          [
            80.1115668,
            13.0061084
          ],
          [
            80.1119237,
            13.0061407
          ],
          [
            80.1122217,
            13.0061407
          ],
          [
            80.1122685,
            13.0061367
          ],
          [
            80.1125266,
            13.0061143
          ],
          [
            80.1126689,
            13.0060548
          ],
          [
            80.1127705,
            13.006002
          ],
          [
            80.1127875,
            13.0059986
          ],
          [
            80.1128443,
            13.0059871
          ],
          [
            80.112967,
            13.0059624
          ],
          [
            80.1132854,
            13.0057644
          ],
          [
            80.1135428,
            13.0056126
          ],
          [
            80.1136851,
            13.0054608
          ],
          [
            80.1137393,
            13.0052891
          ],
          [
            80.1138409,
            13.0052099
          ],
          [
            80.1138816,
            13.0049723
          ],
          [
            80.1139561,
            13.004728
          ],
          [
            80.1142474,
            13.004497
          ],
          [
            80.11441,
            13.0043914
          ],
          [
            80.1145523,
            13.0043518
          ],
          [
            80.1148436,
            13.0043914
          ],
          [
            80.1151214,
            13.0043716
          ],
          [
            80.115223,
            13.0044178
          ],
          [
            80.115555,
            13.004431
          ],
          [
            80.1156159,
            13.0044209
          ],
          [
            80.1159547,
            13.004365
          ],
          [
            80.1162528,
            13.004299
          ],
          [
            80.1164086,
            13.004431
          ],
          [
            80.116456,
            13.0045432
          ],
          [
            80.1167948,
            13.0045696
          ],
          [
            80.1172758,
            13.0045696
          ],
          [
            80.1176634,
            13.004586
          ],
          [
            80.1178991,
            13.004596
          ],
          [
            80.1181497,
            13.0044904
          ],
          [
            80.1183394,
            13.0044442
          ],
          [
            80.1187324,
            13.004431
          ],
          [
            80.1190034,
            13.0043056
          ],
          [
            80.1192744,
            13.0041075
          ],
          [
            80.1196402,
            13.0039557
          ],
          [
            80.1199857,
            13.0038567
          ],
          [
            80.120278,
            13.0037871
          ],
          [
            80.1202906,
            13.0037841
          ],
          [
            80.1205751,
            13.0037973
          ],
          [
            80.1207919,
            13.0037907
          ]
        ]
      },
      "id": "way/102658265"
    },
    {
      "type": "Feature",
      "properties": {
        "@id": "way/102658271",
        "layer": "-1",
        "waterway": "drain"
      },
      "geometry": {
        "type": "LineString",
        "coordinates": [
          [
            80.1274415,
            13.0060237
          ],
          [
            80.1275001,
            13.0060501
          ],
          [
            80.1275722,
            13.0061724
          ],
          [
            80.1276405,
            13.006258
          ],
          [
            80.1278242,
            13.0063336
          ],
          [
            80.1280378,
            13.0064261
          ],
          [
            80.1282719,
            13.0064599
          ],
          [
            80.1284661,
            13.0065746
          ],
          [
            80.1286415,
            13.0066583
          ],
          [
            80.1288616,
            13.0067514
          ],
          [
            80.1288746,
            13.0065528
          ],
          [
            80.1288876,
            13.0063331
          ],
          [
            80.1290437,
            13.0062318
          ],
          [
            80.1292605,
            13.006105
          ],
          [
            80.1292822,
            13.0059867
          ],
          [
            80.1294122,
            13.0059065
          ],
          [
            80.1294296,
            13.0056783
          ],
          [
            80.1293342,
            13.0054544
          ],
          [
            80.1293299,
            13.0050784
          ],
          [
            80.1293299,
            13.0047151
          ],
          [
            80.1292605,
            13.0045377
          ],
          [
            80.1292561,
            13.0043264
          ],
          [
            80.1293212,
            13.0041617
          ],
          [
            80.1293429,
            13.0040222
          ],
          [
            80.1293255,
            13.0038744
          ],
          [
            80.1292605,
            13.0034857
          ],
          [
            80.129138,
            13.0025964
          ],
          [
            80.1291759,
            13.0023904
          ],
          [
            80.1292247,
            13.0021898
          ],
          [
            80.1292518,
            13.0018888
          ],
          [
            80.1291976,
            13.0015772
          ],
          [
            80.1291868,
            13.0014082
          ],
          [
            80.1291543,
            13.001197
          ],
          [
            80.1291001,
            13.0007798
          ],
          [
            80.129073,
            13.0006266
          ],
          [
            80.1297884,
            13.0004523
          ],
          [
            80.1301027,
            13.0003626
          ],
          [
            80.1302003,
            13.0003203
          ],
          [
            80.1300377,
            12.9996074
          ],
          [
            80.1303195,
            12.9994859
          ],
          [
            80.1306176,
            12.9989103
          ],
          [
            80.1311921,
            12.9979439
          ],
          [
            80.1314577,
            12.9975636
          ],
          [
            80.1316745,
            12.9973999
          ],
          [
            80.1320051,
            12.9970144
          ]
        ]
      },
      "id": "way/102658271"
    },
    {
      "type": "Feature",
      "properties": {
        "@id": "way/103716685",
        "waterway": "drain"
      },
      "geometry": {
        "type": "LineString",
        "coordinates": [
          [
            80.1987409,
            12.9922361
          ],
          [
            80.1986803,
            12.9919855
          ],
          [
            80.1984626,
            12.9916628
          ],
          [
            80.1983714,
            12.9915844
          ],
          [
            80.1980925,
            12.9910512
          ],
          [
            80.1980066,
            12.990701
          ],
          [
            80.1976848,
            12.9894465
          ],
          [
            80.1974648,
            12.9887304
          ],
          [
            80.1974159,
            12.9885501
          ],
          [
            80.1968729,
            12.9867297
          ],
          [
            80.1967845,
            12.9864973
          ],
          [
            80.1966678,
            12.9860584
          ],
          [
            80.1965161,
            12.9855194
          ],
          [
            80.1964998,
            12.9850463
          ],
          [
            80.1963527,
            12.9844868
          ],
          [
            80.1963491,
            12.984303
          ]
        ]
      },
      "id": "way/103716685"
    },
    {
      "type": "Feature",
      "properties": {
        "@id": "way/103716694",
        "layer": "-1",
        "name": "drain path",
        "tunnel": "culvert",
        "waterway": "canal"
      },
      "geometry": {
        "type": "LineString",
        "coordinates": [
          [
            80.2180981,
            12.9870545
          ],
          [
            80.2177916,
            12.9858328
          ],
          [
            80.2177584,
            12.9856646
          ],
          [
            80.2177423,
            12.985385
          ],
          [
            80.2177584,
            12.9848962
          ],
          [
            80.2177901,
            12.98396
          ],
          [
            80.2178365,
            12.9825989
          ],
          [
            80.2178825,
            12.9818598
          ],
          [
            80.2179014,
            12.9817607
          ],
          [
            80.2179817,
            12.9813395
          ],
          [
            80.2181178,
            12.9809225
          ]
        ]
      },
      "id": "way/103716694"
    },
    {
      "type": "Feature",
      "properties": {
        "@id": "way/103719115",
        "waterway": "drain"
      },
      "geometry": {
        "type": "LineString",
        "coordinates": [
          [
            80.2024801,
            12.9901012
          ],
          [
            80.2024473,
            12.9896299
          ],
          [
            80.2024068,
            12.9894535
          ],
          [
            80.2025113,
            12.9894155
          ],
          [
            80.2024689,
            12.9892106
          ],
          [
            80.2029051,
            12.9890459
          ],
          [
            80.2033917,
            12.9887811
          ],
          [
            80.2040323,
            12.9886131
          ],
          [
            80.2043038,
            12.9885341
          ],
          [
            80.2044422,
            12.9884612
          ],
          [
            80.2047276,
            12.9884047
          ],
          [
            80.2049776,
            12.98838
          ]
        ]
      },
      "id": "way/103719115"
    },
    {
      "type": "Feature",
      "properties": {
        "@id": "way/111749073",
        "name": "Adyar Creek",
        "waterway": "stream"
      },
      "geometry": {
        "type": "LineString",
        "coordinates": [
          [
            80.2631657,
            13.0211257
          ],
          [
            80.2634273,
            13.0210512
          ],
          [
            80.2638283,
            13.0210429
          ],
          [
            80.2641073,
            13.0210534
          ],
          [
            80.2643957,
            13.0210149
          ],
          [
            80.2646115,
            13.0210011
          ],
          [
            80.2648368,
            13.0211475
          ],
          [
            80.2650407,
            13.0213565
          ],
          [
            80.2652231,
            13.0216492
          ],
          [
            80.2652767,
            13.0219523
          ],
          [
            80.2653304,
            13.02213
          ],
          [
            80.265502,
            13.0224227
          ],
          [
            80.2658024,
            13.0227468
          ],
          [
            80.2659788,
            13.0228604
          ],
          [
            80.2661458,
            13.0229035
          ],
          [
            80.2664783,
            13.0228721
          ],
          [
            80.2666607,
            13.0229975
          ],
          [
            80.267004,
            13.0233629
          ],
          [
            80.2675082,
            13.0236764
          ],
          [
            80.2676692,
            13.0239378
          ],
          [
            80.2681198,
            13.0242723
          ],
          [
            80.2689025,
            13.0243872
          ],
          [
            80.269632,
            13.0243872
          ],
          [
            80.2706298,
            13.0241782
          ],
          [
            80.2715418,
            13.0238562
          ],
          [
            80.2722928,
            13.0235928
          ],
          [
            80.2728543,
            13.0229733
          ],
          [
            80.2742454,
            13.0227467
          ],
          [
            80.2750715,
            13.0221195
          ],
          [
            80.2754685,
            13.0215028
          ],
          [
            80.2756831,
            13.0207606
          ],
          [
            80.2758215,
            13.0204334
          ],
          [
            80.2758556,
            13.0201473
          ],
          [
            80.2758333,
            13.0199139
          ],
          [
            80.2757153,
            13.0191717
          ],
          [
            80.2752402,
            13.0173406
          ],
          [
            80.2754074,
            13.0167018
          ],
          [
            80.2758566,
            13.0154287
          ],
          [
            80.2756647,
            13.0148853
          ],
          [
            80.2752217,
            13.0143215
          ],
          [
            80.275027,
            13.0130658
          ]
        ]
      },
      "id": "way/111749073"
    },
    {
      "type": "Feature",
      "properties": {
        "@id": "way/122063612",
        "layer": "-1",
        "tunnel": "culvert",
        "waterway": "drain"
      },
      "geometry": {
        "type": "LineString",
        "coordinates": [
          [
            80.1708858,
            13.0283143
          ],
          [
            80.1733269,
            13.0269807
          ],
          [
            80.1746688,
            13.0261794
          ],
          [
            80.1757801,
            13.0255822
          ],
          [
            80.1762516,
            13.0253125
          ],
          [
            80.1767613,
            13.0250338
          ],
          [
            80.1783587,
            13.0241488
          ],
          [
            80.1803194,
            13.0230725
          ],
          [
            80.1815363,
            13.0223961
          ],
          [
            80.1820425,
            13.0221404
          ]
        ]
      },
      "id": "way/122063612"
    },
    {
      "type": "Feature",
      "properties": {
        "@id": "way/133599488",
        "name": "Kortallaiyar River",
        "waterway": "river"
      },
      "geometry": {
        "type": "LineString",
        "coordinates": [
          [
            80.254948,
            13.2484296
          ],
          [
            80.2572198,
            13.2477634
          ],
          [
            80.2602925,
            13.248014
          ],
          [
            80.2620692,
            13.2474877
          ],
          [
            80.2642236,
            13.2461509
          ],
          [
            80.2667985,
            13.245257
          ],
          [
            80.2682318,
            13.2432518
          ],
          [
            80.2687668,
            13.2417876
          ],
          [
            80.269668,
            13.2403672
          ],
          [
            80.2711271,
            13.2390305
          ],
          [
            80.2726291,
            13.2377354
          ],
          [
            80.2727579,
            13.2364822
          ],
          [
            80.272715,
            13.2343934
          ],
          [
            80.2723717,
            13.2328477
          ],
          [
            80.2720712,
            13.23055
          ],
          [
            80.2721425,
            13.2300504
          ],
          [
            80.2722858,
            13.2290461
          ],
          [
            80.2728866,
            13.2278346
          ],
          [
            80.2728866,
            13.226247
          ],
          [
            80.2721571,
            13.2252862
          ],
          [
            80.2705263,
            13.2239075
          ],
          [
            80.2703117,
            13.2222782
          ],
          [
            80.2702403,
            13.2203084
          ],
          [
            80.2709125,
            13.2188942
          ],
          [
            80.2720283,
            13.2169724
          ],
          [
            80.2734875,
            13.2161368
          ],
          [
            80.2749037,
            13.2149252
          ],
          [
            80.2770923,
            13.2125438
          ],
          [
            80.2777761,
            13.2117722
          ],
          [
            80.2789806,
            13.210413
          ],
          [
            80.2802252,
            13.2086165
          ],
          [
            80.281298,
            13.20682
          ],
          [
            80.2816414,
            13.2047309
          ],
          [
            80.2816127,
            13.2035539
          ],
          [
            80.2815432,
            13.203349
          ],
          [
            80.2816011,
            13.2030609
          ],
          [
            80.281667,
            13.2025597
          ],
          [
            80.2815126,
            13.2007617
          ],
          [
            80.2817163,
            13.1995715
          ],
          [
            80.2835703,
            13.1977666
          ],
          [
            80.2851866,
            13.1967097
          ],
          [
            80.2864971,
            13.195736
          ],
          [
            80.2890291,
            13.194307
          ],
          [
            80.2917694,
            13.1932828
          ],
          [
            80.2928852,
            13.1923218
          ],
          [
            80.2933143,
            13.1904415
          ],
          [
            80.2934431,
            13.1883106
          ],
          [
            80.2942156,
            13.1865139
          ],
          [
            80.2955889,
            13.1850932
          ],
          [
            80.2967476,
            13.1850097
          ],
          [
            80.2984213,
            13.1858871
          ],
          [
            80.3003525,
            13.1890627
          ],
          [
            80.3022407,
            13.1927814
          ],
          [
            80.3036569,
            13.1975863
          ],
          [
            80.3046011,
            13.2000097
          ],
          [
            80.3075622,
            13.2034775
          ],
          [
            80.3096222,
            13.2056501
          ],
          [
            80.3109724,
            13.2086904
          ],
          [
            80.3122977,
            13.2126352
          ],
          [
            80.314646,
            13.2177772
          ],
          [
            80.3161695,
            13.2195349
          ],
          [
            80.3179317,
            13.2214362
          ],
          [
            80.3183974,
            13.223108
          ],
          [
            80.3183801,
            13.223449
          ],
          [
            80.3182519,
            13.2259699
          ],
          [
            80.3186862,
            13.2268156
          ],
          [
            80.3214537,
            13.2300219
          ],
          [
            80.3271297,
            13.2331954
          ],
          [
            80.3279116,
            13.2332463
          ],
          [
            80.3284585,
            13.2331163
          ],
          [
            80.3289191,
            13.2326348
          ],
          [
            80.329687,
            13.2324312
          ],
          [
            80.3304863,
            13.2325565
          ],
          [
            80.3307993,
            13.2327922
          ]
        ]
      },
      "id": "way/133599488"
    },
    {
      "type": "Feature",
      "properties": {
        "@id": "way/138337576",
        "name": "Arani",
        "waterway": "river"
      },
      "geometry": {
        "type": "LineString",
        "coordinates": [
          [
            79.9593405,
            13.2914584
          ],
          [
            79.9596005,
            13.2881745
          ],
          [
            79.958382,
            13.2852351
          ],
          [
            79.9595514,
            13.2823796
          ],
          [
            79.9623555,
            13.2821658
          ],
          [
            79.9690127,
            13.2865316
          ],
          [
            79.9699353,
            13.286806
          ],
          [
            79.9731352,
            13.2877575
          ],
          [
            79.9798946,
            13.2899316
          ],
          [
            79.9879125,
            13.2920144
          ],
          [
            79.996938,
            13.2937563
          ],
          [
            80.0007393,
            13.2938265
          ],
          [
            80.0063547,
            13.2914679
          ],
          [
            80.0094224,
            13.2923667
          ],
          [
            80.0111358,
            13.2944888
          ],
          [
            80.0144438,
            13.3011479
          ],
          [
            80.0175337,
            13.3019832
          ],
          [
            80.0224597,
            13.2989175
          ],
          [
            80.0244718,
            13.2988599
          ],
          [
            80.0272719,
            13.3002196
          ],
          [
            80.0299098,
            13.3024552
          ],
          [
            80.0322852,
            13.3061063
          ],
          [
            80.0355129,
            13.3083422
          ],
          [
            80.0390422,
            13.3085814
          ],
          [
            80.0423983,
            13.3079274
          ],
          [
            80.0446949,
            13.3081177
          ],
          [
            80.0457817,
            13.3103304
          ],
          [
            80.0462012,
            13.314345
          ],
          [
            80.0434327,
            13.3198214
          ],
          [
            80.0447,
            13.323238
          ],
          [
            80.0502412,
            13.3255373
          ],
          [
            80.0565842,
            13.3265745
          ],
          [
            80.0635964,
            13.3258682
          ],
          [
            80.0639436,
            13.3258359
          ],
          [
            80.0648094,
            13.326126
          ],
          [
            80.0667636,
            13.3281464
          ],
          [
            80.0690382,
            13.3301931
          ],
          [
            80.0710676,
            13.3307125
          ],
          [
            80.0756419,
            13.3300027
          ],
          [
            80.0789151,
            13.3298782
          ],
          [
            80.0804112,
            13.3307405
          ],
          [
            80.0821853,
            13.3332531
          ],
          [
            80.0830051,
            13.3360817
          ],
          [
            80.0830447,
            13.3373007
          ],
          [
            80.0831084,
            13.3385657
          ],
          [
            80.0808768,
            13.3432425
          ],
          [
            80.0815057,
            13.3460696
          ],
          [
            80.0821775,
            13.3485161
          ],
          [
            80.0859043,
            13.352045
          ],
          [
            80.0881456,
            13.35549
          ],
          [
            80.0905455,
            13.3574562
          ],
          [
            80.0923781,
            13.3576064
          ],
          [
            80.096498,
            13.3551011
          ],
          [
            80.1023345,
            13.353932
          ],
          [
            80.1092009,
            13.3520948
          ],
          [
            80.1128058,
            13.3484203
          ],
          [
            80.118299,
            13.3479192
          ],
          [
            80.1208811,
            13.3424845
          ],
          [
            80.1265888,
            13.3417329
          ],
          [
            80.1298504,
            13.3419
          ],
          [
            80.1334553,
            13.3394363
          ],
          [
            80.1348715,
            13.3367638
          ],
          [
            80.1358964,
            13.336462
          ],
          [
            80.138976,
            13.3368817
          ],
          [
            80.1449137,
            13.336889
          ],
          [
            80.149291,
            13.3366385
          ],
          [
            80.1547842,
            13.3346759
          ],
          [
            80.1569729,
            13.335511
          ],
          [
            80.159462,
            13.3375154
          ],
          [
            80.1699333,
            13.3386846
          ],
          [
            80.1733236,
            13.3373066
          ],
          [
            80.1753407,
            13.3350935
          ],
          [
            80.177701,
            13.3334649
          ],
          [
            80.1816492,
            13.3322539
          ],
          [
            80.1859837,
            13.333089
          ],
          [
            80.1872711,
            13.335344
          ],
          [
            80.1889567,
            13.3365127
          ],
          [
            80.1892771,
            13.3366734
          ],
          [
            80.1900782,
            13.3369946
          ],
          [
            80.1905053,
            13.3371499
          ],
          [
            80.1908565,
            13.3375149
          ],
          [
            80.1911841,
            13.338053
          ],
          [
            80.1940088,
            13.3418582
          ],
          [
            80.1971416,
            13.3431527
          ],
          [
            80.2010899,
            13.3424428
          ],
          [
            80.2056818,
            13.3401044
          ],
          [
            80.2089005,
            13.3378495
          ],
          [
            80.2119474,
            13.3375572
          ],
          [
            80.2181272,
            13.3385176
          ],
          [
            80.2216892,
            13.3405637
          ],
          [
            80.2236204,
            13.3428604
          ],
          [
            80.2257662,
            13.3437373
          ],
          [
            80.2287703,
            13.3429439
          ],
          [
            80.2330189,
            13.342067
          ],
          [
            80.2344351,
            13.3429439
          ],
          [
            80.2365379,
            13.3446977
          ],
          [
            80.2411299,
            13.3441966
          ],
          [
            80.2448206,
            13.3451987
          ],
          [
            80.2502708,
            13.3444054
          ],
          [
            80.2531033,
            13.3467855
          ],
          [
            80.2546654,
            13.3502083
          ]
        ]
      },
      "id": "way/138337576"
    },
    {
      "type": "Feature",
      "properties": {
        "@id": "way/138337704",
        "waterway": "canal"
      },
      "geometry": {
        "type": "LineString",
        "coordinates": [
          [
            79.984567,
            13.2160328
          ],
          [
            79.9869329,
            13.2160127
          ],
          [
            79.9893254,
            13.2160336
          ],
          [
            79.9905699,
            13.2168953
          ],
          [
            79.9908435,
            13.2169684
          ],
          [
            79.9922137,
            13.2169383
          ],
          [
            79.9934258,
            13.2168631
          ],
          [
            79.9985156,
            13.2171806
          ],
          [
            80.0016483,
            13.2190765
          ]
        ]
      },
      "id": "way/138337704"
    },
    {
      "type": "Feature",
      "properties": {
        "@id": "way/138337719",
        "tunnel": "yes",
        "waterway": "canal"
      },
      "geometry": {
        "type": "LineString",
        "coordinates": [
          [
            80.0016483,
            13.2190765
          ],
          [
            80.0029024,
            13.2199833
          ],
          [
            80.0035567,
            13.2203017
          ],
          [
            80.004487,
            13.2205008
          ],
          [
            80.005039,
            13.2205107
          ],
          [
            80.0053724,
            13.220497
          ]
        ]
      },
      "id": "way/138337719"
    },
    {
      "type": "Feature",
      "properties": {
        "@id": "way/178105896",
        "boat": "no",
        "layer": "-1",
        "name": "Adyar River",
        "tunnel": "yes",
        "waterway": "river"
      },
      "geometry": {
        "type": "LineString",
        "coordinates": [
          [
            80.1612751,
            13.0014229
          ],
          [
            80.1641855,
            13.0044866
          ]
        ]
      },
      "id": "way/178105896"
    },
    {
      "type": "Feature",
      "properties": {
        "@id": "way/178105900",
        "boat": "no",
        "name": "Adyar River",
        "name:ml": "അടയാർ നദി",
        "name:ta": "அடையாறு நதி",
        "waterway": "river",
        "wikidata": "Q2825422",
        "wikipedia": "en:Adyar River"
      },
      "geometry": {
        "type": "LineString",
        "coordinates": [
          [
            80.1641855,
            13.0044866
          ],
          [
            80.1644814,
            13.0047291
          ],
          [
            80.1651201,
            13.0053757
          ],
          [
            80.1660752,
            13.0059905
          ],
          [
            80.1662816,
            13.0060076
          ],
          [
            80.1671892,
            13.0058997
          ],
          [
            80.1679914,
            13.0059873
          ],
          [
            80.168538,
            13.0057356
          ],
          [
            80.1689677,
            13.0049415
          ],
          [
            80.1694346,
            13.0038119
          ],
          [
            80.1693455,
            13.0033057
          ],
          [
            80.1694644,
            13.0030557
          ],
          [
            80.1697879,
            13.002516
          ],
          [
            80.1704495,
            13.0022106
          ],
          [
            80.1749511,
            13.0014454
          ],
          [
            80.1774734,
            13.0017547
          ],
          [
            80.17833,
            13.0025637
          ],
          [
            80.1803288,
            13.0058474
          ],
          [
            80.1810157,
            13.0083875
          ],
          [
            80.181359,
            13.0096419
          ],
          [
            80.1819598,
            13.0112308
          ],
          [
            80.1821315,
            13.0128614
          ],
          [
            80.1820885,
            13.0149104
          ],
          [
            80.1820753,
            13.0151944
          ],
          [
            80.1820456,
            13.0158303
          ],
          [
            80.1822602,
            13.0168338
          ],
          [
            80.182861,
            13.01767
          ],
          [
            80.1841914,
            13.0182972
          ],
          [
            80.1853501,
            13.0189244
          ],
          [
            80.1866555,
            13.0194576
          ],
          [
            80.1880439,
            13.0209627
          ],
          [
            80.1890975,
            13.0226992
          ],
          [
            80.1904277,
            13.0244163
          ],
          [
            80.1911666,
            13.0253382
          ],
          [
            80.1942586,
            13.0280517
          ],
          [
            80.1968411,
            13.0288711
          ],
          [
            80.1972181,
            13.0288927
          ],
          [
            80.2000676,
            13.0288293
          ],
          [
            80.2085925,
            13.0266559
          ],
          [
            80.2109773,
            13.0247498
          ],
          [
            80.2110514,
            13.0246121
          ],
          [
            80.2115128,
            13.023561
          ],
          [
            80.2115618,
            13.0218509
          ],
          [
            80.2120176,
            13.0202155
          ],
          [
            80.2123994,
            13.0194407
          ],
          [
            80.2127164,
            13.0191372
          ],
          [
            80.2146189,
            13.01794
          ],
          [
            80.2193974,
            13.0164637
          ],
          [
            80.2225262,
            13.0159116
          ],
          [
            80.223314,
            13.0159454
          ],
          [
            80.2239156,
            13.0162175
          ],
          [
            80.2268443,
            13.0186241
          ],
          [
            80.227405,
            13.0188594
          ],
          [
            80.2284879,
            13.0188259
          ],
          [
            80.2288427,
            13.0185997
          ],
          [
            80.2297857,
            13.0172684
          ],
          [
            80.2304541,
            13.0165829
          ],
          [
            80.231527,
            13.0155376
          ],
          [
            80.2338874,
            13.0155376
          ],
          [
            80.2350461,
            13.016123
          ],
          [
            80.2361619,
            13.0190498
          ],
          [
            80.2371178,
            13.0210774
          ],
          [
            80.2384364,
            13.0234401
          ],
          [
            80.2396054,
            13.0254921
          ],
          [
            80.2403778,
            13.0260984
          ],
          [
            80.2418048,
            13.0264851
          ],
          [
            80.2433287,
            13.0262414
          ],
          [
            80.2445304,
            13.0254052
          ],
          [
            80.2449117,
            13.025047
          ],
          [
            80.2469336,
            13.0231474
          ],
          [
            80.2482137,
            13.0214538
          ],
          [
            80.2486,
            13.0207012
          ],
          [
            80.249115,
            13.0196141
          ],
          [
            80.2494138,
            13.018594
          ],
          [
            80.2505243,
            13.0164956
          ],
          [
            80.2510071,
            13.015722
          ],
          [
            80.2529061,
            13.014938
          ],
          [
            80.2560389,
            13.0142899
          ],
          [
            80.2585071,
            13.0139994
          ],
          [
            80.2606393,
            13.0139688
          ],
          [
            80.2643758,
            13.0152057
          ],
          [
            80.2667341,
            13.0156529
          ],
          [
            80.2669903,
            13.0156736
          ],
          [
            80.2671698,
            13.015668
          ],
          [
            80.2675647,
            13.0156299
          ],
          [
            80.2680125,
            13.0155323
          ],
          [
            80.2683212,
            13.0154153
          ],
          [
            80.269145,
            13.0149175
          ],
          [
            80.2695108,
            13.0147157
          ],
          [
            80.2703208,
            13.0143412
          ],
          [
            80.2708078,
            13.0141536
          ],
          [
            80.2713181,
            13.013956
          ],
          [
            80.2718457,
            13.0137646
          ],
          [
            80.2724541,
            13.0135954
          ],
          [
            80.2730533,
            13.013453
          ],
          [
            80.2735119,
            13.0133562
          ],
          [
            80.275027,
            13.0130658
          ],
          [
            80.2760632,
            13.0128788
          ],
          [
            80.2774629,
            13.0126145
          ]
        ]
      },
      "id": "way/178105900"
    },
    {
      "type": "Feature",
      "properties": {
        "@id": "way/178751070",
        "waterway": "ditch"
      },
      "geometry": {
        "type": "LineString",
        "coordinates": [
          [
            80.0759472,
            12.9818077
          ],
          [
            80.075342,
            12.9809738
          ],
          [
            80.0751962,
            12.9808133
          ],
          [
            80.0739165,
            12.9806095
          ],
          [
            80.0732323,
            12.9803564
          ],
          [
            80.0721616,
            12.9802947
          ],
          [
            80.0713634,
            12.9800601
          ],
          [
            80.0703561,
            12.9785291
          ],
          [
            80.0703118,
            12.9775714
          ],
          [
            80.0705272,
            12.9764999
          ],
          [
            80.0705692,
            12.9763043
          ],
          [
            80.0706555,
            12.9761217
          ],
          [
            80.0709581,
            12.9761448
          ],
          [
            80.0711495,
            12.9761815
          ],
          [
            80.0712701,
            12.9760743
          ],
          [
            80.0713738,
            12.9759919
          ],
          [
            80.0715492,
            12.9759977
          ],
          [
            80.0716877,
            12.9760721
          ],
          [
            80.0717809,
            12.9762612
          ],
          [
            80.0719175,
            12.9765612
          ],
          [
            80.0720692,
            12.9767368
          ],
          [
            80.0722111,
            12.9768264
          ],
          [
            80.0723739,
            12.9769518
          ],
          [
            80.0725553,
            12.9769599
          ],
          [
            80.0727554,
            12.976913
          ],
          [
            80.0729483,
            12.9768678
          ],
          [
            80.0731468,
            12.9767833
          ],
          [
            80.0733323,
            12.9766393
          ],
          [
            80.0735109,
            12.9765419
          ],
          [
            80.0736518,
            12.9764767
          ],
          [
            80.0737735,
            12.9764125
          ],
          [
            80.0738675,
            12.9762885
          ],
          [
            80.073947,
            12.9761725
          ],
          [
            80.0743145,
            12.9758898
          ],
          [
            80.0745554,
            12.9756575
          ],
          [
            80.0748287,
            12.9753598
          ],
          [
            80.0749938,
            12.9751477
          ],
          [
            80.0750699,
            12.9748211
          ],
          [
            80.075093,
            12.9746547
          ],
          [
            80.0751336,
            12.9744537
          ],
          [
            80.0751642,
            12.9743018
          ],
          [
            80.0751957,
            12.9741737
          ],
          [
            80.075248,
            12.9740845
          ],
          [
            80.0753282,
            12.9740112
          ],
          [
            80.0754782,
            12.9739365
          ],
          [
            80.0756122,
            12.9738749
          ],
          [
            80.0756934,
            12.9737963
          ],
          [
            80.0757716,
            12.9736985
          ],
          [
            80.0758746,
            12.9735286
          ],
          [
            80.0759548,
            12.9734263
          ],
          [
            80.0759705,
            12.9733764
          ],
          [
            80.0759602,
            12.9732321
          ],
          [
            80.0759339,
            12.9730584
          ],
          [
            80.0759208,
            12.972909
          ],
          [
            80.0759275,
            12.9728333
          ],
          [
            80.0759372,
            12.9727295
          ],
          [
            80.0759323,
            12.9725796
          ],
          [
            80.0759257,
            12.9723142
          ],
          [
            80.0758824,
            12.9721912
          ],
          [
            80.0758819,
            12.9720823
          ],
          [
            80.0758891,
            12.9719751
          ],
          [
            80.0758938,
            12.9718611
          ],
          [
            80.0758948,
            12.9717706
          ],
          [
            80.0759137,
            12.9716419
          ],
          [
            80.0759305,
            12.9715234
          ],
          [
            80.0759448,
            12.9714372
          ],
          [
            80.0759435,
            12.971347
          ],
          [
            80.0759222,
            12.9712478
          ],
          [
            80.0759007,
            12.971134
          ],
          [
            80.0759074,
            12.9709762
          ],
          [
            80.0759201,
            12.9708816
          ],
          [
            80.0759303,
            12.9707716
          ],
          [
            80.0759393,
            12.9706546
          ],
          [
            80.0759443,
            12.9705665
          ],
          [
            80.0759435,
            12.970455
          ],
          [
            80.0759429,
            12.9703486
          ],
          [
            80.0759724,
            12.970253
          ],
          [
            80.0760252,
            12.9701199
          ],
          [
            80.0760723,
            12.9700118
          ],
          [
            80.0761369,
            12.9698406
          ],
          [
            80.0761801,
            12.9696328
          ],
          [
            80.0761721,
            12.9693996
          ],
          [
            80.0761868,
            12.9691942
          ],
          [
            80.0762371,
            12.9690208
          ],
          [
            80.0762757,
            12.9687276
          ],
          [
            80.0763116,
            12.9684761
          ],
          [
            80.0763382,
            12.9683719
          ],
          [
            80.0764052,
            12.9682177
          ],
          [
            80.0764494,
            12.9681067
          ],
          [
            80.0764474,
            12.9679753
          ],
          [
            80.0764337,
            12.9676547
          ],
          [
            80.076481,
            12.9674152
          ],
          [
            80.0765182,
            12.9672207
          ],
          [
            80.0766135,
            12.9671367
          ],
          [
            80.0767875,
            12.9670682
          ],
          [
            80.0769693,
            12.9670868
          ],
          [
            80.0771008,
            12.9671708
          ],
          [
            80.0771962,
            12.9671845
          ],
          [
            80.0773289,
            12.9670564
          ],
          [
            80.0774596,
            12.9669348
          ],
          [
            80.0775625,
            12.9668113
          ],
          [
            80.0777191,
            12.9666145
          ],
          [
            80.077953,
            12.9664257
          ],
          [
            80.0780358,
            12.9663276
          ],
          [
            80.0781758,
            12.9662267
          ],
          [
            80.0783521,
            12.96618
          ],
          [
            80.0785124,
            12.9660383
          ],
          [
            80.0786532,
            12.9659046
          ],
          [
            80.0788261,
            12.9658451
          ],
          [
            80.079034,
            12.9657156
          ],
          [
            80.0790886,
            12.9655768
          ],
          [
            80.0791159,
            12.9654335
          ],
          [
            80.0792877,
            12.9653003
          ],
          [
            80.0794082,
            12.9652043
          ]
        ]
      },
      "id": "way/178751070"
    },
    {
      "type": "Feature",
      "properties": {
        "@id": "way/178752256",
        "waterway": "dam"
      },
      "geometry": {
        "type": "LineString",
        "coordinates": [
          [
            80.0817274,
            13.0003695
          ],
          [
            80.081499,
            13.0001771
          ],
          [
            80.0814774,
            13.0002054
          ],
          [
            80.0812833,
            12.9999909
          ],
          [
            80.0810129,
            12.9997709
          ],
          [
            80.0810396,
            12.9997439
          ],
          [
            80.0807702,
            12.9995156
          ],
          [
            80.0806164,
            12.9994132
          ],
          [
            80.0803542,
            12.9993573
          ],
          [
            80.0803291,
            12.9993551
          ],
          [
            80.0803014,
            12.9993527
          ],
          [
            80.0802933,
            12.9992609
          ]
        ]
      },
      "id": "way/178752256"
    },
    {
      "type": "Feature",
      "properties": {
        "@id": "way/178752257",
        "waterway": "stream"
      },
      "geometry": {
        "type": "LineString",
        "coordinates": [
          [
            79.9574971,
            12.9729515
          ],
          [
            79.9578841,
            12.9728621
          ],
          [
            79.9582342,
            12.9725664
          ],
          [
            79.9585784,
            12.9724754
          ],
          [
            79.9590452,
            12.9725891
          ],
          [
            79.9594361,
            12.9724413
          ],
          [
            79.9602529,
            12.9720527
          ],
          [
            79.960918,
            12.9716283
          ],
          [
            79.9613936,
            12.9714396
          ],
          [
            79.9616494,
            12.9713914
          ],
          [
            79.9620125,
            12.9712305
          ],
          [
            79.962425,
            12.9708044
          ],
          [
            79.9625901,
            12.9705069
          ],
          [
            79.9627716,
            12.9701772
          ],
          [
            79.9632254,
            12.9698476
          ],
          [
            79.9634977,
            12.9697591
          ],
          [
            79.9639597,
            12.969727
          ],
          [
            79.9643805,
            12.9695903
          ],
          [
            79.9645703,
            12.969333
          ],
          [
            79.9646446,
            12.9686977
          ],
          [
            79.9649623,
            12.9681751
          ],
          [
            79.9654986,
            12.9678495
          ],
          [
            79.9660927,
            12.9677771
          ],
          [
            79.9664887,
            12.9678294
          ],
          [
            79.9669549,
            12.9679057
          ],
          [
            79.9671364,
            12.967765
          ],
          [
            79.9671653,
            12.9674957
          ],
          [
            79.9670622,
            12.9671017
          ],
          [
            79.9672932,
            12.9666433
          ],
          [
            79.9674706,
            12.9665147
          ],
          [
            79.967813,
            12.9665107
          ],
          [
            79.9681224,
            12.9664986
          ],
          [
            79.9682297,
            12.9664021
          ],
          [
            79.9682833,
            12.9660041
          ],
          [
            79.9685515,
            12.9657508
          ],
          [
            79.9689558,
            12.9656945
          ],
          [
            79.9695416,
            12.965783
          ],
          [
            79.9699954,
            12.9657749
          ],
          [
            79.9704328,
            12.9654533
          ],
          [
            79.9707133,
            12.9653809
          ],
          [
            79.9714724,
            12.965598
          ],
          [
            79.9717859,
            12.9656624
          ],
          [
            79.971984,
            12.965791
          ],
          [
            79.9723553,
            12.9660001
          ],
          [
            79.9727018,
            12.9661127
          ],
          [
            79.9728503,
            12.9664504
          ],
          [
            79.9727678,
            12.9667479
          ],
          [
            79.9729329,
            12.9669971
          ],
          [
            79.9732959,
            12.9672062
          ],
          [
            79.9736672,
            12.9672303
          ],
          [
            79.9740055,
            12.9669891
          ],
          [
            79.974286,
            12.9665871
          ],
          [
            79.9745748,
            12.9664102
          ],
          [
            79.9751194,
            12.9662654
          ],
          [
            79.9754453,
            12.96637
          ],
          [
            79.9755815,
            12.9665911
          ],
          [
            79.9758744,
            12.9673952
          ],
          [
            79.9761137,
            12.9675881
          ],
          [
            79.9769109,
            12.9675643
          ],
          [
            79.9770044,
            12.9675195
          ],
          [
            79.977306,
            12.9674233
          ],
          [
            79.9776278,
            12.9673308
          ],
          [
            79.9785931,
            12.9676243
          ],
          [
            79.978886,
            12.9678093
          ],
          [
            79.979377,
            12.9680867
          ],
          [
            79.9798679,
            12.9682193
          ],
          [
            79.9801278,
            12.9685892
          ],
          [
            79.980363,
            12.969337
          ],
          [
            79.9805156,
            12.9696345
          ],
          [
            79.9818977,
            12.9706396
          ],
          [
            79.9823643,
            12.9709154
          ],
          [
            79.9828836,
            12.9710634
          ],
          [
            79.9834029,
            12.9710089
          ],
          [
            79.9854424,
            12.9707292
          ],
          [
            79.9862951,
            12.9706663
          ],
          [
            79.9873178,
            12.9704872
          ],
          [
            79.9881248,
            12.9705573
          ],
          [
            79.9889717,
            12.9706819
          ],
          [
            79.9902979,
            12.9711334
          ],
          [
            79.9914804,
            12.9714994
          ],
          [
            79.9929767,
            12.9720105
          ],
          [
            79.9955227,
            12.9723329
          ],
          [
            80.0000523,
            12.9716668
          ],
          [
            80.0064671,
            12.9707292
          ],
          [
            80.012433,
            12.9712103
          ],
          [
            80.0176394,
            12.9710289
          ],
          [
            80.0189645,
            12.9706647
          ],
          [
            80.0223395,
            12.9695279
          ],
          [
            80.0240384,
            12.9690313
          ],
          [
            80.0251936,
            12.9689761
          ],
          [
            80.0266659,
            12.9690313
          ],
          [
            80.0274248,
            12.9691417
          ],
          [
            80.0282515,
            12.9690313
          ],
          [
            80.0293728,
            12.969252
          ],
          [
            80.0304034,
            12.9696383
          ],
          [
            80.0312981,
            12.9702895
          ],
          [
            80.0316266,
            12.970742
          ],
          [
            80.0315586,
            12.9712828
          ],
          [
            80.0315586,
            12.9720333
          ],
          [
            80.0320456,
            12.9730486
          ],
          [
            80.032544,
            12.9739978
          ],
          [
            80.0333481,
            12.9750573
          ],
          [
            80.0344014,
            12.9763596
          ],
          [
            80.0344467,
            12.9768893
          ],
          [
            80.0344467,
            12.9779047
          ],
          [
            80.0345826,
            12.9788538
          ],
          [
            80.0347751,
            12.9789642
          ],
          [
            80.0355113,
            12.9791297
          ],
          [
            80.0359077,
            12.9794277
          ],
          [
            80.0370063,
            12.980421
          ],
          [
            80.0378557,
            12.9818998
          ],
          [
            80.037867,
            12.9825068
          ],
          [
            80.0380935,
            12.9828158
          ],
          [
            80.0385919,
            12.9829151
          ],
          [
            80.0387278,
            12.9833455
          ],
          [
            80.0388184,
            12.9840629
          ],
          [
            80.0393733,
            12.9844492
          ],
          [
            80.0414162,
            12.9850379
          ],
          [
            80.0445876,
            12.9872853
          ],
          [
            80.0527241,
            12.9942148
          ],
          [
            80.0548063,
            12.9950576
          ],
          [
            80.0679722,
            12.9985846
          ],
          [
            80.0699979,
            12.9988084
          ],
          [
            80.0782655,
            12.9997216
          ],
          [
            80.0812833,
            12.9999909
          ]
        ]
      },
      "id": "way/178752257"
    },
    {
      "type": "Feature",
      "properties": {
        "@id": "way/201560881",
        "name": "Okkiyam Maduvu",
        "waterway": "river"
      },
      "geometry": {
        "type": "LineString",
        "coordinates": [
          [
            80.2257083,
            12.9271398
          ],
          [
            80.227028,
            12.9249752
          ],
          [
            80.2275753,
            12.9245744
          ],
          [
            80.2283691,
            12.9242536
          ],
          [
            80.2302983,
            12.9239366
          ],
          [
            80.2316308,
            12.9234973
          ],
          [
            80.2322859,
            12.9229179
          ],
          [
            80.2326301,
            12.922409
          ],
          [
            80.2327466,
            12.9219078
          ],
          [
            80.2335083,
            12.9208307
          ],
          [
            80.2341628,
            12.920402
          ],
          [
            80.2348924,
            12.9202137
          ],
          [
            80.2359116,
            12.9199941
          ],
          [
            80.2368128,
            12.9200673
          ],
          [
            80.2376282,
            12.920517
          ],
          [
            80.2382505,
            12.9210817
          ],
          [
            80.2389049,
            12.9223261
          ],
          [
            80.2394843,
            12.9236437
          ],
          [
            80.2399027,
            12.9241247
          ],
          [
            80.2403963,
            12.9244384
          ],
          [
            80.2407718,
            12.9245325
          ],
          [
            80.2413894,
            12.9244383
          ],
          [
            80.2419734,
            12.9240933
          ],
          [
            80.2428652,
            12.9232189
          ],
          [
            80.2433467,
            12.9230319
          ]
        ]
      },
      "id": "way/201560881"
    },
    {
      "type": "Feature",
      "properties": {
        "@id": "way/202471872",
        "intermittent": "no",
        "name": "Adyar River",
        "source:geometry": "bing;DigitalGlobeStandard",
        "tidal": "no",
        "waterway": "river",
        "width": "10",
        "wikidata": "Q2825422"
      },
      "geometry": {
        "type": "LineString",
        "coordinates": [
          [
            80.058906,
            12.8967766
          ],
          [
            80.0588939,
            12.8973727
          ],
          [
            80.0586936,
            12.8984089
          ],
          [
            80.0586385,
            12.8988468
          ],
          [
            80.0586332,
            12.899595
          ],
          [
            80.0589011,
            12.8999651
          ],
          [
            80.0591496,
            12.9002119
          ],
          [
            80.0592342,
            12.9004931
          ],
          [
            80.0592627,
            12.9008198
          ],
          [
            80.059287,
            12.9011682
          ],
          [
            80.0593715,
            12.9017186
          ],
          [
            80.0594115,
            12.9021848
          ],
          [
            80.0593744,
            12.9025741
          ],
          [
            80.0593792,
            12.90282
          ],
          [
            80.0594263,
            12.9030388
          ],
          [
            80.0595484,
            12.9033124
          ],
          [
            80.0597951,
            12.9035014
          ],
          [
            80.0599998,
            12.9036813
          ],
          [
            80.060255,
            12.9040821
          ],
          [
            80.0604106,
            12.9044147
          ],
          [
            80.0609693,
            12.9052257
          ],
          [
            80.0615899,
            12.9055814
          ],
          [
            80.0620036,
            12.906349
          ],
          [
            80.0619178,
            12.9069095
          ],
          [
            80.0617976,
            12.9075453
          ],
          [
            80.0620723,
            12.908131
          ],
          [
            80.0624156,
            12.9089174
          ],
          [
            80.0625111,
            12.9095532
          ],
          [
            80.0621372,
            12.9100134
          ],
          [
            80.0621835,
            12.9102094
          ],
          [
            80.0628451,
            12.9104121
          ],
          [
            80.0630453,
            12.9106356
          ],
          [
            80.0639777,
            12.9125148
          ],
          [
            80.0648838,
            12.9143611
          ],
          [
            80.0650729,
            12.9148215
          ],
          [
            80.065047,
            12.9150246
          ],
          [
            80.0649324,
            12.9152231
          ],
          [
            80.0648657,
            12.9154961
          ],
          [
            80.0649275,
            12.9163475
          ],
          [
            80.0653206,
            12.917013
          ],
          [
            80.0653458,
            12.9173102
          ],
          [
            80.0652058,
            12.9176751
          ],
          [
            80.0652293,
            12.9179354
          ],
          [
            80.0656106,
            12.9186047
          ],
          [
            80.0656137,
            12.9188575
          ],
          [
            80.0656385,
            12.9191947
          ],
          [
            80.0657114,
            12.9195005
          ],
          [
            80.0658485,
            12.9198899
          ],
          [
            80.066495,
            12.9207103
          ],
          [
            80.0669609,
            12.9213178
          ],
          [
            80.0672238,
            12.9215391
          ],
          [
            80.0675684,
            12.9209965
          ],
          [
            80.0680367,
            12.9207554
          ],
          [
            80.0688585,
            12.9207898
          ],
          [
            80.0697284,
            12.9206297
          ],
          [
            80.0701129,
            12.9206013
          ],
          [
            80.0708371,
            12.920847
          ],
          [
            80.0716471,
            12.9208261
          ],
          [
            80.0722855,
            12.9213908
          ],
          [
            80.0726663,
            12.9216784
          ],
          [
            80.0730526,
            12.9216993
          ],
          [
            80.0735907,
            12.9214244
          ],
          [
            80.0741147,
            12.9215058
          ],
          [
            80.0745224,
            12.9214379
          ],
          [
            80.074678,
            12.9212496
          ],
          [
            80.0748121,
            12.920915
          ],
          [
            80.0749984,
            12.9207552
          ],
          [
            80.0753773,
            12.9206734
          ],
          [
            80.0755879,
            12.9206686
          ],
          [
            80.0757268,
            12.9207343
          ],
          [
            80.0759083,
            12.9209165
          ],
          [
            80.0760451,
            12.9211727
          ],
          [
            80.0760907,
            12.9215047
          ],
          [
            80.0759253,
            12.921734
          ],
          [
            80.0758171,
            12.9218707
          ],
          [
            80.0758842,
            12.9220355
          ],
          [
            80.0759605,
            12.9220904
          ],
          [
            80.0760459,
            12.9220989
          ],
          [
            80.0761051,
            12.9220987
          ],
          [
            80.0761669,
            12.9220928
          ],
          [
            80.0762556,
            12.9220737
          ],
          [
            80.0763332,
            12.9220456
          ],
          [
            80.0765159,
            12.921958
          ],
          [
            80.0766562,
            12.9218844
          ],
          [
            80.0767375,
            12.9218344
          ],
          [
            80.076812,
            12.9217553
          ],
          [
            80.0769752,
            12.9215207
          ],
          [
            80.0770435,
            12.9214458
          ],
          [
            80.0771087,
            12.9213909
          ],
          [
            80.0771809,
            12.9213533
          ],
          [
            80.0772765,
            12.921334
          ],
          [
            80.077354,
            12.9213329
          ],
          [
            80.0774102,
            12.9213451
          ],
          [
            80.0775074,
            12.9213895
          ],
          [
            80.0775886,
            12.9214317
          ],
          [
            80.0778234,
            12.9216093
          ],
          [
            80.0781652,
            12.9219626
          ],
          [
            80.0782921,
            12.9223562
          ],
          [
            80.078392,
            12.9224764
          ],
          [
            80.078556,
            12.9226263
          ],
          [
            80.0791385,
            12.9228077
          ],
          [
            80.0795521,
            12.9231407
          ],
          [
            80.0796779,
            12.9233568
          ],
          [
            80.0796077,
            12.9235788
          ],
          [
            80.0793373,
            12.9238789
          ],
          [
            80.0793003,
            12.9240461
          ],
          [
            80.0793663,
            12.9242097
          ],
          [
            80.0797019,
            12.9243966
          ],
          [
            80.0802114,
            12.9246478
          ],
          [
            80.0804991,
            12.9248932
          ],
          [
            80.0807867,
            12.9250042
          ],
          [
            80.0811763,
            12.9249867
          ],
          [
            80.0813801,
            12.9251794
          ],
          [
            80.0815359,
            12.9254482
          ],
          [
            80.0816738,
            12.9257052
          ],
          [
            80.0815785,
            12.9261707
          ],
          [
            80.0816564,
            12.9263715
          ],
          [
            80.0819113,
            12.9263995
          ],
          [
            80.0821453,
            12.9262569
          ],
          [
            80.0827766,
            12.9255592
          ],
          [
            80.0832501,
            12.9255007
          ],
          [
            80.0836397,
            12.9257636
          ],
          [
            80.0837296,
            12.9260615
          ],
          [
            80.0837656,
            12.9263361
          ],
          [
            80.0837656,
            12.9265406
          ],
          [
            80.0836083,
            12.9269711
          ],
          [
            80.0835438,
            12.9274285
          ],
          [
            80.0837176,
            12.9279426
          ],
          [
            80.0836037,
            12.9288714
          ],
          [
            80.0836397,
            12.9292569
          ],
          [
            80.084723,
            12.9322997
          ],
          [
            80.086225,
            12.9350602
          ],
          [
            80.0871745,
            12.9352432
          ],
          [
            80.0877619,
            12.935455
          ],
          [
            80.088478,
            12.9355883
          ],
          [
            80.0891368,
            12.9364834
          ],
          [
            80.0894265,
            12.936716
          ],
          [
            80.0898932,
            12.9367395
          ],
          [
            80.0917076,
            12.9360287
          ],
          [
            80.0929042,
            12.9351022
          ],
          [
            80.0935565,
            12.9350739
          ],
          [
            80.09413,
            12.9354785
          ],
          [
            80.0947856,
            12.9375883
          ],
          [
            80.0952458,
            12.9384481
          ],
          [
            80.0954406,
            12.9391009
          ],
          [
            80.095774,
            12.9396395
          ],
          [
            80.0961955,
            12.9398227
          ],
          [
            80.09831,
            12.9446801
          ],
          [
            80.0993371,
            12.946163
          ],
          [
            80.0995834,
            12.9471783
          ],
          [
            80.0999175,
            12.9476037
          ],
          [
            80.1002095,
            12.9482896
          ],
          [
            80.1006176,
            12.9486946
          ],
          [
            80.1008849,
            12.9499499
          ],
          [
            80.101512,
            12.9502464
          ],
          [
            80.1017785,
            12.9505489
          ],
          [
            80.101767,
            12.9511219
          ],
          [
            80.101375,
            12.9513354
          ],
          [
            80.1013635,
            12.9515826
          ],
          [
            80.1017598,
            12.9530212
          ],
          [
            80.1021129,
            12.9533465
          ],
          [
            80.1028276,
            12.9534589
          ],
          [
            80.1030319,
            12.9538683
          ],
          [
            80.1030012,
            12.955598
          ],
          [
            80.1031504,
            12.9558182
          ],
          [
            80.1036807,
            12.9560991
          ],
          [
            80.1039101,
            12.9564425
          ],
          [
            80.1040151,
            12.9582787
          ],
          [
            80.1042752,
            12.9589837
          ],
          [
            80.1046146,
            12.9596381
          ],
          [
            80.1048589,
            12.9608733
          ],
          [
            80.1052604,
            12.9618451
          ],
          [
            80.1054983,
            12.9622511
          ],
          [
            80.1059597,
            12.9623987
          ],
          [
            80.106271,
            12.9622077
          ],
          [
            80.1064093,
            12.9618369
          ],
          [
            80.1067137,
            12.9617946
          ],
          [
            80.1073316,
            12.9623537
          ],
          [
            80.1074234,
            12.9631572
          ],
          [
            80.107689,
            12.9640052
          ],
          [
            80.1080774,
            12.9645511
          ],
          [
            80.1090378,
            12.9652523
          ],
          [
            80.1100221,
            12.9654194
          ]
        ]
      },
      "id": "way/202471872"
    },
    {
      "type": "Feature",
      "properties": {
        "@id": "way/202471888",
        "waterway": "drain"
      },
      "geometry": {
        "type": "LineString",
        "coordinates": [
          [
            80.0519406,
            12.8586687
          ],
          [
            80.0516412,
            12.8596487
          ],
          [
            80.0515822,
            12.8598605
          ],
          [
            80.051558,
            12.8600122
          ],
          [
            80.0515714,
            12.8601612
          ],
          [
            80.0517029,
            12.8603809
          ],
          [
            80.0518128,
            12.8605613
          ],
          [
            80.0520788,
            12.8610172
          ],
          [
            80.0523934,
            12.861882
          ],
          [
            80.0539341,
            12.8658559
          ],
          [
            80.0541372,
            12.8668541
          ],
          [
            80.0545851,
            12.8672524
          ],
          [
            80.0546272,
            12.8672714
          ],
          [
            80.055327,
            12.8675862
          ],
          [
            80.0556686,
            12.8677728
          ],
          [
            80.0559066,
            12.8681364
          ],
          [
            80.0561413,
            12.8686504
          ]
        ]
      },
      "id": "way/202471888"
    },
    {
      "type": "Feature",
      "properties": {
        "@id": "way/202471914",
        "waterway": "stream"
      },
      "geometry": {
        "type": "LineString",
        "coordinates": [
          [
            80.0535048,
            12.8501769
          ],
          [
            80.054208,
            12.8506349
          ],
          [
            80.0545115,
            12.8508821
          ],
          [
            80.0551897,
            12.851911
          ],
          [
            80.0554472,
            12.8523634
          ],
          [
            80.0559756,
            12.8531165
          ],
          [
            80.0562653,
            12.8533911
          ],
          [
            80.0564021,
            12.8535245
          ],
          [
            80.056496,
            12.8536604
          ],
          [
            80.05674,
            12.8544109
          ],
          [
            80.0570404,
            12.8551353
          ],
          [
            80.0570351,
            12.8557524
          ],
          [
            80.0570673,
            12.8560035
          ],
          [
            80.0572765,
            12.856197
          ],
          [
            80.0577593,
            12.8563643
          ],
          [
            80.0583762,
            12.8566258
          ],
          [
            80.0592924,
            12.8572993
          ],
          [
            80.0594115,
            12.8575855
          ],
          [
            80.0594477,
            12.8578261
          ],
          [
            80.0594705,
            12.8581281
          ],
          [
            80.0594786,
            12.858506
          ],
          [
            80.0594062,
            12.8587596
          ],
          [
            80.0591996,
            12.8590525
          ],
          [
            80.0591674,
            12.8591885
          ],
          [
            80.0591862,
            12.8593271
          ],
          [
            80.0594223,
            12.8603992
          ],
          [
            80.0594705,
            12.8605848
          ],
          [
            80.0603865,
            12.862109
          ],
          [
            80.0617632,
            12.8640468
          ],
          [
            80.061682,
            12.8643059
          ],
          [
            80.0615747,
            12.864502
          ],
          [
            80.0615814,
            12.8646144
          ],
          [
            80.0615725,
            12.8650534
          ],
          [
            80.0605934,
            12.8658063
          ],
          [
            80.0606072,
            12.8670836
          ],
          [
            80.0606199,
            12.8678673
          ],
          [
            80.0601331,
            12.8684886
          ],
          [
            80.0599614,
            12.8688714
          ],
          [
            80.0600325,
            12.8696506
          ],
          [
            80.0600409,
            12.8697877
          ],
          [
            80.059272,
            12.8709554
          ],
          [
            80.0593686,
            12.8718026
          ],
          [
            80.0597031,
            12.8725063
          ],
          [
            80.0589307,
            12.8730664
          ],
          [
            80.0584415,
            12.8739282
          ],
          [
            80.0580638,
            12.8748653
          ],
          [
            80.057978,
            12.8755347
          ],
          [
            80.0570081,
            12.875677
          ],
          [
            80.0559781,
            12.8768651
          ],
          [
            80.0553344,
            12.8770408
          ],
          [
            80.0552486,
            12.8774341
          ],
          [
            80.0553945,
            12.8779529
          ],
          [
            80.0550426,
            12.8788732
          ],
          [
            80.0546735,
            12.8790657
          ],
          [
            80.0544074,
            12.8794924
          ],
          [
            80.054725,
            12.8799108
          ],
          [
            80.054519,
            12.8803291
          ],
          [
            80.0546134,
            12.8808563
          ],
          [
            80.0544761,
            12.8809985
          ],
          [
            80.0533603,
            12.8813917
          ],
          [
            80.0530084,
            12.8813499
          ],
          [
            80.0525358,
            12.8818276
          ],
          [
            80.0524125,
            12.8824457
          ],
          [
            80.0529409,
            12.8836475
          ],
          [
            80.0536277,
            12.8841282
          ],
          [
            80.054297,
            12.8846947
          ],
          [
            80.0543322,
            12.885433
          ],
          [
            80.0548253,
            12.8855703
          ],
          [
            80.0553537,
            12.8862914
          ],
          [
            80.0553713,
            12.8872013
          ],
          [
            80.0563388,
            12.888545
          ],
          [
            80.0567836,
            12.8889856
          ],
          [
            80.0572889,
            12.8894558
          ],
          [
            80.0573074,
            12.8897218
          ],
          [
            80.0572829,
            12.8905781
          ],
          [
            80.0576086,
            12.8913607
          ],
          [
            80.057525,
            12.8918542
          ],
          [
            80.0576262,
            12.8922515
          ],
          [
            80.0576675,
            12.8926535
          ],
          [
            80.0577827,
            12.8929114
          ],
          [
            80.0581241,
            12.8935232
          ],
          [
            80.0587705,
            12.8946721
          ],
          [
            80.058918,
            12.8949688
          ],
          [
            80.0589368,
            12.8952485
          ],
          [
            80.0589394,
            12.895824
          ],
          [
            80.058906,
            12.8967766
          ]
        ]
      },
      "id": "way/202471914"
    },
    {
      "type": "Feature",
      "properties": {
        "@id": "way/202505379",
        "name": "கூவம் ஆறு",
        "name:en": "Cooum",
        "name:kn": "ಕೂವಂ",
        "name:ml": "കൂവം",
        "name:ta": "கூவம்",
        "waterway": "river"
      },
      "geometry": {
        "type": "LineString",
        "coordinates": [
          [
            79.8434449,
            13.055119
          ],
          [
            79.8446953,
            13.056413
          ],
          [
            79.8461544,
            13.0570923
          ],
          [
            79.8471093,
            13.0573849
          ],
          [
            79.8479247,
            13.0579911
          ],
          [
            79.8490405,
            13.0592871
          ],
          [
            79.8498774,
            13.0601127
          ],
          [
            79.8510522,
            13.0611945
          ],
          [
            79.8517227,
            13.0626838
          ],
          [
            79.8525703,
            13.0637341
          ],
          [
            79.853493,
            13.0648681
          ],
          [
            79.8547482,
            13.067021
          ],
          [
            79.8564112,
            13.0697696
          ],
          [
            79.8568526,
            13.0713115
          ],
          [
            79.8570335,
            13.0719434
          ],
          [
            79.8577738,
            13.0755698
          ],
          [
            79.8582049,
            13.0766831
          ],
          [
            79.8591256,
            13.0789976
          ],
          [
            79.8605204,
            13.0812967
          ],
          [
            79.8618293,
            13.0827388
          ],
          [
            79.8626017,
            13.0842019
          ],
          [
            79.8654341,
            13.0863964
          ],
          [
            79.8671508,
            13.0885701
          ],
          [
            79.8694253,
            13.0908064
          ],
          [
            79.8712492,
            13.0927919
          ],
          [
            79.8739743,
            13.0957805
          ],
          [
            79.8754764,
            13.0966061
          ],
          [
            79.8771608,
            13.0975256
          ],
          [
            79.877885,
            13.0983094
          ],
          [
            79.8794353,
            13.0991558
          ],
          [
            79.8809051,
            13.100462
          ],
          [
            79.8826432,
            13.1011308
          ],
          [
            79.8859692,
            13.1024579
          ],
          [
            79.8874068,
            13.1027504
          ],
          [
            79.8889625,
            13.1028131
          ],
          [
            79.8913979,
            13.1035655
          ],
          [
            79.8925459,
            13.104182
          ],
          [
            79.8935866,
            13.1049971
          ],
          [
            79.8950672,
            13.1054778
          ],
          [
            79.8962366,
            13.1055614
          ],
          [
            79.8971164,
            13.1051747
          ],
          [
            79.8989189,
            13.1047776
          ],
          [
            79.9001849,
            13.1047776
          ],
          [
            79.9013436,
            13.105321
          ],
          [
            79.902792,
            13.1068675
          ],
          [
            79.9042833,
            13.1082991
          ],
          [
            79.9061286,
            13.1105039
          ],
          [
            79.9069548,
            13.1113711
          ],
          [
            79.9114609,
            13.1137143
          ],
          [
            79.9119705,
            13.1140174
          ],
          [
            79.9126115,
            13.1141375
          ],
          [
            79.9129763,
            13.1141036
          ],
          [
            79.9269055,
            13.1094258
          ],
          [
            79.9318408,
            13.1093004
          ],
          [
            79.9491614,
            13.1107633
          ],
          [
            79.9581515,
            13.1091233
          ],
          [
            79.9632597,
            13.10646
          ],
          [
            79.9673366,
            13.1029908
          ],
          [
            79.972229,
            13.1008173
          ],
          [
            79.9816655,
            13.0992104
          ],
          [
            79.9866437,
            13.0997454
          ],
          [
            79.9901247,
            13.0988319
          ],
          [
            79.9944005,
            13.0967269
          ],
          [
            79.9960828,
            13.0957237
          ],
          [
            79.9984603,
            13.0943025
          ],
          [
            80.0017047,
            13.0930485
          ],
          [
            80.004623,
            13.0918196
          ],
          [
            80.0067001,
            13.0910003
          ],
          [
            80.009172,
            13.0908164
          ],
          [
            80.0099811,
            13.0908756
          ],
          [
            80.0113778,
            13.0912929
          ],
          [
            80.0128627,
            13.0915855
          ],
          [
            80.0150256,
            13.0917527
          ],
          [
            80.0173602,
            13.0915437
          ],
          [
            80.019918,
            13.0912929
          ],
          [
            80.0220809,
            13.0903733
          ],
          [
            80.0244842,
            13.0894788
          ],
          [
            80.026012,
            13.0890775
          ],
          [
            80.0280891,
            13.0890942
          ],
          [
            80.030561,
            13.0887431
          ],
          [
            80.0342689,
            13.0883836
          ],
          [
            80.0359254,
            13.0885759
          ],
          [
            80.0391698,
            13.0895122
          ],
          [
            80.0411783,
            13.0904987
          ],
          [
            80.0422597,
            13.0915437
          ],
          [
            80.0430923,
            13.0926054
          ],
          [
            80.0446201,
            13.0942356
          ],
          [
            80.0458775,
            13.0955445
          ],
          [
            80.0472551,
            13.0967101
          ],
          [
            80.0482421,
            13.0975796
          ],
          [
            80.0493568,
            13.0981595
          ],
          [
            80.0509715,
            13.0989171
          ],
          [
            80.0525019,
            13.0996441
          ],
          [
            80.053392,
            13.100238
          ],
          [
            80.0539488,
            13.101228
          ],
          [
            80.0541622,
            13.101835
          ],
          [
            80.0546907,
            13.1035338
          ],
          [
            80.0550227,
            13.1046686
          ],
          [
            80.0554776,
            13.1057971
          ],
          [
            80.0560527,
            13.1067166
          ],
          [
            80.0570569,
            13.1074021
          ],
          [
            80.0581556,
            13.1076195
          ],
          [
            80.0591169,
            13.1075108
          ],
          [
            80.0599151,
            13.1070928
          ],
          [
            80.0607476,
            13.1062819
          ],
          [
            80.0613141,
            13.1054794
          ],
          [
            80.0620008,
            13.1048358
          ],
          [
            80.06352,
            13.1037908
          ],
          [
            80.0644212,
            13.1032892
          ],
          [
            80.0660091,
            13.1027041
          ],
          [
            80.067554,
            13.1026873
          ],
          [
            80.069571,
            13.1026037
          ],
          [
            80.0713477,
            13.1023279
          ],
          [
            80.072721,
            13.101935
          ],
          [
            80.0739484,
            13.1014919
          ],
          [
            80.0748067,
            13.1007981
          ],
          [
            80.0753818,
            13.0998451
          ],
          [
            80.0759483,
            13.0987583
          ],
          [
            80.0767551,
            13.097521
          ],
          [
            80.077682,
            13.0968355
          ],
          [
            80.0791841,
            13.0966683
          ],
          [
            80.0811728,
            13.0970504
          ],
          [
            80.0825304,
            13.0974553
          ],
          [
            80.0831752,
            13.0977718
          ],
          [
            80.0839906,
            13.0988419
          ],
          [
            80.0847631,
            13.0998618
          ],
          [
            80.0856214,
            13.1009318
          ],
          [
            80.0864797,
            13.1018012
          ],
          [
            80.0872093,
            13.1027041
          ],
          [
            80.0879216,
            13.1032474
          ],
          [
            80.0893293,
            13.1035567
          ],
          [
            80.0903421,
            13.1033561
          ],
          [
            80.0916724,
            13.1026205
          ],
          [
            80.0935178,
            13.1015337
          ],
          [
            80.095037,
            13.1001544
          ],
          [
            80.0964961,
            13.0986914
          ],
          [
            80.0983742,
            13.0965139
          ],
          [
            80.0997535,
            13.0948951
          ],
          [
            80.1007705,
            13.0936337
          ],
          [
            80.1015859,
            13.0926723
          ],
          [
            80.1021438,
            13.0915437
          ],
          [
            80.1026159,
            13.0904151
          ],
          [
            80.1033454,
            13.0893701
          ],
          [
            80.1042295,
            13.0883418
          ],
          [
            80.1048475,
            13.0871547
          ],
          [
            80.1053796,
            13.086302
          ],
          [
            80.1058603,
            13.0858338
          ],
          [
            80.107122,
            13.0852737
          ],
          [
            80.1083665,
            13.084563
          ],
          [
            80.1095939,
            13.083518
          ],
          [
            80.1102119,
            13.0825733
          ],
          [
            80.1107698,
            13.081453
          ],
          [
            80.1114993,
            13.0793964
          ],
          [
            80.1118856,
            13.0780671
          ],
          [
            80.1121688,
            13.0763448
          ],
          [
            80.1124439,
            13.075613
          ],
          [
            80.1129721,
            13.0745016
          ],
          [
            80.1129251,
            13.0734049
          ],
          [
            80.1134659,
            13.0715675
          ],
          [
            80.1139627,
            13.070183
          ],
          [
            80.1139627,
            13.0692801
          ],
          [
            80.1137481,
            13.0680092
          ],
          [
            80.1135193,
            13.0667488
          ],
          [
            80.1137138,
            13.0658103
          ],
          [
            80.1140571,
            13.0651415
          ],
          [
            80.1146922,
            13.0647485
          ],
          [
            80.1160312,
            13.06469
          ],
          [
            80.1176105,
            13.0647485
          ],
          [
            80.1192069,
            13.0650579
          ],
          [
            80.1209064,
            13.0653421
          ],
          [
            80.1220393,
            13.0658438
          ],
          [
            80.1228462,
            13.0664959
          ],
          [
            80.1235843,
            13.0668722
          ],
          [
            80.1247773,
            13.0668387
          ],
          [
            80.1260562,
            13.0667133
          ],
          [
            80.127584,
            13.0667551
          ],
          [
            80.1287856,
            13.06673
          ],
          [
            80.1303306,
            13.0665043
          ],
          [
            80.131249,
            13.0665377
          ],
          [
            80.1325879,
            13.0663287
          ],
          [
            80.1337896,
            13.0659107
          ],
          [
            80.1346736,
            13.0653756
          ],
          [
            80.135592,
            13.0645729
          ],
          [
            80.136313,
            13.0639291
          ],
          [
            80.1371335,
            13.0631881
          ],
          [
            80.1376857,
            13.0626519
          ],
          [
            80.1379756,
            13.0622789
          ],
          [
            80.138518,
            13.0621213
          ],
          [
            80.1391143,
            13.0619445
          ],
          [
            80.1410225,
            13.0618027
          ],
          [
            80.1419139,
            13.0619223
          ],
          [
            80.1429023,
            13.062095
          ],
          [
            80.1438465,
            13.0622037
          ],
          [
            80.1446704,
            13.0623291
          ],
          [
            80.1453914,
            13.0625298
          ],
          [
            80.148867,
            13.0631655
          ],
          [
            80.1509217,
            13.0625185
          ],
          [
            80.1526092,
            13.0616354
          ],
          [
            80.153842,
            13.0612245
          ],
          [
            80.1550136,
            13.0613032
          ],
          [
            80.1585372,
            13.0627458
          ],
          [
            80.1621307,
            13.0632792
          ],
          [
            80.1628564,
            13.0639786
          ],
          [
            80.1639843,
            13.0643896
          ],
          [
            80.1678488,
            13.065806
          ],
          [
            80.1712704,
            13.0660027
          ],
          [
            80.172815,
            13.0665565
          ],
          [
            80.1736894,
            13.0672851
          ],
          [
            80.1748187,
            13.070134
          ],
          [
            80.1769171,
            13.0712342
          ],
          [
            80.1784943,
            13.0717144
          ],
          [
            80.1802202,
            13.0718372
          ],
          [
            80.1816618,
            13.0719842
          ],
          [
            80.186638,
            13.0725356
          ],
          [
            80.1885557,
            13.073325
          ],
          [
            80.1907314,
            13.0749504
          ],
          [
            80.1917434,
            13.0769111
          ],
          [
            80.1918819,
            13.0773693
          ],
          [
            80.1927106,
            13.0782111
          ],
          [
            80.1933816,
            13.0787676
          ],
          [
            80.1941278,
            13.0788465
          ],
          [
            80.1975115,
            13.0782456
          ],
          [
            80.1984605,
            13.0779395
          ],
          [
            80.199013,
            13.0778131
          ],
          [
            80.2003306,
            13.0774889
          ],
          [
            80.2024517,
            13.0774787
          ],
          [
            80.2052659,
            13.0777481
          ],
          [
            80.2066392,
            13.0784504
          ],
          [
            80.2107076,
            13.0784002
          ],
          [
            80.2122868,
            13.0778066
          ],
          [
            80.213952,
            13.0765943
          ],
          [
            80.2144013,
            13.0765094
          ],
          [
            80.2149196,
            13.076675
          ],
          [
            80.2152668,
            13.076939
          ],
          [
            80.2155262,
            13.0772591
          ],
          [
            80.2156465,
            13.0777358
          ],
          [
            80.2156266,
            13.0791899
          ],
          [
            80.2156906,
            13.0794565
          ],
          [
            80.2158555,
            13.0797299
          ],
          [
            80.2164107,
            13.0802042
          ],
          [
            80.2174156,
            13.0807004
          ],
          [
            80.2175465,
            13.0807265
          ],
          [
            80.2176681,
            13.0807315
          ],
          [
            80.2178618,
            13.0807235
          ],
          [
            80.2179389,
            13.0807167
          ],
          [
            80.2180869,
            13.0806878
          ],
          [
            80.2181667,
            13.0806619
          ],
          [
            80.2183028,
            13.0806006
          ],
          [
            80.2184107,
            13.0805365
          ],
          [
            80.2185513,
            13.0804435
          ],
          [
            80.2187547,
            13.080288
          ],
          [
            80.2189216,
            13.0801642
          ],
          [
            80.219738,
            13.0794852
          ],
          [
            80.2204751,
            13.078233
          ],
          [
            80.2217626,
            13.0767532
          ],
          [
            80.2220811,
            13.0755976
          ],
          [
            80.2221498,
            13.0739255
          ],
          [
            80.2223386,
            13.0731313
          ],
          [
            80.2225961,
            13.072546
          ],
          [
            80.2229909,
            13.0721029
          ],
          [
            80.2235059,
            13.0718521
          ],
          [
            80.2241239,
            13.0717099
          ],
          [
            80.2247505,
            13.0716431
          ],
          [
            80.2253513,
            13.0717935
          ],
          [
            80.2260379,
            13.0718604
          ],
          [
            80.2269306,
            13.0719608
          ],
          [
            80.2277288,
            13.0720862
          ],
          [
            80.2282156,
            13.072278
          ],
          [
            80.2284703,
            13.0722894
          ],
          [
            80.2286164,
            13.0722926
          ],
          [
            80.2287214,
            13.0722904
          ],
          [
            80.2288374,
            13.0722766
          ],
          [
            80.2289614,
            13.0722537
          ],
          [
            80.2290787,
            13.0722278
          ],
          [
            80.2291841,
            13.0721873
          ],
          [
            80.2292703,
            13.0721313
          ],
          [
            80.2293342,
            13.0720644
          ],
          [
            80.2293965,
            13.0719664
          ],
          [
            80.229446,
            13.0718622
          ],
          [
            80.2294777,
            13.071782
          ],
          [
            80.2295451,
            13.0716115
          ],
          [
            80.2295592,
            13.0715497
          ],
          [
            80.2295747,
            13.0714412
          ],
          [
            80.2295773,
            13.0713226
          ],
          [
            80.2295697,
            13.0711868
          ],
          [
            80.2295545,
            13.0710534
          ],
          [
            80.2295373,
            13.0709487
          ],
          [
            80.2295069,
            13.070829
          ],
          [
            80.2294166,
            13.0705691
          ],
          [
            80.2293,
            13.0702925
          ],
          [
            80.2291403,
            13.0699764
          ],
          [
            80.2290312,
            13.0698307
          ],
          [
            80.2289146,
            13.0697072
          ],
          [
            80.2288385,
            13.0696281
          ],
          [
            80.2287663,
            13.0695491
          ],
          [
            80.228708,
            13.0694763
          ],
          [
            80.2286611,
            13.0694034
          ],
          [
            80.2285799,
            13.06927
          ],
          [
            80.2284632,
            13.0690486
          ],
          [
            80.2283821,
            13.0688658
          ],
          [
            80.2283441,
            13.0687448
          ],
          [
            80.2283162,
            13.068604
          ],
          [
            80.2283187,
            13.068483
          ],
          [
            80.2283441,
            13.0683818
          ],
          [
            80.228372,
            13.0683052
          ],
          [
            80.2284061,
            13.0682452
          ],
          [
            80.2284309,
            13.0682146
          ],
          [
            80.2284504,
            13.0681982
          ],
          [
            80.2284782,
            13.0681791
          ],
          [
            80.2285191,
            13.0681554
          ],
          [
            80.2285655,
            13.0681275
          ],
          [
            80.2287305,
            13.068051
          ],
          [
            80.2289321,
            13.0679688
          ],
          [
            80.2289863,
            13.0679484
          ],
          [
            80.2290587,
            13.0679216
          ],
          [
            80.2291244,
            13.067902
          ],
          [
            80.229179,
            13.0678897
          ],
          [
            80.2292489,
            13.067876
          ],
          [
            80.2293306,
            13.0678668
          ],
          [
            80.2294525,
            13.0678653
          ],
          [
            80.2296181,
            13.067879
          ],
          [
            80.2298416,
            13.0679064
          ],
          [
            80.2300989,
            13.0679533
          ],
          [
            80.2310171,
            13.0681517
          ],
          [
            80.2311195,
            13.0681721
          ],
          [
            80.2311821,
            13.0681841
          ],
          [
            80.2312219,
            13.0681905
          ],
          [
            80.2312739,
            13.068198
          ],
          [
            80.2313422,
            13.0682058
          ],
          [
            80.2314471,
            13.0682112
          ],
          [
            80.2315286,
            13.0682137
          ],
          [
            80.231611,
            13.0682136
          ],
          [
            80.2318154,
            13.0682001
          ],
          [
            80.2322118,
            13.0681657
          ],
          [
            80.2325927,
            13.0681179
          ],
          [
            80.2335076,
            13.0680054
          ],
          [
            80.2336215,
            13.0679902
          ],
          [
            80.2337264,
            13.0679705
          ],
          [
            80.2338378,
            13.0679386
          ],
          [
            80.2339314,
            13.067901
          ],
          [
            80.2340042,
            13.0678641
          ],
          [
            80.2340617,
            13.0678311
          ],
          [
            80.2341239,
            13.0677929
          ],
          [
            80.2341871,
            13.0677509
          ],
          [
            80.2342611,
            13.0676992
          ],
          [
            80.2343256,
            13.0676521
          ],
          [
            80.2344106,
            13.0675823
          ],
          [
            80.2344556,
            13.0675323
          ],
          [
            80.2344973,
            13.0674816
          ],
          [
            80.2345688,
            13.0673868
          ],
          [
            80.2346311,
            13.0673083
          ],
          [
            80.2347056,
            13.0672268
          ],
          [
            80.2347968,
            13.0671394
          ],
          [
            80.2348957,
            13.0670505
          ],
          [
            80.2349808,
            13.0669883
          ],
          [
            80.2350796,
            13.0669202
          ],
          [
            80.2352165,
            13.0668328
          ],
          [
            80.2353763,
            13.0667468
          ],
          [
            80.2355825,
            13.0666484
          ],
          [
            80.2358098,
            13.0665643
          ],
          [
            80.2360287,
            13.0665008
          ],
          [
            80.2364853,
            13.0663778
          ],
          [
            80.2368578,
            13.0663019
          ],
          [
            80.2371145,
            13.066263
          ],
          [
            80.2373818,
            13.0662363
          ],
          [
            80.2375228,
            13.0662271
          ],
          [
            80.2376532,
            13.066224
          ],
          [
            80.2377351,
            13.0662244
          ],
          [
            80.2378321,
            13.0662322
          ],
          [
            80.2379605,
            13.0662486
          ],
          [
            80.2381015,
            13.0662753
          ],
          [
            80.2383023,
            13.0663197
          ],
          [
            80.2384626,
            13.06637
          ],
          [
            80.238639,
            13.0664481
          ],
          [
            80.2388509,
            13.0665609
          ],
          [
            80.2393604,
            13.066842
          ],
          [
            80.2396472,
            13.0670016
          ],
          [
            80.2398235,
            13.0670867
          ],
          [
            80.2400248,
            13.0671821
          ],
          [
            80.2402582,
            13.0672914
          ],
          [
            80.2404791,
            13.0673886
          ],
          [
            80.2420235,
            13.0680063
          ],
          [
            80.2423349,
            13.0681281
          ],
          [
            80.2425427,
            13.0682005
          ],
          [
            80.2427958,
            13.068279
          ],
          [
            80.2429736,
            13.0683305
          ],
          [
            80.2436343,
            13.0685684
          ],
          [
            80.2447404,
            13.0691338
          ],
          [
            80.246958,
            13.0702938
          ],
          [
            80.2475105,
            13.0706259
          ],
          [
            80.2480642,
            13.0708739
          ],
          [
            80.2486983,
            13.0710307
          ],
          [
            80.249195,
            13.0710411
          ],
          [
            80.249754,
            13.0709157
          ],
          [
            80.2503291,
            13.0707224
          ],
          [
            80.2511584,
            13.0701945
          ],
          [
            80.2521948,
            13.0695246
          ],
          [
            80.25286,
            13.0689237
          ],
          [
            80.2540939,
            13.0675244
          ],
          [
            80.2546347,
            13.0669681
          ],
          [
            80.2547043,
            13.0668597
          ],
          [
            80.2553287,
            13.0661657
          ],
          [
            80.2555197,
            13.0658679
          ],
          [
            80.2556731,
            13.0654446
          ],
          [
            80.2556626,
            13.0651955
          ],
          [
            80.2557374,
            13.0648395
          ],
          [
            80.2557343,
            13.0643881
          ],
          [
            80.25573,
            13.0638821
          ],
          [
            80.2557572,
            13.0632264
          ],
          [
            80.2557713,
            13.0628876
          ],
          [
            80.2559487,
            13.0624305
          ],
          [
            80.2560024,
            13.0622921
          ],
          [
            80.256137,
            13.0620689
          ],
          [
            80.2564081,
            13.0616194
          ],
          [
            80.2568372,
            13.061238
          ],
          [
            80.2573146,
            13.0610331
          ],
          [
            80.2580871,
            13.0610917
          ],
          [
            80.2586879,
            13.0613676
          ],
          [
            80.2596149,
            13.0622037
          ],
          [
            80.2603702,
            13.0630732
          ],
          [
            80.2606166,
            13.0637819
          ],
          [
            80.2607841,
            13.0642258
          ],
          [
            80.2608718,
            13.06455
          ],
          [
            80.2609116,
            13.0647122
          ],
          [
            80.2612718,
            13.0654267
          ],
          [
            80.2617432,
            13.0658385
          ],
          [
            80.2633667,
            13.0666447
          ],
          [
            80.2647721,
            13.0668643
          ],
          [
            80.2660704,
            13.0669374
          ],
          [
            80.267673,
            13.0672288
          ],
          [
            80.2685678,
            13.067668
          ],
          [
            80.2691603,
            13.0686095
          ],
          [
            80.2692157,
            13.0698842
          ],
          [
            80.2688506,
            13.0706069
          ],
          [
            80.2684847,
            13.0714454
          ],
          [
            80.267737,
            13.0721816
          ],
          [
            80.2660907,
            13.0739218
          ],
          [
            80.2657631,
            13.0747495
          ],
          [
            80.265743,
            13.0754191
          ],
          [
            80.2659278,
            13.0763229
          ],
          [
            80.2666991,
            13.0785954
          ],
          [
            80.2679495,
            13.0796762
          ],
          [
            80.2694086,
            13.079927
          ],
          [
            80.2706905,
            13.0795577
          ],
          [
            80.2724247,
            13.0785676
          ],
          [
            80.2727561,
            13.0784744
          ],
          [
            80.2731122,
            13.078123
          ],
          [
            80.2738182,
            13.0770844
          ],
          [
            80.274183,
            13.0753078
          ],
          [
            80.2743439,
            13.0748689
          ],
          [
            80.2744405,
            13.0741268
          ],
          [
            80.2748251,
            13.0727402
          ],
          [
            80.275234,
            13.0722071
          ],
          [
            80.2765755,
            13.0710648
          ],
          [
            80.2786849,
            13.0696189
          ],
          [
            80.2788929,
            13.0694763
          ],
          [
            80.2811674,
            13.0687656
          ],
          [
            80.282535,
            13.0686192
          ],
          [
            80.2848582,
            13.0685566
          ],
          [
            80.2865407,
            13.0680568
          ],
          [
            80.287213,
            13.0678407
          ],
          [
            80.2874807,
            13.067765
          ],
          [
            80.2877316,
            13.0677025
          ],
          [
            80.2878921,
            13.0676704
          ],
          [
            80.288137,
            13.0676286
          ],
          [
            80.2884166,
            13.0675918
          ],
          [
            80.2888377,
            13.0675261
          ],
          [
            80.2891605,
            13.0674672
          ],
          [
            80.2895437,
            13.0673755
          ],
          [
            80.2899337,
            13.0672641
          ],
          [
            80.2903602,
            13.0671229
          ],
          [
            80.2912636,
            13.0668058
          ]
        ]
      },
      "id": "way/202505379"
    },
    {
      "type": "Feature",
      "properties": {
        "@id": "way/209551269",
        "waterway": "river"
      },
      "geometry": {
        "type": "LineString",
        "coordinates": [
          [
            80.2159232,
            12.9641369
          ],
          [
            80.2162777,
            12.9638422
          ],
          [
            80.2170698,
            12.9632482
          ],
          [
            80.2174322,
            12.9630326
          ],
          [
            80.2187708,
            12.9621617
          ],
          [
            80.2187021,
            12.9617502
          ],
          [
            80.2186793,
            12.9608352
          ],
          [
            80.2182376,
            12.9601239
          ],
          [
            80.2179727,
            12.9599039
          ],
          [
            80.2173303,
            12.9597495
          ],
          [
            80.2171595,
            12.9593539
          ],
          [
            80.2174964,
            12.9587654
          ],
          [
            80.2177827,
            12.9583494
          ],
          [
            80.2178352,
            12.9575834
          ],
          [
            80.2177757,
            12.9570072
          ],
          [
            80.2182187,
            12.9564654
          ],
          [
            80.2182027,
            12.9560343
          ],
          [
            80.2181508,
            12.9548721
          ],
          [
            80.2183332,
            12.954426
          ],
          [
            80.2189289,
            12.9530248
          ],
          [
            80.2191864,
            12.9526073
          ],
          [
            80.2190233,
            12.9518171
          ],
          [
            80.2186375,
            12.9506826
          ],
          [
            80.2178275,
            12.9498782
          ],
          [
            80.2180125,
            12.9477407
          ],
          [
            80.223599,
            12.9453632
          ],
          [
            80.2269539,
            12.9443451
          ],
          [
            80.2271406,
            12.9428945
          ],
          [
            80.2266127,
            12.9419171
          ],
          [
            80.2262227,
            12.940933
          ],
          [
            80.2265782,
            12.9390674
          ],
          [
            80.226991,
            12.9381105
          ],
          [
            80.2269182,
            12.9366954
          ],
          [
            80.2270961,
            12.9361397
          ],
          [
            80.2265658,
            12.9349566
          ],
          [
            80.2258271,
            12.9345771
          ],
          [
            80.223706,
            12.9340482
          ],
          [
            80.2232253,
            12.9332402
          ],
          [
            80.2228673,
            12.9328011
          ],
          [
            80.2226883,
            12.9316195
          ],
          [
            80.2238756,
            12.9300667
          ],
          [
            80.2250521,
            12.9294027
          ],
          [
            80.225795,
            12.9283416
          ],
          [
            80.2257083,
            12.9271398
          ]
        ]
      },
      "id": "way/209551269"
    },
    {
      "type": "Feature",
      "properties": {
        "@id": "way/210934230",
        "layer": "-1",
        "name": "Open drain",
        "waterway": "drain"
      },
      "geometry": {
        "type": "LineString",
        "coordinates": [
          [
            80.170619,
            13.014825
          ],
          [
            80.1706395,
            13.0149337
          ],
          [
            80.1706583,
            13.0150443
          ],
          [
            80.1706676,
            13.0151427
          ],
          [
            80.1706788,
            13.0152751
          ],
          [
            80.1706925,
            13.0153389
          ],
          [
            80.1707449,
            13.0153371
          ],
          [
            80.1708958,
            13.0153304
          ],
          [
            80.1710379,
            13.0153146
          ],
          [
            80.1711252,
            13.0153079
          ],
          [
            80.1711894,
            13.0153077
          ],
          [
            80.1712836,
            13.0152903
          ],
          [
            80.1714675,
            13.0152684
          ],
          [
            80.1717306,
            13.0152375
          ],
          [
            80.1719382,
            13.0152186
          ],
          [
            80.1721708,
            13.0151949
          ],
          [
            80.1721951,
            13.0151961
          ],
          [
            80.1722506,
            13.0152429
          ]
        ]
      },
      "id": "way/210934230"
    },
    {
      "type": "Feature",
      "properties": {
        "@id": "way/214148762",
        "waterway": "drain"
      },
      "geometry": {
        "type": "LineString",
        "coordinates": [
          [
            80.2435144,
            13.0333872
          ],
          [
            80.2432205,
            13.0336376
          ],
          [
            80.243244,
            13.03372
          ],
          [
            80.2435849,
            13.0347484
          ],
          [
            80.2437611,
            13.0349948
          ]
        ]
      },
      "id": "way/214148762"
    },
    {
      "type": "Feature",
      "properties": {
        "@id": "way/214162275",
        "layer": "-1",
        "name": "Mambalam Drain",
        "tunnel": "yes",
        "waterway": "drain"
      },
      "geometry": {
        "type": "LineString",
        "coordinates": [
          [
            80.2308608,
            13.0304919
          ],
          [
            80.2306314,
            13.0304566
          ]
        ]
      },
      "id": "way/214162275"
    },
    {
      "type": "Feature",
      "properties": {
        "@id": "way/214162276",
        "intermittent": "no",
        "name": "Mambalam Canal",
        "waterway": "canal",
        "width": "10"
      },
      "geometry": {
        "type": "LineString",
        "coordinates": [
          [
            80.2306314,
            13.0304566
          ],
          [
            80.2304213,
            13.0303769
          ],
          [
            80.2302919,
            13.0303259
          ],
          [
            80.2301918,
            13.0302795
          ],
          [
            80.2300981,
            13.0301983
          ],
          [
            80.229999,
            13.0300975
          ],
          [
            80.2296242,
            13.0297077
          ],
          [
            80.2293703,
            13.0293923
          ],
          [
            80.2292004,
            13.0292167
          ],
          [
            80.2288588,
            13.0289802
          ],
          [
            80.2286496,
            13.0288882
          ],
          [
            80.2283972,
            13.0287814
          ],
          [
            80.2281413,
            13.0286918
          ],
          [
            80.2279314,
            13.028573
          ],
          [
            80.2277635,
            13.0284429
          ],
          [
            80.2276638,
            13.0281954
          ],
          [
            80.2274652,
            13.0273348
          ],
          [
            80.2272099,
            13.0271126
          ],
          [
            80.2271678,
            13.0269945
          ],
          [
            80.2272069,
            13.0268792
          ],
          [
            80.2273175,
            13.0267534
          ],
          [
            80.2276157,
            13.0266094
          ],
          [
            80.2277477,
            13.026541
          ],
          [
            80.2281969,
            13.0260653
          ],
          [
            80.2285812,
            13.0256695
          ],
          [
            80.228891,
            13.0253661
          ],
          [
            80.2291217,
            13.0251859
          ],
          [
            80.2295013,
            13.0247551
          ],
          [
            80.2296738,
            13.024603
          ],
          [
            80.2298791,
            13.0244857
          ],
          [
            80.2301395,
            13.0243104
          ],
          [
            80.2314544,
            13.0234538
          ],
          [
            80.2332402,
            13.0224835
          ],
          [
            80.2333972,
            13.0223814
          ],
          [
            80.2337006,
            13.0222078
          ],
          [
            80.2337827,
            13.0221188
          ],
          [
            80.2340153,
            13.0219608
          ],
          [
            80.2341225,
            13.0219338
          ],
          [
            80.2342521,
            13.0219306
          ],
          [
            80.2346306,
            13.0220626
          ],
          [
            80.2349249,
            13.0222432
          ],
          [
            80.2350581,
            13.0224425
          ],
          [
            80.2355162,
            13.0224906
          ],
          [
            80.2356436,
            13.0224765
          ],
          [
            80.235813,
            13.0223714
          ],
          [
            80.2361934,
            13.0222105
          ],
          [
            80.2364489,
            13.0221023
          ],
          [
            80.2368198,
            13.0218646
          ],
          [
            80.2371178,
            13.0210774
          ]
        ]
      },
      "id": "way/214162276"
    },
    {
      "type": "Feature",
      "properties": {
        "@id": "way/217688013",
        "waterway": "stream"
      },
      "geometry": {
        "type": "LineString",
        "coordinates": [
          [
            80.2520041,
            13.06112
          ],
          [
            80.2536124,
            13.0614012
          ],
          [
            80.2541789,
            13.062739
          ],
          [
            80.2543122,
            13.0627478
          ],
          [
            80.2544098,
            13.0627543
          ],
          [
            80.2551917,
            13.0628059
          ],
          [
            80.2557713,
            13.0628876
          ]
        ]
      },
      "id": "way/217688013"
    },
    {
      "type": "Feature",
      "properties": {
        "@id": "way/217696076",
        "layer": "-1",
        "tunnel": "yes",
        "waterway": "drain"
      },
      "geometry": {
        "type": "LineString",
        "coordinates": [
          [
            80.2453012,
            13.0756047
          ],
          [
            80.2456855,
            13.0758401
          ],
          [
            80.2458827,
            13.0759709
          ],
          [
            80.2463493,
            13.0762253
          ],
          [
            80.2465994,
            13.0763651
          ],
          [
            80.246732,
            13.0765239
          ],
          [
            80.2469669,
            13.0774368
          ],
          [
            80.2470799,
            13.0776148
          ],
          [
            80.2471942,
            13.0777552
          ],
          [
            80.2475616,
            13.0779914
          ],
          [
            80.2477989,
            13.0780453
          ],
          [
            80.2485396,
            13.0783236
          ],
          [
            80.2494645,
            13.0785013
          ],
          [
            80.2501995,
            13.0786051
          ],
          [
            80.2515607,
            13.0786559
          ],
          [
            80.2516064,
            13.0785669
          ],
          [
            80.2520805,
            13.0759574
          ],
          [
            80.2521565,
            13.0753403
          ],
          [
            80.2523414,
            13.0738392
          ],
          [
            80.2523501,
            13.0734114
          ],
          [
            80.2522204,
            13.0725643
          ],
          [
            80.2520912,
            13.0723816
          ],
          [
            80.2518667,
            13.0722887
          ],
          [
            80.2505259,
            13.0720401
          ],
          [
            80.249711,
            13.0717675
          ],
          [
            80.2481207,
            13.0713784
          ],
          [
            80.2473415,
            13.0709966
          ],
          [
            80.2473788,
            13.0708959
          ],
          [
            80.2475105,
            13.0706259
          ]
        ]
      },
      "id": "way/217696076"
    },
    {
      "type": "Feature",
      "properties": {
        "@id": "way/217802635",
        "layer": "-1",
        "name": "Virugambakkam Canal",
        "waterway": "drain"
      },
      "geometry": {
        "type": "LineString",
        "coordinates": [
          [
            80.1874178,
            13.0569144
          ],
          [
            80.1877875,
            13.0580157
          ],
          [
            80.1881694,
            13.0583165
          ],
          [
            80.1884944,
            13.0586252
          ],
          [
            80.1888682,
            13.0586648
          ],
          [
            80.1889479,
            13.0588919
          ]
        ]
      },
      "id": "way/217802635"
    },
    {
      "type": "Feature",
      "properties": {
        "@id": "way/217926516",
        "layer": "-1",
        "tunnel": "yes",
        "waterway": "drain"
      },
      "geometry": {
        "type": "LineString",
        "coordinates": [
          [
            80.2215033,
            13.0959182
          ],
          [
            80.2217019,
            13.0974111
          ],
          [
            80.2220227,
            13.0989347
          ]
        ]
      },
      "id": "way/217926516"
    },
    {
      "type": "Feature",
      "properties": {
        "@id": "way/217926517",
        "layer": "-1",
        "waterway": "drain"
      },
      "geometry": {
        "type": "LineString",
        "coordinates": [
          [
            80.2220227,
            13.0989347
          ],
          [
            80.2224193,
            13.1020681
          ],
          [
            80.2227084,
            13.1035221
          ]
        ]
      },
      "id": "way/217926517"
    },
    {
      "type": "Feature",
      "properties": {
        "@id": "way/217926518",
        "layer": "-1",
        "tunnel": "yes",
        "waterway": "drain"
      },
      "geometry": {
        "type": "LineString",
        "coordinates": [
          [
            80.2274962,
            13.091656
          ],
          [
            80.2284036,
            13.0907711
          ],
          [
            80.2283229,
            13.0903456
          ],
          [
            80.2293387,
            13.0893825
          ],
          [
            80.2312623,
            13.0884562
          ],
          [
            80.2326888,
            13.0880983
          ],
          [
            80.2343152,
            13.0878141
          ],
          [
            80.2371952,
            13.0872088
          ],
          [
            80.2380057,
            13.0869404
          ],
          [
            80.2400428,
            13.085951
          ],
          [
            80.2406263,
            13.0857931
          ],
          [
            80.2419177,
            13.0856405
          ],
          [
            80.2422959,
            13.0853931
          ],
          [
            80.2423878,
            13.0852352
          ]
        ]
      },
      "id": "way/217926518"
    },
    {
      "type": "Feature",
      "properties": {
        "@id": "way/240869135",
        "layer": "-1",
        "waterway": "drain"
      },
      "geometry": {
        "type": "LineString",
        "coordinates": [
          [
            80.2274962,
            13.091656
          ],
          [
            80.2263936,
            13.0927969
          ],
          [
            80.2257891,
            13.0933985
          ],
          [
            80.224495,
            13.0943659
          ],
          [
            80.2236999,
            13.0949602
          ],
          [
            80.2231825,
            13.0952372
          ],
          [
            80.2215033,
            13.0959182
          ]
        ]
      },
      "id": "way/240869135"
    },
    {
      "type": "Feature",
      "properties": {
        "@id": "way/290653341",
        "name": "Thanthi Channel",
        "note": "Sembarambakkam to Porur Eri surplus water canal",
        "waterway": "drain"
      },
      "geometry": {
        "type": "LineString",
        "coordinates": [
          [
            80.112405,
            13.0293175
          ],
          [
            80.112555,
            13.029238
          ],
          [
            80.1127324,
            13.0292562
          ],
          [
            80.1129006,
            13.0293108
          ],
          [
            80.1131154,
            13.0292744
          ],
          [
            80.1132275,
            13.0291743
          ],
          [
            80.113573,
            13.0291288
          ],
          [
            80.1136104,
            13.0290651
          ],
          [
            80.1137412,
            13.029238
          ],
          [
            80.1138906,
            13.0292471
          ],
          [
            80.114012,
            13.0291197
          ],
          [
            80.1142082,
            13.0291379
          ],
          [
            80.1143109,
            13.0291379
          ],
          [
            80.1144043,
            13.0291106
          ],
          [
            80.1144603,
            13.0290287
          ],
          [
            80.1145631,
            13.0289377
          ],
          [
            80.1146565,
            13.0288831
          ],
          [
            80.1147966,
            13.0288649
          ],
          [
            80.1149367,
            13.0288649
          ],
          [
            80.1150301,
            13.0288558
          ],
          [
            80.1151515,
            13.0287375
          ],
          [
            80.1153009,
            13.0287466
          ],
          [
            80.1154224,
            13.0287102
          ],
          [
            80.1156185,
            13.0286829
          ],
          [
            80.1157399,
            13.0285373
          ],
          [
            80.1158987,
            13.0284281
          ],
          [
            80.1159921,
            13.0283644
          ],
          [
            80.1161135,
            13.028328
          ],
          [
            80.1163283,
            13.0282552
          ],
          [
            80.1165618,
            13.0282007
          ],
          [
            80.1167767,
            13.0281097
          ],
          [
            80.1168887,
            13.0280096
          ],
          [
            80.1169541,
            13.0279368
          ],
          [
            80.1169821,
            13.0278185
          ],
          [
            80.1170195,
            13.0277366
          ],
          [
            80.1171876,
            13.0277093
          ],
          [
            80.1173838,
            13.027682
          ],
          [
            80.1175799,
            13.0276274
          ],
          [
            80.1178694,
            13.0275182
          ],
          [
            80.1181123,
            13.0274818
          ],
          [
            80.1183271,
            13.0274636
          ],
          [
            80.1185513,
            13.0274181
          ],
          [
            80.1186727,
            13.0273817
          ],
          [
            80.1187754,
            13.027227
          ],
          [
            80.1187941,
            13.0271087
          ],
          [
            80.1190836,
            13.0270177
          ],
          [
            80.1193452,
            13.0269267
          ],
          [
            80.1194946,
            13.0268721
          ],
          [
            80.1196627,
            13.0269904
          ],
          [
            80.1197094,
            13.0272088
          ],
          [
            80.1197841,
            13.0272543
          ],
          [
            80.1198775,
            13.0272179
          ],
          [
            80.1201017,
            13.0271724
          ],
          [
            80.1203539,
            13.0270632
          ],
          [
            80.1205594,
            13.0270086
          ],
          [
            80.1206341,
            13.0270905
          ],
          [
            80.1207368,
            13.0272907
          ],
          [
            80.1207929,
            13.0273726
          ],
          [
            80.1209143,
            13.0272998
          ],
          [
            80.1212225,
            13.0272634
          ],
          [
            80.1214653,
            13.0271815
          ],
          [
            80.1216335,
            13.0270905
          ],
          [
            80.1218483,
            13.0270268
          ],
          [
            80.1221658,
            13.0269631
          ],
          [
            80.1222873,
            13.0268539
          ],
          [
            80.1225488,
            13.026681
          ],
          [
            80.1229411,
            13.0265991
          ],
          [
            80.123819,
            13.0264808
          ],
          [
            80.1241179,
            13.0264171
          ],
          [
            80.1241926,
            13.0263625
          ],
          [
            80.1243047,
            13.0263079
          ],
          [
            80.1242954,
            13.0260986
          ],
          [
            80.1243701,
            13.0259894
          ],
          [
            80.1245849,
            13.0259621
          ],
          [
            80.1249585,
            13.0259439
          ],
          [
            80.1253228,
            13.025953
          ],
          [
            80.1255189,
            13.0258802
          ],
          [
            80.1255936,
            13.025762
          ],
          [
            80.1255189,
            13.0255709
          ],
          [
            80.1255002,
            13.0254071
          ],
          [
            80.1256216,
            13.0253434
          ],
          [
            80.1258365,
            13.0253434
          ],
          [
            80.1260886,
            13.0253434
          ],
          [
            80.1264062,
            13.0252797
          ],
          [
            80.1264622,
            13.0252342
          ],
          [
            80.126565,
            13.025125
          ],
          [
            80.1265276,
            13.0249248
          ],
          [
            80.1265276,
            13.0246973
          ],
          [
            80.1267144,
            13.0246427
          ],
          [
            80.1271067,
            13.0246336
          ],
          [
            80.1275039,
            13.0245419
          ],
          [
            80.127952,
            13.0244909
          ],
          [
            80.128287,
            13.0244527
          ],
          [
            80.1285651,
            13.0244329
          ],
          [
            80.1288463,
            13.024389
          ],
          [
            80.1291959,
            13.0243314
          ],
          [
            80.1295781,
            13.0242373
          ],
          [
            80.1298141,
            13.024185
          ],
          [
            80.1300221,
            13.024128
          ],
          [
            80.1302543,
            13.0240967
          ],
          [
            80.1304691,
            13.0241058
          ],
          [
            80.1306279,
            13.0241422
          ],
          [
            80.130808,
            13.024198
          ],
          [
            80.1310304,
            13.0241905
          ],
          [
            80.1314031,
            13.0242059
          ],
          [
            80.131872,
            13.0241732
          ],
          [
            80.132141,
            13.0241732
          ],
          [
            80.1323184,
            13.0241805
          ],
          [
            80.1325146,
            13.0241604
          ],
          [
            80.1327761,
            13.0241604
          ],
          [
            80.1331123,
            13.0241695
          ],
          [
            80.133187,
            13.0241786
          ],
          [
            80.1334579,
            13.0242059
          ],
          [
            80.1340276,
            13.0242514
          ],
          [
            80.1343172,
            13.0243424
          ],
          [
            80.1348402,
            13.0243151
          ],
          [
            80.1350952,
            13.0242987
          ],
          [
            80.1353446,
            13.0242878
          ],
          [
            80.1356808,
            13.0242423
          ],
          [
            80.1359248,
            13.0243049
          ],
          [
            80.1362872,
            13.0242873
          ],
          [
            80.1364996,
            13.0242452
          ],
          [
            80.136704,
            13.0241599
          ],
          [
            80.1369001,
            13.0241212
          ],
          [
            80.1371803,
            13.0240552
          ],
          [
            80.1373788,
            13.0239756
          ],
          [
            80.1376141,
            13.023932
          ],
          [
            80.1377594,
            13.0239051
          ],
          [
            80.1379929,
            13.0238642
          ],
          [
            80.1382427,
            13.0238414
          ],
          [
            80.1384319,
            13.0237095
          ],
          [
            80.138537,
            13.0237049
          ],
          [
            80.1388312,
            13.0236549
          ],
          [
            80.1392421,
            13.023573
          ],
          [
            80.1394663,
            13.0235767
          ],
          [
            80.1396229,
            13.0235672
          ],
          [
            80.1396578,
            13.0235658
          ],
          [
            80.1397033,
            13.0235639
          ],
          [
            80.1397524,
            13.0235764
          ],
          [
            80.1399479,
            13.0237435
          ],
          [
            80.1401244,
            13.0238954
          ],
          [
            80.1402191,
            13.0239665
          ],
          [
            80.1403111,
            13.0240216
          ],
          [
            80.1403673,
            13.0240314
          ],
          [
            80.1404298,
            13.0240283
          ]
        ]
      },
      "id": "way/290653341"
    },
    {
      "type": "Feature",
      "properties": {
        "@id": "way/290654695",
        "name": "Chembarampakkam water for irrigation",
        "waterway": "stream"
      },
      "geometry": {
        "type": "LineString",
        "coordinates": [
          [
            80.0915587,
            13.0068808
          ],
          [
            80.092247,
            13.0068577
          ],
          [
            80.0929802,
            13.0067349
          ],
          [
            80.0936387,
            13.0066257
          ],
          [
            80.0946848,
            13.0066484
          ],
          [
            80.0949229,
            13.0068486
          ],
          [
            80.0957309,
            13.0069351
          ],
          [
            80.0961792,
            13.0067485
          ],
          [
            80.0965481,
            13.0065438
          ],
          [
            80.0970011,
            13.0064573
          ],
          [
            80.0974821,
            13.006289
          ],
          [
            80.0976549,
            13.0061479
          ],
          [
            80.0982106,
            13.005206
          ],
          [
            80.0985375,
            13.0050422
          ],
          [
            80.0988738,
            13.0047419
          ],
          [
            80.0992767,
            13.0046415
          ],
          [
            80.0994708,
            13.0046179
          ],
          [
            80.1000338,
            13.0044521
          ]
        ]
      },
      "id": "way/290654695"
    },
    {
      "type": "Feature",
      "properties": {
        "@id": "way/328358961",
        "intermittent": "yes",
        "layer": "-1",
        "name": "Veerangal Canal",
        "tunnel": "culvert",
        "waterway": "drain"
      },
      "geometry": {
        "type": "LineString",
        "coordinates": [
          [
            80.1912645,
            12.9753871
          ],
          [
            80.1913298,
            12.9754706
          ],
          [
            80.1915422,
            12.9754311
          ],
          [
            80.191704,
            12.975542
          ],
          [
            80.1922224,
            12.9759634
          ],
          [
            80.1928141,
            12.9765375
          ],
          [
            80.1930695,
            12.9769071
          ],
          [
            80.1932996,
            12.977289
          ],
          [
            80.1934316,
            12.9776157
          ],
          [
            80.1934589,
            12.9776832
          ],
          [
            80.1936435,
            12.9782574
          ],
          [
            80.1938457,
            12.9787649
          ],
          [
            80.1940733,
            12.9792208
          ],
          [
            80.1943236,
            12.9795781
          ],
          [
            80.1943742,
            12.9798392
          ],
          [
            80.1944425,
            12.9802409
          ],
          [
            80.1945917,
            12.9806425
          ],
          [
            80.1946069,
            12.9808076
          ],
          [
            80.1945411,
            12.980953
          ],
          [
            80.1947009,
            12.9810311
          ],
          [
            80.1947622,
            12.9811141
          ],
          [
            80.1948117,
            12.9812138
          ],
          [
            80.1950734,
            12.9812685
          ],
          [
            80.1952112,
            12.9812018
          ],
          [
            80.195429,
            12.9812204
          ],
          [
            80.1955675,
            12.981166
          ],
          [
            80.1956641,
            12.9810622
          ],
          [
            80.1957414,
            12.9809078
          ],
          [
            80.1957773,
            12.980738
          ],
          [
            80.1959142,
            12.9804954
          ],
          [
            80.1960538,
            12.9802049
          ],
          [
            80.1962134,
            12.9799629
          ],
          [
            80.1963373,
            12.9799054
          ],
          [
            80.1966048,
            12.9799054
          ],
          [
            80.1968487,
            12.9799801
          ],
          [
            80.1971673,
            12.9799725
          ],
          [
            80.1975292,
            12.9798996
          ],
          [
            80.1976452,
            12.9798172
          ],
          [
            80.1979068,
            12.9797118
          ],
          [
            80.1984713,
            12.9796869
          ],
          [
            80.198902,
            12.9795987
          ],
          [
            80.1992502,
            12.9796543
          ],
          [
            80.1996553,
            12.9796524
          ],
          [
            80.1998559,
            12.9795278
          ],
          [
            80.2001057,
            12.9792998
          ],
          [
            80.2003653,
            12.9792193
          ],
          [
            80.2012774,
            12.9791057
          ],
          [
            80.2014884,
            12.9791134
          ],
          [
            80.2016908,
            12.9791028
          ]
        ]
      },
      "id": "way/328358961"
    },
    {
      "type": "Feature",
      "properties": {
        "@id": "way/346285748",
        "intermittent": "yes",
        "layer": "-1",
        "name": "Ainsley Canal",
        "waterway": "drain"
      },
      "geometry": {
        "type": "LineString",
        "coordinates": [
          [
            80.2311011,
            13.1024099
          ],
          [
            80.2313052,
            13.102388
          ],
          [
            80.2338465,
            13.1019295
          ],
          [
            80.2398804,
            13.1008427
          ],
          [
            80.2435454,
            13.1003579
          ],
          [
            80.2447444,
            13.0998804
          ],
          [
            80.2469271,
            13.0988698
          ]
        ]
      },
      "id": "way/346285748"
    },
    {
      "type": "Feature",
      "properties": {
        "@id": "way/346285803",
        "layer": "-1",
        "name": "Egankipuram Canal",
        "osm_id": "25368787",
        "waterway": "drain"
      },
      "geometry": {
        "type": "LineString",
        "coordinates": [
          [
            80.2439264,
            13.1069146
          ],
          [
            80.2438647,
            13.1063639
          ],
          [
            80.2438303,
            13.1054026
          ],
          [
            80.2439528,
            13.1052273
          ],
          [
            80.24485,
            13.1050643
          ],
          [
            80.2451247,
            13.1050058
          ],
          [
            80.2457939,
            13.1038466
          ],
          [
            80.2463253,
            13.1030576
          ],
          [
            80.2464536,
            13.1027577
          ],
          [
            80.2468842,
            13.1017038
          ],
          [
            80.2468909,
            13.1016323
          ],
          [
            80.2470216,
            13.1002408
          ],
          [
            80.2467812,
            13.0995721
          ],
          [
            80.2469271,
            13.0988698
          ],
          [
            80.2473087,
            13.0972026
          ]
        ]
      },
      "id": "way/346285803"
    },
    {
      "type": "Feature",
      "properties": {
        "@id": "way/349521476",
        "waterway": "canal"
      },
      "geometry": {
        "type": "LineString",
        "coordinates": [
          [
            80.0243648,
            13.111865
          ],
          [
            80.0244017,
            13.1118559
          ],
          [
            80.0243947,
            13.1115804
          ],
          [
            80.0244766,
            13.1114332
          ],
          [
            80.0244182,
            13.1110785
          ],
          [
            80.0246238,
            13.1107626
          ],
          [
            80.024781,
            13.1101495
          ],
          [
            80.0247847,
            13.1096285
          ],
          [
            80.0249339,
            13.1092848
          ],
          [
            80.0325385,
            13.1098429
          ],
          [
            80.0399163,
            13.1103618
          ]
        ]
      },
      "id": "way/349521476"
    },
    {
      "type": "Feature",
      "properties": {
        "@id": "way/349521477",
        "waterway": "canal"
      },
      "geometry": {
        "type": "LineString",
        "coordinates": [
          [
            80.0399163,
            13.1103618
          ],
          [
            80.045832,
            13.1107264
          ],
          [
            80.0458975,
            13.1107902
          ],
          [
            80.0461122,
            13.1108469
          ],
          [
            80.0463705,
            13.1107937
          ],
          [
            80.0477678,
            13.110854
          ],
          [
            80.0477641,
            13.1118534
          ],
          [
            80.0477023,
            13.1120518
          ],
          [
            80.0477459,
            13.1123849
          ],
          [
            80.0481789,
            13.1124133
          ],
          [
            80.0481062,
            13.1131752
          ],
          [
            80.0484045,
            13.1133559
          ],
          [
            80.0485756,
            13.1131468
          ],
          [
            80.0486046,
            13.1128118
          ],
          [
            80.0495129,
            13.1126772
          ],
          [
            80.0502632,
            13.1125426
          ],
          [
            80.0516281,
            13.1123001
          ],
          [
            80.0518681,
            13.112323
          ]
        ]
      },
      "id": "way/349521477"
    },
    {
      "type": "Feature",
      "properties": {
        "@id": "way/383730513",
        "layer": "-1",
        "name": "Chembarambakkam Irrigation canal",
        "waterway": "drain"
      },
      "geometry": {
        "type": "LineString",
        "coordinates": [
          [
            80.0804149,
            13.012375
          ],
          [
            80.0807056,
            13.0125145
          ],
          [
            80.0807685,
            13.0126595
          ],
          [
            80.0809149,
            13.0130883
          ],
          [
            80.0810661,
            13.0133066
          ],
          [
            80.0814521,
            13.0133664
          ],
          [
            80.0817352,
            13.013458
          ],
          [
            80.0821317,
            13.0139043
          ],
          [
            80.0826271,
            13.0143733
          ],
          [
            80.0827546,
            13.0145388
          ],
          [
            80.0829408,
            13.0146859
          ],
          [
            80.0832009,
            13.015007
          ],
          [
            80.0835549,
            13.0153102
          ],
          [
            80.0837373,
            13.0155192
          ],
          [
            80.0841879,
            13.0159583
          ],
          [
            80.0841986,
            13.0159687
          ],
          [
            80.0844347,
            13.0161673
          ],
          [
            80.0845849,
            13.0162846
          ],
          [
            80.0847664,
            13.0165011
          ],
          [
            80.0853144,
            13.0171081
          ],
          [
            80.0857758,
            13.017589
          ],
          [
            80.0859073,
            13.0176493
          ],
          [
            80.0859984,
            13.0177599
          ],
          [
            80.0861746,
            13.0179035
          ],
          [
            80.0863967,
            13.018052
          ],
          [
            80.0864901,
            13.0181246
          ]
        ]
      },
      "id": "way/383730513"
    },
    {
      "type": "Feature",
      "properties": {
        "@id": "way/383730520",
        "waterway": "ditch"
      },
      "geometry": {
        "type": "LineString",
        "coordinates": [
          [
            80.0821165,
            13.0076579
          ],
          [
            80.0822555,
            13.0068098
          ],
          [
            80.0824158,
            13.0062027
          ],
          [
            80.0824414,
            13.0059342
          ],
          [
            80.0825119,
            13.0057032
          ],
          [
            80.0832916,
            13.004881
          ],
          [
            80.0842565,
            13.0038125
          ],
          [
            80.0842921,
            13.0035489
          ],
          [
            80.0841532,
            13.0025602
          ],
          [
            80.083815,
            13.0003781
          ],
          [
            80.083181,
            12.9985062
          ],
          [
            80.0831888,
            12.998443
          ],
          [
            80.0832718,
            12.9984355
          ],
          [
            80.0835388,
            12.9984809
          ],
          [
            80.0837774,
            12.9984052
          ],
          [
            80.0842388,
            12.9983546
          ],
          [
            80.0843088,
            12.9983976
          ],
          [
            80.0844229,
            12.9986654
          ],
          [
            80.084524,
            12.9987386
          ],
          [
            80.0846562,
            12.9987184
          ],
          [
            80.0850814,
            12.9986022
          ],
          [
            80.0861885,
            12.9984026
          ],
          [
            80.0863855,
            12.9983167
          ],
          [
            80.0865981,
            12.9983471
          ],
          [
            80.0867822,
            12.9982915
          ],
          [
            80.0872359,
            12.9982612
          ]
        ]
      },
      "id": "way/383730520"
    },
    {
      "type": "Feature",
      "properties": {
        "@id": "way/383730523",
        "waterway": "stream"
      },
      "geometry": {
        "type": "LineString",
        "coordinates": [
          [
            80.0457144,
            13.0183984
          ],
          [
            80.0448668,
            13.0173073
          ],
          [
            80.0448434,
            13.0167694
          ],
          [
            80.0449679,
            13.0161935
          ],
          [
            80.0476345,
            13.0139932
          ],
          [
            80.0711176,
            13.0044225
          ],
          [
            80.0808752,
            13.0004456
          ]
        ]
      },
      "id": "way/383730523"
    },
    {
      "type": "Feature",
      "properties": {
        "@id": "way/383730524",
        "waterway": "drain"
      },
      "geometry": {
        "type": "LineString",
        "coordinates": [
          [
            80.1129697,
            12.9909794
          ],
          [
            80.1138736,
            12.9908343
          ],
          [
            80.1142712,
            12.9908564
          ],
          [
            80.1152368,
            12.9910841
          ],
          [
            80.1155783,
            12.9909023
          ],
          [
            80.1158928,
            12.9911733
          ],
          [
            80.1163429,
            12.9920048
          ]
        ]
      },
      "id": "way/383730524"
    },
    {
      "type": "Feature",
      "properties": {
        "@id": "way/383730644",
        "waterway": "stream"
      },
      "geometry": {
        "type": "LineString",
        "coordinates": [
          [
            80.0711176,
            13.0044225
          ],
          [
            80.0809689,
            13.0088324
          ]
        ]
      },
      "id": "way/383730644"
    },
    {
      "type": "Feature",
      "properties": {
        "@id": "way/383730645",
        "waterway": "ditch"
      },
      "geometry": {
        "type": "LineString",
        "coordinates": [
          [
            80.077408,
            13.0195303
          ],
          [
            80.0780697,
            13.0181314
          ],
          [
            80.0792034,
            13.0154405
          ],
          [
            80.0794687,
            13.014771
          ],
          [
            80.0804126,
            13.0124152
          ],
          [
            80.0804149,
            13.012375
          ]
        ]
      },
      "id": "way/383730645"
    },
    {
      "type": "Feature",
      "properties": {
        "@id": "way/383742981",
        "layer": "-1",
        "name": "Chembarambakkam irrigation canal",
        "waterway": "ditch"
      },
      "geometry": {
        "type": "LineString",
        "coordinates": [
          [
            80.0853548,
            13.014555
          ],
          [
            80.0853696,
            13.0146836
          ],
          [
            80.0854793,
            13.0150067
          ],
          [
            80.0856358,
            13.0154298
          ],
          [
            80.0856148,
            13.0156505
          ],
          [
            80.0855844,
            13.0157506
          ],
          [
            80.0855751,
            13.0158166
          ],
          [
            80.0855727,
            13.0158826
          ],
          [
            80.0855494,
            13.0160418
          ],
          [
            80.0855377,
            13.0161283
          ],
          [
            80.0855167,
            13.0163671
          ],
          [
            80.0855424,
            13.0165355
          ],
          [
            80.0855587,
            13.0166174
          ],
          [
            80.0855681,
            13.0166583
          ],
          [
            80.0856264,
            13.0167084
          ],
          [
            80.0856871,
            13.0167448
          ],
          [
            80.0857362,
            13.0167812
          ],
          [
            80.0857852,
            13.0168176
          ],
          [
            80.0858319,
            13.0168472
          ],
          [
            80.085866,
            13.0169525
          ],
          [
            80.0858774,
            13.0169879
          ],
          [
            80.0858757,
            13.0169879
          ],
          [
            80.0859093,
            13.0171051
          ],
          [
            80.085927,
            13.017131
          ],
          [
            80.0859447,
            13.0171413
          ],
          [
            80.0860438,
            13.0171931
          ],
          [
            80.0861234,
            13.0172465
          ],
          [
            80.086157,
            13.0172706
          ],
          [
            80.0862084,
            13.0172724
          ],
          [
            80.0863145,
            13.0172482
          ],
          [
            80.0864331,
            13.0172189
          ],
          [
            80.0865587,
            13.017181
          ],
          [
            80.0865676,
            13.0171793
          ],
          [
            80.0866331,
            13.0171482
          ],
          [
            80.0867074,
            13.0171344
          ],
          [
            80.086764,
            13.0171224
          ],
          [
            80.0868065,
            13.0171258
          ],
          [
            80.0868755,
            13.0171637
          ],
          [
            80.0869038,
            13.0171879
          ],
          [
            80.0869088,
            13.0172439
          ],
          [
            80.0868948,
            13.0172872
          ],
          [
            80.0868925,
            13.0173327
          ],
          [
            80.0868948,
            13.017385
          ],
          [
            80.0869181,
            13.0174896
          ],
          [
            80.0869228,
            13.0175147
          ],
          [
            80.0869462,
            13.0176216
          ],
          [
            80.0870349,
            13.0177353
          ],
          [
            80.0869905,
            13.0178696
          ],
          [
            80.087004,
            13.0179601
          ],
          [
            80.0869205,
            13.0180083
          ],
          [
            80.0869065,
            13.0180743
          ],
          [
            80.0869181,
            13.0181175
          ],
          [
            80.0869555,
            13.0181539
          ],
          [
            80.0870162,
            13.0181539
          ],
          [
            80.0870839,
            13.0181244
          ],
          [
            80.0871913,
            13.0180698
          ],
          [
            80.0872894,
            13.0180038
          ],
          [
            80.0873198,
            13.0179879
          ],
          [
            80.0874762,
            13.0180174
          ],
          [
            80.0875206,
            13.0180698
          ],
          [
            80.0875206,
            13.018072
          ],
          [
            80.087621,
            13.0182313
          ],
          [
            80.0876513,
            13.0183064
          ],
          [
            80.0876537,
            13.0183996
          ],
          [
            80.087663,
            13.0184861
          ],
          [
            80.0876752,
            13.018607
          ],
          [
            80.0877798,
            13.0186567
          ],
          [
            80.0878498,
            13.0186453
          ],
          [
            80.0878918,
            13.0186135
          ],
          [
            80.0879413,
            13.0185943
          ],
          [
            80.0879969,
            13.0186089
          ],
          [
            80.0881266,
            13.0187585
          ],
          [
            80.0882081,
            13.018955
          ],
          [
            80.0883005,
            13.018998
          ],
          [
            80.0884466,
            13.0189376
          ],
          [
            80.0885106,
            13.0189206
          ],
          [
            80.0885503,
            13.018982
          ],
          [
            80.0885596,
            13.0190912
          ],
          [
            80.088583,
            13.0192186
          ],
          [
            80.0886297,
            13.0192709
          ],
          [
            80.0886694,
            13.0193051
          ],
          [
            80.0888188,
            13.0193415
          ],
          [
            80.0888562,
            13.0193187
          ],
          [
            80.0889122,
            13.0192846
          ],
          [
            80.0889449,
            13.019255
          ],
          [
            80.0889963,
            13.0192004
          ],
          [
            80.0890383,
            13.0191731
          ],
          [
            80.0890687,
            13.0191731
          ],
          [
            80.0891364,
            13.0191959
          ],
          [
            80.0891901,
            13.0192027
          ],
          [
            80.0892788,
            13.0191936
          ],
          [
            80.0893489,
            13.0191436
          ],
          [
            80.0894329,
            13.0190662
          ],
          [
            80.0894796,
            13.0190048
          ],
          [
            80.0894983,
            13.0189343
          ],
          [
            80.0895403,
            13.018891
          ],
          [
            80.0896057,
            13.0188888
          ],
          [
            80.0896524,
            13.0189229
          ],
          [
            80.0897259,
            13.0189454
          ],
          [
            80.0897319,
            13.018946
          ],
          [
            80.0897453,
            13.0189467
          ],
          [
            80.0897567,
            13.0189545
          ],
          [
            80.0897788,
            13.0189715
          ],
          [
            80.0898224,
            13.0189917
          ],
          [
            80.0899485,
            13.0189885
          ],
          [
            80.0900196,
            13.0189898
          ],
          [
            80.0901839,
            13.0189754
          ],
          [
            80.0902388,
            13.0189826
          ],
          [
            80.0902596,
            13.0189963
          ],
          [
            80.0903206,
            13.0190257
          ],
          [
            80.0903522,
            13.0190505
          ],
          [
            80.0903998,
            13.0191087
          ],
          [
            80.0904152,
            13.019125
          ],
          [
            80.090436,
            13.0191466
          ],
          [
            80.0904769,
            13.0191832
          ],
          [
            80.0905037,
            13.019208
          ],
          [
            80.0905144,
            13.0192237
          ],
          [
            80.0905151,
            13.0192256
          ],
          [
            80.0905359,
            13.0192524
          ],
          [
            80.090552,
            13.0192903
          ],
          [
            80.0905661,
            13.0193177
          ],
          [
            80.0905748,
            13.0193426
          ],
          [
            80.0905828,
            13.0193707
          ],
          [
            80.0905976,
            13.0194066
          ],
          [
            80.0905986,
            13.0194359
          ],
          [
            80.0906063,
            13.0194706
          ],
          [
            80.0906117,
            13.0194955
          ],
          [
            80.0906358,
            13.0195333
          ],
          [
            80.0906613,
            13.0195791
          ],
          [
            80.0906774,
            13.0196144
          ],
          [
            80.0906962,
            13.0196457
          ],
          [
            80.0907203,
            13.0196784
          ],
          [
            80.0907358,
            13.0197048
          ],
          [
            80.0907578,
            13.0197254
          ],
          [
            80.0907833,
            13.0197777
          ],
          [
            80.0908343,
            13.0198874
          ],
          [
            80.0908598,
            13.0199044
          ],
          [
            80.0909134,
            13.0198874
          ],
          [
            80.0909523,
            13.0198914
          ],
          [
            80.0910207,
            13.0199593
          ],
          [
            80.0910676,
            13.0200155
          ],
          [
            80.0911092,
            13.0200586
          ],
          [
            80.0911291,
            13.0200754
          ],
          [
            80.0911414,
            13.0200874
          ],
          [
            80.0911816,
            13.02012
          ],
          [
            80.091242,
            13.0201801
          ],
          [
            80.0912612,
            13.0201981
          ],
          [
            80.0912809,
            13.0202076
          ],
          [
            80.0913315,
            13.0202226
          ],
          [
            80.0913466,
            13.0202193
          ],
          [
            80.0914083,
            13.0202063
          ],
          [
            80.0914378,
            13.0201671
          ],
          [
            80.0914753,
            13.0201566
          ],
          [
            80.0915263,
            13.0201383
          ],
          [
            80.0915504,
            13.0201357
          ],
          [
            80.0915799,
            13.0201305
          ],
          [
            80.0916497,
            13.0201279
          ],
          [
            80.0916685,
            13.0201331
          ],
          [
            80.0917462,
            13.0201853
          ],
          [
            80.0917579,
            13.0202007
          ],
          [
            80.091765,
            13.0202219
          ],
          [
            80.0918643,
            13.0202847
          ],
          [
            80.0918723,
            13.0202977
          ],
          [
            80.0920708,
            13.0205094
          ],
          [
            80.092052,
            13.0205878
          ],
          [
            80.092052,
            13.0206714
          ],
          [
            80.0920922,
            13.020789
          ],
          [
            80.0922371,
            13.0208909
          ],
          [
            80.0923444,
            13.0210503
          ],
          [
            80.0923551,
            13.0210817
          ],
          [
            80.0924007,
            13.0211601
          ],
          [
            80.0925268,
            13.0213273
          ],
          [
            80.092535,
            13.021354
          ],
          [
            80.0925992,
            13.0214005
          ]
        ]
      },
      "id": "way/383742981"
    },
    {
      "type": "Feature",
      "properties": {
        "@id": "way/383742994",
        "waterway": "drain"
      },
      "geometry": {
        "type": "LineString",
        "coordinates": [
          [
            80.090403,
            13.0022968
          ],
          [
            80.0904919,
            13.0023618
          ],
          [
            80.0906807,
            13.0025039
          ],
          [
            80.0914425,
            13.0026238
          ]
        ]
      },
      "id": "way/383742994"
    },
    {
      "type": "Feature",
      "properties": {
        "@id": "way/383742995",
        "waterway": "stream"
      },
      "geometry": {
        "type": "LineString",
        "coordinates": [
          [
            80.0872029,
            13.0062323
          ],
          [
            80.0875461,
            13.0062641
          ],
          [
            80.0878074,
            13.0061059
          ],
          [
            80.0879416,
            13.0060026
          ],
          [
            80.087984,
            13.0058925
          ],
          [
            80.0882418,
            13.0059166
          ],
          [
            80.0883654,
            13.0059166
          ],
          [
            80.0887291,
            13.0056482
          ],
          [
            80.0892094,
            13.0056482
          ],
          [
            80.0893471,
            13.0057342
          ],
          [
            80.0894813,
            13.0058099
          ],
          [
            80.0895873,
            13.0057962
          ],
          [
            80.0896685,
            13.0055966
          ],
          [
            80.0898098,
            13.0055278
          ],
          [
            80.0901317,
            13.005477
          ]
        ]
      },
      "id": "way/383742995"
    },
    {
      "type": "Feature",
      "properties": {
        "@id": "way/383742999",
        "waterway": "drain"
      },
      "geometry": {
        "type": "LineString",
        "coordinates": [
          [
            80.089881,
            13.0010428
          ],
          [
            80.0898633,
            13.0008265
          ],
          [
            80.0896853,
            13.0008141
          ],
          [
            80.0896153,
            13.0007521
          ],
          [
            80.0896122,
            13.0006097
          ],
          [
            80.0896662,
            13.0004889
          ],
          [
            80.0895772,
            13.0002535
          ],
          [
            80.0893515,
            13.0000708
          ],
          [
            80.0889987,
            12.9995536
          ],
          [
            80.0889288,
            12.9992377
          ],
          [
            80.0888652,
            12.9989094
          ],
          [
            80.0888716,
            12.9986399
          ],
          [
            80.0889256,
            12.9985439
          ],
          [
            80.0889065,
            12.9982868
          ],
          [
            80.0888528,
            12.9980607
          ]
        ]
      },
      "id": "way/383742999"
    },
    {
      "type": "Feature",
      "properties": {
        "@id": "way/383754559",
        "name": "Chembarampakkam water for irrigation",
        "waterway": "stream"
      },
      "geometry": {
        "type": "LineString",
        "coordinates": [
          [
            80.1098504,
            13.0007937
          ],
          [
            80.1098959,
            13.0001592
          ],
          [
            80.1101344,
            12.9993809
          ],
          [
            80.1102555,
            12.9988902
          ],
          [
            80.1106114,
            12.9984992
          ],
          [
            80.111149,
            12.9980602
          ],
          [
            80.1111793,
            12.9978094
          ],
          [
            80.111149,
            12.9975548
          ],
          [
            80.1108992,
            12.9972044
          ],
          [
            80.1108121,
            12.9970088
          ],
          [
            80.1110771,
            12.9967764
          ],
          [
            80.1114178,
            12.9966326
          ],
          [
            80.1121183,
            12.9965772
          ],
          [
            80.1124325,
            12.996319
          ],
          [
            80.1124514,
            12.9958984
          ],
          [
            80.1128598,
            12.9954453
          ],
          [
            80.1132674,
            12.9947135
          ],
          [
            80.1140185,
            12.9940026
          ],
          [
            80.1147909,
            12.9933963
          ],
          [
            80.1154561,
            12.9926226
          ],
          [
            80.1160999,
            12.9921418
          ],
          [
            80.1163429,
            12.9920048
          ],
          [
            80.117227,
            12.9920048
          ],
          [
            80.1175274,
            12.9917288
          ],
          [
            80.1176904,
            12.9911684
          ],
          [
            80.1177934,
            12.9906416
          ],
          [
            80.1179823,
            12.9896045
          ],
          [
            80.1182054,
            12.989203
          ],
          [
            80.1197675,
            12.9878733
          ],
          [
            80.1207288,
            12.9871958
          ],
          [
            80.1207022,
            12.9859018
          ]
        ]
      },
      "id": "way/383754559"
    },
    {
      "type": "Feature",
      "properties": {
        "@id": "way/383833229",
        "waterway": "canal"
      },
      "geometry": {
        "type": "LineString",
        "coordinates": [
          [
            80.08767,
            13.0181804
          ],
          [
            80.0877506,
            13.0181616
          ],
          [
            80.0878516,
            13.0180869
          ],
          [
            80.0877304,
            13.0174889
          ],
          [
            80.0877385,
            13.0172646
          ],
          [
            80.0878031,
            13.0170915
          ],
          [
            80.0878031,
            13.0168594
          ],
          [
            80.0879041,
            13.0165171
          ],
          [
            80.0881585,
            13.0163322
          ],
          [
            80.0884896,
            13.0155493
          ],
          [
            80.0884936,
            13.0154116
          ],
          [
            80.0883604,
            13.015093
          ],
          [
            80.0883765,
            13.0149867
          ],
          [
            80.0884452,
            13.0148844
          ],
          [
            80.0885017,
            13.0146956
          ],
          [
            80.0888813,
            13.0143769
          ],
          [
            80.0889701,
            13.0140897
          ],
          [
            80.0891841,
            13.0140425
          ],
          [
            80.0894102,
            13.0138261
          ],
          [
            80.0896589,
            13.0137951
          ],
          [
            80.089915,
            13.0137632
          ],
          [
            80.0901492,
            13.0136294
          ],
          [
            80.0901855,
            13.0134799
          ],
          [
            80.0900038,
            13.0127993
          ]
        ]
      },
      "id": "way/383833229"
    },
    {
      "type": "Feature",
      "properties": {
        "@id": "way/383838974",
        "name": "Thanthi Channel",
        "note": "Sembarambakkam to Porur Eri surplus water canal",
        "waterway": "drain"
      },
      "geometry": {
        "type": "LineString",
        "coordinates": [
          [
            80.1028631,
            13.0229865
          ],
          [
            80.1029118,
            13.0231578
          ],
          [
            80.1029353,
            13.0232656
          ],
          [
            80.1029741,
            13.0233207
          ],
          [
            80.1030448,
            13.0232733
          ],
          [
            80.1031347,
            13.0230946
          ],
          [
            80.1032018,
            13.0230351
          ],
          [
            80.1032458,
            13.0230393
          ],
          [
            80.103278,
            13.0230688
          ],
          [
            80.1032802,
            13.0233954
          ],
          [
            80.1033088,
            13.0234485
          ],
          [
            80.1033763,
            13.0234762
          ],
          [
            80.1034312,
            13.0234329
          ],
          [
            80.1035244,
            13.0231677
          ],
          [
            80.1035796,
            13.0230752
          ],
          [
            80.1036405,
            13.0230109
          ],
          [
            80.1037287,
            13.023
          ],
          [
            80.1038076,
            13.0230726
          ],
          [
            80.1040681,
            13.0234637
          ],
          [
            80.1044329,
            13.0235892
          ],
          [
            80.1046904,
            13.0237355
          ],
          [
            80.1048192,
            13.02384
          ],
          [
            80.1052269,
            13.0242686
          ],
          [
            80.1053985,
            13.0244567
          ],
          [
            80.1055702,
            13.0246972
          ],
          [
            80.1058599,
            13.0247181
          ],
          [
            80.1060315,
            13.0247285
          ],
          [
            80.1063641,
            13.0247912
          ],
          [
            80.106484,
            13.0249885
          ],
          [
            80.1067268,
            13.0252342
          ],
          [
            80.1069884,
            13.0254981
          ],
          [
            80.1072125,
            13.0260895
          ],
          [
            80.1074087,
            13.0264171
          ],
          [
            80.107829,
            13.0265718
          ],
          [
            80.1080531,
            13.0268448
          ],
          [
            80.1083053,
            13.0268357
          ],
          [
            80.1085575,
            13.0269813
          ],
          [
            80.1086212,
            13.0269813
          ]
        ]
      },
      "id": "way/383838974"
    },
    {
      "type": "Feature",
      "properties": {
        "@id": "way/383841156",
        "layer": "-1",
        "waterway": "ditch"
      },
      "geometry": {
        "type": "LineString",
        "coordinates": [
          [
            80.0906247,
            12.966423
          ],
          [
            80.0906457,
            12.9664205
          ],
          [
            80.0913302,
            12.9662339
          ],
          [
            80.0926644,
            12.9660369
          ],
          [
            80.0927518,
            12.966024
          ],
          [
            80.0931731,
            12.9661593
          ],
          [
            80.0936182,
            12.9662153
          ],
          [
            80.0940634,
            12.966122
          ],
          [
            80.0942835,
            12.9658981
          ],
          [
            80.094566,
            12.9650398
          ],
          [
            80.0949489,
            12.9636871
          ],
          [
            80.0954946,
            12.962437
          ],
          [
            80.095753,
            12.9619332
          ],
          [
            80.0958679,
            12.9612708
          ],
          [
            80.0961934,
            12.960739
          ],
          [
            80.0967486,
            12.9598061
          ],
          [
            80.096854,
            12.9590224
          ],
          [
            80.0967965,
            12.9584627
          ],
          [
            80.0965572,
            12.9569326
          ],
          [
            80.0966529,
            12.9552533
          ],
          [
            80.0965955,
            12.9523052
          ],
          [
            80.0967582,
            12.9521652
          ],
          [
            80.0990462,
            12.9521652
          ],
          [
            80.0992951,
            12.9518387
          ],
          [
            80.1003003,
            12.9511856
          ],
          [
            80.1010183,
            12.9505605
          ],
          [
            80.101512,
            12.9502464
          ]
        ]
      },
      "id": "way/383841156"
    },
    {
      "type": "Feature",
      "properties": {
        "@id": "way/383842298",
        "waterway": "drain"
      },
      "geometry": {
        "type": "LineString",
        "coordinates": [
          [
            80.0368839,
            12.9151779
          ],
          [
            80.0367282,
            12.9148691
          ],
          [
            80.0367722,
            12.9135387
          ],
          [
            80.0367722,
            12.9120453
          ],
          [
            80.0368074,
            12.9110612
          ],
          [
            80.0387003,
            12.9096045
          ],
          [
            80.0401449,
            12.9072254
          ],
          [
            80.0402944,
            12.9018843
          ],
          [
            80.0396669,
            12.8971326
          ],
          [
            80.0399004,
            12.8967092
          ],
          [
            80.0401183,
            12.8966303
          ],
          [
            80.0404639,
            12.8967608
          ],
          [
            80.0406847,
            12.8971379
          ],
          [
            80.0409434,
            12.8973661
          ],
          [
            80.0411001,
            12.8975551
          ],
          [
            80.0416142,
            12.8983076
          ],
          [
            80.0417687,
            12.898376
          ],
          [
            80.0420953,
            12.8984068
          ],
          [
            80.0427521,
            12.8984308
          ],
          [
            80.0438162,
            12.8984376
          ],
          [
            80.0450629,
            12.8984411
          ],
          [
            80.0455089,
            12.8985917
          ],
          [
            80.0457898,
            12.8987047
          ],
          [
            80.0461656,
            12.8987697
          ],
          [
            80.0469188,
            12.8988696
          ],
          [
            80.0476933,
            12.8986465
          ],
          [
            80.0490208,
            12.8983007
          ],
          [
            80.0496038,
            12.8982596
          ],
          [
            80.0507346,
            12.8983692
          ],
          [
            80.0526451,
            12.8983829
          ],
          [
            80.0537127,
            12.8983076
          ],
          [
            80.0545064,
            12.8983829
          ],
          [
            80.0547873,
            12.8984856
          ],
          [
            80.0549208,
            12.8984034
          ],
          [
            80.054696,
            12.8980063
          ],
          [
            80.0543308,
            12.8975818
          ],
          [
            80.0538812,
            12.8963426
          ],
          [
            80.0532631,
            12.8953704
          ],
          [
            80.052922,
            12.8949584
          ],
          [
            80.0527682,
            12.8948627
          ],
          [
            80.0527576,
            12.8946778
          ],
          [
            80.0528454,
            12.8942944
          ],
          [
            80.0529193,
            12.8940603
          ]
        ]
      },
      "id": "way/383842298"
    },
    {
      "type": "Feature",
      "properties": {
        "@id": "way/383851531",
        "waterway": "stream"
      },
      "geometry": {
        "type": "LineString",
        "coordinates": [
          [
            79.9953948,
            12.9683642
          ],
          [
            79.9958981,
            12.968045
          ],
          [
            79.9960419,
            12.9677959
          ],
          [
            79.9961778,
            12.9671886
          ],
          [
            79.9963615,
            12.9665346
          ],
          [
            79.9964893,
            12.9659351
          ],
          [
            79.996737,
            12.9653433
          ],
          [
            79.9968888,
            12.9648317
          ],
          [
            79.9973295,
            12.9641491
          ],
          [
            79.9975442,
            12.9639509
          ],
          [
            79.9989339,
            12.9627947
          ],
          [
            80.0002785,
            12.9619028
          ],
          [
            80.0015779,
            12.9614073
          ],
          [
            80.0025383,
            12.961077
          ],
          [
            80.0031146,
            12.961066
          ],
          [
            80.0035326,
            12.9609889
          ],
          [
            80.0048885,
            12.9602952
          ],
          [
            80.0059506,
            12.9599979
          ],
          [
            80.0066738,
            12.9595795
          ],
          [
            80.0072726,
            12.9592161
          ],
          [
            80.0074308,
            12.9587536
          ],
          [
            80.0073404,
            12.9576415
          ],
          [
            80.0075777,
            12.95719
          ],
          [
            80.0089562,
            12.9566395
          ],
          [
            80.0096002,
            12.9562651
          ],
          [
            80.0103346,
            12.955219
          ],
          [
            80.0108431,
            12.9548226
          ],
          [
            80.0113176,
            12.9548116
          ],
          [
            80.0118261,
            12.9549878
          ],
          [
            80.0121538,
            12.9549878
          ],
          [
            80.0124249,
            12.9548666
          ],
          [
            80.0126961,
            12.9541289
          ],
          [
            80.013182,
            12.9530608
          ],
          [
            80.0131481,
            12.9526203
          ],
          [
            80.0129334,
            12.9522459
          ],
          [
            80.0129334,
            12.9517614
          ],
          [
            80.0131933,
            12.9514641
          ],
          [
            80.0136339,
            12.951354
          ],
          [
            80.0147638,
            12.9517174
          ],
          [
            80.0149354,
            12.9517486
          ]
        ]
      },
      "id": "way/383851531"
    },
    {
      "type": "Feature",
      "properties": {
        "@id": "way/383852846",
        "name": "Adyar River",
        "waterway": "river",
        "wikidata": "Q2825422"
      },
      "geometry": {
        "type": "LineString",
        "coordinates": [
          [
            79.9821856,
            12.8437178
          ],
          [
            79.9839522,
            12.844778
          ],
          [
            79.9864245,
            12.8430666
          ],
          [
            79.9865668,
            12.8429681
          ],
          [
            79.9877932,
            12.8437304
          ],
          [
            79.9883267,
            12.8441896
          ],
          [
            79.9886918,
            12.8443747
          ],
          [
            79.9890144,
            12.844584
          ],
          [
            79.9892987,
            12.8446299
          ],
          [
            79.9902283,
            12.8446042
          ],
          [
            79.9932823,
            12.8470191
          ],
          [
            79.9938527,
            12.8474189
          ],
          [
            79.9939963,
            12.8475589
          ],
          [
            79.9940508,
            12.8476845
          ],
          [
            79.9941597,
            12.8477424
          ],
          [
            79.9944865,
            12.8477376
          ],
          [
            79.9945905,
            12.8478341
          ],
          [
            79.9946449,
            12.8479307
          ],
          [
            79.9948678,
            12.8479113
          ],
          [
            79.9950856,
            12.8479162
          ],
          [
            79.9956946,
            12.8476989
          ],
          [
            79.996269,
            12.8474238
          ],
          [
            79.9964572,
            12.8472548
          ],
          [
            79.9973137,
            12.8470424
          ],
          [
            79.9977099,
            12.8469603
          ],
          [
            79.9983139,
            12.8467914
          ],
          [
            79.9984872,
            12.8466272
          ],
          [
            79.9986209,
            12.8466031
          ],
          [
            79.9987596,
            12.8464003
          ],
          [
            79.9988894,
            12.8463631
          ],
          [
            79.998998,
            12.8463768
          ],
          [
            79.9990491,
            12.8464387
          ],
          [
            79.9991573,
            12.8465697
          ],
          [
            79.9992553,
            12.8466072
          ],
          [
            79.9993901,
            12.8465884
          ],
          [
            79.9996667,
            12.8466721
          ],
          [
            80.0000536,
            12.8467438
          ],
          [
            80.0001796,
            12.8469025
          ],
          [
            79.9997942,
            12.8471437
          ],
          [
            79.9996434,
            12.847214
          ],
          [
            79.9991813,
            12.8473915
          ],
          [
            79.9988977,
            12.8475553
          ],
          [
            79.9985651,
            12.8477055
          ],
          [
            79.9986666,
            12.8480469
          ],
          [
            79.9987822,
            12.8482858
          ],
          [
            79.9989992,
            12.8485965
          ],
          [
            79.9991813,
            12.8490368
          ],
          [
            79.9992793,
            12.8491358
          ],
          [
            79.9994159,
            12.8491426
          ],
          [
            79.9996084,
            12.8490334
          ],
          [
            79.9998535,
            12.8490539
          ],
          [
            80.0001546,
            12.8492553
          ],
          [
            80.0004032,
            12.8494806
          ],
          [
            80.0009949,
            12.8497331
          ],
          [
            80.001177,
            12.849938
          ],
          [
            80.001408,
            12.8505217
          ],
          [
            80.0015656,
            12.8507367
          ],
          [
            80.0018212,
            12.8507982
          ],
          [
            80.0019192,
            12.8507845
          ],
          [
            80.0020838,
            12.8506309
          ],
          [
            80.0021818,
            12.850467
          ],
          [
            80.0024094,
            12.8504568
          ],
          [
            80.0027595,
            12.8506411
          ],
          [
            80.002938,
            12.8510234
          ],
          [
            80.0031166,
            12.8512965
          ],
          [
            80.0030991,
            12.8514467
          ],
          [
            80.0031271,
            12.8516822
          ],
          [
            80.0030606,
            12.8520611
          ],
          [
            80.0029801,
            12.8524161
          ],
          [
            80.0029801,
            12.8527029
          ],
          [
            80.0031971,
            12.8529998
          ],
          [
            80.0033512,
            12.8532593
          ],
          [
            80.0035192,
            12.8536859
          ],
          [
            80.0036908,
            12.8539249
          ],
          [
            80.0038659,
            12.8541194
          ],
          [
            80.004349,
            12.8542833
          ],
          [
            80.0046046,
            12.8545222
          ],
          [
            80.0049897,
            12.85471
          ],
          [
            80.0053679,
            12.8548704
          ],
          [
            80.0057145,
            12.8548158
          ],
          [
            80.0060611,
            12.8544335
          ],
          [
            80.0063412,
            12.8540751
          ],
          [
            80.0066843,
            12.8540034
          ],
          [
            80.0070344,
            12.8542662
          ],
          [
            80.0074301,
            12.8548021
          ],
          [
            80.0076716,
            12.8550172
          ],
          [
            80.0081478,
            12.8552459
          ],
          [
            80.0087605,
            12.855379
          ],
          [
            80.0090985,
            12.8554854
          ],
          [
            80.0095202,
            12.8559763
          ],
          [
            80.0097338,
            12.8561061
          ],
          [
            80.0102765,
            12.8565088
          ],
          [
            80.0104656,
            12.8569321
          ],
          [
            80.0108157,
            12.8574236
          ],
          [
            80.0110748,
            12.8576284
          ],
          [
            80.0112778,
            12.8576865
          ],
          [
            80.0114984,
            12.8576899
          ],
          [
            80.0116805,
            12.8577411
          ],
          [
            80.0117715,
            12.8578366
          ],
          [
            80.011775,
            12.8580039
          ],
          [
            80.011887,
            12.8581643
          ],
          [
            80.0121251,
            12.8582804
          ],
          [
            80.0122407,
            12.8584237
          ],
          [
            80.0124332,
            12.8588299
          ],
          [
            80.0125803,
            12.8591167
          ],
          [
            80.0128744,
            12.8593317
          ],
          [
            80.013179,
            12.8594546
          ],
          [
            80.0135606,
            12.8595365
          ],
          [
            80.0138022,
            12.8595433
          ],
          [
            80.0140088,
            12.8595638
          ],
          [
            80.0141488,
            12.8596833
          ],
          [
            80.0143169,
            12.8600485
          ],
          [
            80.0144289,
            12.8607175
          ],
          [
            80.0145304,
            12.8611374
          ],
          [
            80.0147965,
            12.8617006
          ],
          [
            80.0150276,
            12.8619634
          ],
          [
            80.0152202,
            12.8620453
          ],
          [
            80.0156718,
            12.8620692
          ],
          [
            80.0163755,
            12.8621477
          ],
          [
            80.0170548,
            12.8622501
          ],
          [
            80.0173244,
            12.8623662
          ],
          [
            80.0175449,
            12.8622842
          ],
          [
            80.0177235,
            12.8620282
          ],
          [
            80.0182417,
            12.86182
          ],
          [
            80.0185463,
            12.8617995
          ],
          [
            80.0187738,
            12.8618405
          ],
          [
            80.01911,
            12.8621238
          ],
          [
            80.0193866,
            12.8622842
          ],
          [
            80.0196246,
            12.8623627
          ],
          [
            80.0198837,
            12.8624617
          ],
          [
            80.0199993,
            12.8626802
          ],
          [
            80.0202058,
            12.8631171
          ],
          [
            80.0204719,
            12.8635335
          ],
          [
            80.020773,
            12.8639738
          ],
          [
            80.02085,
            12.8641752
          ],
          [
            80.0208535,
            12.8643629
          ],
          [
            80.020766,
            12.8645677
          ],
          [
            80.0206505,
            12.8646667
          ],
          [
            80.0206015,
            12.8648681
          ],
          [
            80.020731,
            12.8652743
          ],
          [
            80.0209411,
            12.8655815
          ],
          [
            80.0212562,
            12.8658375
          ],
          [
            80.022121,
            12.8661959
          ],
          [
            80.0227652,
            12.8664382
          ],
          [
            80.0232378,
            12.8666806
          ],
          [
            80.0233674,
            12.8668307
          ],
          [
            80.0233954,
            12.8670526
          ],
          [
            80.0234304,
            12.8673427
          ],
          [
            80.0235004,
            12.8676192
          ],
          [
            80.023833,
            12.8678888
          ],
          [
            80.0239836,
            12.867923
          ],
          [
            80.0243302,
            12.8678172
          ],
          [
            80.0246558,
            12.8678479
          ],
          [
            80.0250514,
            12.8679298
          ],
          [
            80.0254261,
            12.8682404
          ],
          [
            80.0262313,
            12.86865
          ],
          [
            80.026662,
            12.8688446
          ],
          [
            80.0269386,
            12.8690869
          ],
          [
            80.0274497,
            12.86922
          ],
          [
            80.0276178,
            12.86922
          ],
          [
            80.0277228,
            12.8691313
          ],
          [
            80.0279434,
            12.8690869
          ],
          [
            80.0282585,
            12.8691859
          ],
          [
            80.0285211,
            12.8694828
          ],
          [
            80.0287522,
            12.8700187
          ],
          [
            80.0290043,
            12.8702201
          ],
          [
            80.0292564,
            12.8707764
          ],
          [
            80.0295323,
            12.8710874
          ],
          [
            80.0299184,
            12.8713059
          ],
          [
            80.0306407,
            12.8709781
          ],
          [
            80.0309894,
            12.8707839
          ],
          [
            80.0312384,
            12.8707353
          ],
          [
            80.032023,
            12.8708931
          ],
          [
            80.0325211,
            12.8713302
          ],
          [
            80.0327328,
            12.8718644
          ],
          [
            80.0333431,
            12.8723257
          ],
          [
            80.0338163,
            12.8723743
          ],
          [
            80.0341525,
            12.8723257
          ],
          [
            80.0347627,
            12.8725078
          ],
          [
            80.0358088,
            12.872957
          ],
          [
            80.0362571,
            12.8729327
          ],
          [
            80.0370915,
            12.8725078
          ],
          [
            80.0378387,
            12.8725442
          ],
          [
            80.0388474,
            12.8727628
          ],
          [
            80.0391338,
            12.8731391
          ],
          [
            80.0399184,
            12.8734548
          ],
          [
            80.0402546,
            12.8736854
          ],
          [
            80.0403916,
            12.8742803
          ],
          [
            80.0404912,
            12.8748873
          ],
          [
            80.0407154,
            12.8751544
          ],
          [
            80.0411388,
            12.8751301
          ],
          [
            80.0415373,
            12.8752879
          ],
          [
            80.04216,
            12.8757614
          ],
          [
            80.0430317,
            12.8759799
          ],
          [
            80.0436419,
            12.8761499
          ],
          [
            80.0440653,
            12.8768055
          ],
          [
            80.0445759,
            12.8772789
          ],
          [
            80.0447627,
            12.877983
          ],
          [
            80.0451488,
            12.878323
          ],
          [
            80.0456843,
            12.8794641
          ],
          [
            80.0461201,
            12.8799497
          ],
          [
            80.0461077,
            12.8802654
          ],
          [
            80.0458835,
            12.880411
          ],
          [
            80.0454352,
            12.880411
          ],
          [
            80.0451612,
            12.8807024
          ],
          [
            80.0450492,
            12.8810545
          ],
          [
            80.0454228,
            12.8814551
          ],
          [
            80.0456594,
            12.8818314
          ],
          [
            80.0458213,
            12.8825841
          ],
          [
            80.0458213,
            12.8830211
          ],
          [
            80.046033,
            12.8831668
          ],
          [
            80.0466805,
            12.8830697
          ],
          [
            80.047353,
            12.8832639
          ],
          [
            80.0474526,
            12.8835796
          ],
          [
            80.0477017,
            12.8837859
          ],
          [
            80.0479632,
            12.8838588
          ],
          [
            80.0482372,
            12.8845386
          ],
          [
            80.0485485,
            12.8849392
          ],
          [
            80.0485112,
            12.8852427
          ],
          [
            80.0481127,
            12.8855098
          ],
          [
            80.0480255,
            12.885789
          ],
          [
            80.0483244,
            12.8862746
          ],
          [
            80.0484115,
            12.8871243
          ],
          [
            80.0487976,
            12.8879013
          ],
          [
            80.0490093,
            12.8888239
          ],
          [
            80.0489097,
            12.8896251
          ],
          [
            80.0488723,
            12.8901471
          ],
          [
            80.0487851,
            12.8910818
          ],
          [
            80.0490591,
            12.8920651
          ],
          [
            80.049358,
            12.8922594
          ],
          [
            80.0501052,
            12.8922472
          ],
          [
            80.0505037,
            12.8925386
          ],
          [
            80.0505411,
            12.8931455
          ],
          [
            80.0507777,
            12.893364
          ],
          [
            80.051363,
            12.8933033
          ],
          [
            80.051612,
            12.8934976
          ],
          [
            80.0514875,
            12.8939953
          ],
          [
            80.051612,
            12.8943473
          ],
          [
            80.0520604,
            12.8944323
          ],
          [
            80.052434,
            12.8940803
          ],
          [
            80.0526457,
            12.8939831
          ],
          [
            80.0529193,
            12.8940603
          ],
          [
            80.0531687,
            12.8943716
          ],
          [
            80.0534178,
            12.8943595
          ],
          [
            80.0535797,
            12.8941774
          ],
          [
            80.0546507,
            12.8942259
          ],
          [
            80.0551029,
            12.89454
          ],
          [
            80.0554127,
            12.8946083
          ],
          [
            80.055573,
            12.8947631
          ],
          [
            80.0555912,
            12.8950181
          ],
          [
            80.0560615,
            12.895124
          ],
          [
            80.057749,
            12.8950896
          ],
          [
            80.0583636,
            12.8950298
          ],
          [
            80.0585261,
            12.895608
          ],
          [
            80.0587239,
            12.8962509
          ],
          [
            80.058906,
            12.8967766
          ]
        ]
      },
      "id": "way/383852846"
    },
    {
      "type": "Feature",
      "properties": {
        "@id": "way/383857990",
        "waterway": "drain"
      },
      "geometry": {
        "type": "LineString",
        "coordinates": [
          [
            80.0844087,
            12.9403859
          ],
          [
            80.0845142,
            12.9403896
          ],
          [
            80.0854637,
            12.9400559
          ],
          [
            80.0873708,
            12.9392028
          ],
          [
            80.0874844,
            12.939152
          ],
          [
            80.0882105,
            12.9391558
          ],
          [
            80.0886052,
            12.9391306
          ],
          [
            80.0904249,
            12.9388477
          ],
          [
            80.0922875,
            12.9383396
          ],
          [
            80.0947856,
            12.9375883
          ]
        ]
      },
      "id": "way/383857990"
    },
    {
      "type": "Feature",
      "properties": {
        "@id": "way/383861895",
        "waterway": "drain"
      },
      "geometry": {
        "type": "LineString",
        "coordinates": [
          [
            80.0731224,
            12.8876508
          ],
          [
            80.0734302,
            12.8874848
          ],
          [
            80.0742686,
            12.8870762
          ],
          [
            80.0753231,
            12.8866229
          ],
          [
            80.0756374,
            12.8865463
          ],
          [
            80.0762138,
            12.887223
          ],
          [
            80.0765937,
            12.8877147
          ],
          [
            80.0773862,
            12.8900515
          ],
          [
            80.077779,
            12.8914712
          ],
          [
            80.0784737,
            12.8918414
          ],
          [
            80.0785988,
            12.8919542
          ],
          [
            80.0786821,
            12.8923606
          ],
          [
            80.0786821,
            12.8927172
          ],
          [
            80.0785571,
            12.8934576
          ],
          [
            80.0787516,
            12.8939993
          ],
          [
            80.079187,
            12.8942928
          ],
          [
            80.0794238,
            12.8942752
          ],
          [
            80.0799467,
            12.8942365
          ],
          [
            80.080405,
            12.8942025
          ],
          [
            80.0811166,
            12.8941592
          ],
          [
            80.0812558,
            12.8941507
          ],
          [
            80.0815165,
            12.8941348
          ],
          [
            80.0820399,
            12.8941619
          ]
        ]
      },
      "id": "way/383861895"
    },
    {
      "type": "Feature",
      "properties": {
        "@id": "way/383861896",
        "layer": "-1",
        "maxspeed": "30",
        "waterway": "drain"
      },
      "geometry": {
        "type": "LineString",
        "coordinates": [
          [
            80.0922311,
            12.9089553
          ],
          [
            80.0921667,
            12.9088985
          ],
          [
            80.0919964,
            12.9091037
          ],
          [
            80.0917041,
            12.9094828
          ],
          [
            80.0916426,
            12.909454
          ],
          [
            80.0914127,
            12.9097078
          ],
          [
            80.0911472,
            12.9099155
          ],
          [
            80.0907667,
            12.9101891
          ],
          [
            80.0903727,
            12.9103672
          ],
          [
            80.0899702,
            12.9104331
          ],
          [
            80.0863225,
            12.9108345
          ],
          [
            80.0846867,
            12.9113566
          ],
          [
            80.0840183,
            12.911634
          ],
          [
            80.0838271,
            12.9123079
          ],
          [
            80.0834718,
            12.9124195
          ],
          [
            80.0831523,
            12.9125684
          ],
          [
            80.0827586,
            12.9125865
          ],
          [
            80.0821565,
            12.9127535
          ]
        ]
      },
      "id": "way/383861896"
    },
    {
      "type": "Feature",
      "properties": {
        "@id": "way/383861897",
        "waterway": "stream"
      },
      "geometry": {
        "type": "LineString",
        "coordinates": [
          [
            80.0759494,
            12.9155928
          ],
          [
            80.0759776,
            12.9160575
          ],
          [
            80.0760094,
            12.9165229
          ],
          [
            80.0762383,
            12.9167511
          ],
          [
            80.0762329,
            12.9171405
          ],
          [
            80.0767936,
            12.9190317
          ],
          [
            80.0771078,
            12.9199833
          ],
          [
            80.077533,
            12.9209229
          ],
          [
            80.0775821,
            12.9211527
          ],
          [
            80.0775886,
            12.9214317
          ]
        ]
      },
      "id": "way/383861897"
    },
    {
      "type": "Feature",
      "properties": {
        "@id": "way/383959311",
        "waterway": "drain"
      },
      "geometry": {
        "type": "LineString",
        "coordinates": [
          [
            80.1638175,
            12.9939127
          ],
          [
            80.1637655,
            12.9939131
          ],
          [
            80.1637254,
            12.9941175
          ],
          [
            80.1636534,
            12.9942721
          ],
          [
            80.1634688,
            12.9946287
          ],
          [
            80.1633813,
            12.9947474
          ],
          [
            80.1632265,
            12.9948754
          ],
          [
            80.1605456,
            12.9969914
          ],
          [
            80.1604513,
            12.9971428
          ]
        ]
      },
      "id": "way/383959311"
    },
    {
      "type": "Feature",
      "properties": {
        "@id": "way/384137771",
        "waterway": "ditch"
      },
      "geometry": {
        "type": "LineString",
        "coordinates": [
          [
            80.0790286,
            12.9974864
          ],
          [
            80.0798343,
            12.9976152
          ],
          [
            80.080362,
            12.9975533
          ],
          [
            80.080896,
            12.9972807
          ],
          [
            80.0810613,
            12.9971692
          ],
          [
            80.0809405,
            12.9970825
          ],
          [
            80.0809405,
            12.9970144
          ],
          [
            80.0811185,
            12.996971
          ],
          [
            80.0811757,
            12.99681
          ],
          [
            80.0810803,
            12.9965746
          ],
          [
            80.0811312,
            12.9962896
          ],
          [
            80.0810422,
            12.9960419
          ],
          [
            80.0811185,
            12.9959365
          ],
          [
            80.081004,
            12.9957445
          ],
          [
            80.0810549,
            12.9955277
          ],
          [
            80.0809023,
            12.9952118
          ],
          [
            80.0808388,
            12.9950446
          ],
          [
            80.0808833,
            12.9949826
          ],
          [
            80.0809023,
            12.9948711
          ],
          [
            80.0806798,
            12.9945366
          ],
          [
            80.0806989,
            12.9944127
          ],
          [
            80.0808896,
            12.994103
          ],
          [
            80.0809087,
            12.9939729
          ],
          [
            80.0806544,
            12.9927774
          ],
          [
            80.0807053,
            12.9926659
          ],
          [
            80.0810279,
            12.9925762
          ]
        ]
      },
      "id": "way/384137771"
    },
    {
      "type": "Feature",
      "properties": {
        "@id": "way/384143098",
        "waterway": "ditch"
      },
      "geometry": {
        "type": "LineString",
        "coordinates": [
          [
            80.0894442,
            12.9994223
          ],
          [
            80.089616,
            12.9993605
          ],
          [
            80.0901689,
            12.9993518
          ],
          [
            80.0908837,
            12.9992554
          ],
          [
            80.0913602,
            12.9991853
          ]
        ]
      },
      "id": "way/384143098"
    },
    {
      "type": "Feature",
      "properties": {
        "@id": "way/384143099",
        "waterway": "drain"
      },
      "geometry": {
        "type": "LineString",
        "coordinates": [
          [
            80.0858376,
            13.0060727
          ],
          [
            80.088029,
            13.0045794
          ],
          [
            80.0890367,
            13.0036871
          ],
          [
            80.0892417,
            13.0034872
          ],
          [
            80.0893235,
            13.0032992
          ]
        ]
      },
      "id": "way/384143099"
    },
    {
      "type": "Feature",
      "properties": {
        "@id": "way/384187222",
        "layer": "-1",
        "name": "Stormwater Drain",
        "tunnel": "no",
        "waterway": "drain"
      },
      "geometry": {
        "type": "LineString",
        "coordinates": [
          [
            80.221378,
            12.9712841
          ],
          [
            80.2215844,
            12.9712471
          ],
          [
            80.2219642,
            12.9711908
          ],
          [
            80.222093,
            12.9711698
          ],
          [
            80.2222267,
            12.9711489
          ],
          [
            80.2223737,
            12.9711232
          ],
          [
            80.2225156,
            12.9711055
          ],
          [
            80.2225102,
            12.9708588
          ],
          [
            80.2225202,
            12.9708576
          ]
        ]
      },
      "id": "way/384187222"
    },
    {
      "type": "Feature",
      "properties": {
        "@id": "way/384187223",
        "layer": "-1",
        "waterway": "drain"
      },
      "geometry": {
        "type": "LineString",
        "coordinates": [
          [
            80.2219198,
            12.9749497
          ],
          [
            80.2221838,
            12.9749348
          ],
          [
            80.222443,
            12.9750458
          ],
          [
            80.2225536,
            12.9748238
          ],
          [
            80.2225984,
            12.9748318
          ],
          [
            80.2230422,
            12.9748889
          ],
          [
            80.2234086,
            12.9749204
          ]
        ]
      },
      "id": "way/384187223"
    },
    {
      "type": "Feature",
      "properties": {
        "@id": "way/384222225",
        "name": "Krishna Canal",
        "waterway": "canal"
      },
      "geometry": {
        "type": "LineString",
        "coordinates": [
          [
            79.9828249,
            13.060696
          ],
          [
            79.9827996,
            13.0604302
          ],
          [
            79.9828076,
            13.0603179
          ],
          [
            79.9828476,
            13.0602368
          ],
          [
            79.9845835,
            13.0572582
          ],
          [
            79.9849011,
            13.0566645
          ],
          [
            79.9852358,
            13.0562799
          ],
          [
            79.9871694,
            13.0538719
          ],
          [
            79.9899246,
            13.0504187
          ],
          [
            79.995658,
            13.0463717
          ],
          [
            79.9993144,
            13.0429937
          ],
          [
            80.0038806,
            13.0421324
          ],
          [
            80.0090648,
            13.032993
          ],
          [
            80.0127212,
            13.0267799
          ],
          [
            80.0144979,
            13.0235856
          ],
          [
            80.0151244,
            13.0220134
          ],
          [
            80.0152887,
            13.0216589
          ]
        ]
      },
      "id": "way/384222225"
    },
    {
      "type": "Feature",
      "properties": {
        "@id": "way/384380415",
        "waterway": "river",
        "width": "30"
      },
      "geometry": {
        "type": "LineString",
        "coordinates": [
          [
            80.1997478,
            12.8750771
          ],
          [
            80.2005131,
            12.8752348
          ],
          [
            80.2007524,
            12.8752823
          ],
          [
            80.2008541,
            12.875314
          ],
          [
            80.2009333,
            12.8753239
          ],
          [
            80.2009842,
            12.875314
          ],
          [
            80.2010207,
            12.8752902
          ],
          [
            80.2010634,
            12.8752328
          ],
          [
            80.2013196,
            12.8748979
          ],
          [
            80.2014456,
            12.8747611
          ],
          [
            80.2016112,
            12.8746191
          ],
          [
            80.2017936,
            12.8744648
          ],
          [
            80.2019625,
            12.8743053
          ],
          [
            80.2020779,
            12.8742295
          ],
          [
            80.2021852,
            12.8742007
          ],
          [
            80.2023085,
            12.8742086
          ],
          [
            80.2024239,
            12.8742713
          ],
          [
            80.2025365,
            12.8743916
          ],
          [
            80.202735,
            12.8744936
          ],
          [
            80.2029764,
            12.8745668
          ],
          [
            80.2031997,
            12.8745852
          ],
          [
            80.2038713,
            12.8745822
          ],
          [
            80.2042349,
            12.8746002
          ],
          [
            80.2044259,
            12.8746543
          ],
          [
            80.2045091,
            12.8747323
          ],
          [
            80.204623,
            12.874972
          ],
          [
            80.2048236,
            12.875394
          ],
          [
            80.2048791,
            12.8754931
          ],
          [
            80.2049145,
            12.8755126
          ],
          [
            80.2049977,
            12.8755216
          ],
          [
            80.2050701,
            12.8755186
          ],
          [
            80.2054718,
            12.8755008
          ],
          [
            80.206191,
            12.8754689
          ],
          [
            80.2070559,
            12.8754289
          ],
          [
            80.2074342,
            12.8754221
          ],
          [
            80.207593,
            12.8754403
          ],
          [
            80.2077606,
            12.8754889
          ],
          [
            80.2078475,
            12.8755587
          ],
          [
            80.2079175,
            12.8756566
          ],
          [
            80.2080637,
            12.8759012
          ],
          [
            80.2088784,
            12.8773277
          ],
          [
            80.2092109,
            12.8778783
          ],
          [
            80.2097885,
            12.8788414
          ],
          [
            80.2101373,
            12.8794463
          ],
          [
            80.2101704,
            12.8795144
          ],
          [
            80.2102395,
            12.8796567
          ],
          [
            80.2103051,
            12.8798234
          ],
          [
            80.2105335,
            12.8804481
          ],
          [
            80.2106397,
            12.8808345
          ],
          [
            80.2112694,
            12.8834572
          ],
          [
            80.2116788,
            12.8850386
          ],
          [
            80.2112187,
            12.885857
          ],
          [
            80.210952,
            12.8867226
          ],
          [
            80.2108415,
            12.8870997
          ],
          [
            80.21036,
            12.8888764
          ],
          [
            80.209308,
            12.8922314
          ],
          [
            80.209267,
            12.8925962
          ],
          [
            80.2089763,
            12.8951825
          ],
          [
            80.2089623,
            12.8953073
          ],
          [
            80.2090826,
            12.895776
          ],
          [
            80.2097237,
            12.8982736
          ],
          [
            80.2109287,
            12.8995425
          ],
          [
            80.2117722,
            12.8997691
          ],
          [
            80.212213,
            12.899876
          ],
          [
            80.2129855,
            12.8999087
          ],
          [
            80.2134466,
            12.9002864
          ],
          [
            80.2138018,
            12.900687
          ],
          [
            80.2137621,
            12.9016966
          ],
          [
            80.2137402,
            12.9021301
          ],
          [
            80.2137947,
            12.9024882
          ],
          [
            80.2134813,
            12.9028236
          ],
          [
            80.2135162,
            12.9029831
          ],
          [
            80.2129851,
            12.9032054
          ],
          [
            80.2129583,
            12.9033361
          ],
          [
            80.2130629,
            12.9035766
          ],
          [
            80.2131997,
            12.9043113
          ],
          [
            80.2133526,
            12.9050355
          ],
          [
            80.2133901,
            12.9056813
          ],
          [
            80.2131407,
            12.906076
          ],
          [
            80.2130388,
            12.9069728
          ],
          [
            80.2131299,
            12.907995
          ],
          [
            80.213307,
            12.9094539
          ],
          [
            80.2213429,
            12.9191793
          ],
          [
            80.2205597,
            12.9211139
          ],
          [
            80.2207742,
            12.9234981
          ],
          [
            80.2220617,
            12.9256523
          ],
          [
            80.2242933,
            12.927179
          ],
          [
            80.2251473,
            12.9271448
          ],
          [
            80.2257083,
            12.9271398
          ]
        ]
      },
      "id": "way/384380415"
    },
    {
      "type": "Feature",
      "properties": {
        "@id": "way/384492635",
        "waterway": "drain"
      },
      "geometry": {
        "type": "LineString",
        "coordinates": [
          [
            80.0701937,
            12.9868066
          ],
          [
            80.0701951,
            12.9868563
          ],
          [
            80.0701043,
            12.9870221
          ],
          [
            80.070076,
            12.9870912
          ],
          [
            80.0700802,
            12.9872763
          ],
          [
            80.0700746,
            12.9873591
          ],
          [
            80.0700973,
            12.9874517
          ],
          [
            80.0701029,
            12.9875484
          ],
          [
            80.0701043,
            12.9876506
          ],
          [
            80.0700831,
            12.9877418
          ],
          [
            80.0700604,
            12.9878177
          ],
          [
            80.0700065,
            12.9880374
          ],
          [
            80.0699201,
            12.9881506
          ],
          [
            80.0697911,
            12.9884614
          ],
          [
            80.069689,
            12.9885913
          ],
          [
            80.0696592,
            12.9886921
          ],
          [
            80.0695657,
            12.9888413
          ],
          [
            80.069482,
            12.9888965
          ],
          [
            80.0694083,
            12.9889739
          ],
          [
            80.0693459,
            12.9890554
          ],
          [
            80.0692042,
            12.9891507
          ],
          [
            80.0691276,
            12.9892184
          ],
          [
            80.0691135,
            12.9892653
          ],
          [
            80.0690327,
            12.9893095
          ],
          [
            80.0688484,
            12.9895098
          ],
          [
            80.0687931,
            12.9895375
          ],
          [
            80.0686854,
            12.9895015
          ],
          [
            80.0686598,
            12.9895319
          ],
          [
            80.0686528,
            12.9895761
          ],
          [
            80.0686471,
            12.9896618
          ],
          [
            80.0685946,
            12.9897654
          ],
          [
            80.0685805,
            12.9898344
          ],
          [
            80.068589,
            12.9899104
          ],
          [
            80.0686187,
            12.9900195
          ],
          [
            80.0686159,
            12.990072
          ],
          [
            80.0685847,
            12.9901577
          ],
          [
            80.0685904,
            12.9902543
          ],
          [
            80.0686513,
            12.9903883
          ],
          [
            80.0686287,
            12.9904436
          ],
          [
            80.0685734,
            12.9904961
          ],
          [
            80.0685464,
            12.9905513
          ],
          [
            80.0685351,
            12.9905859
          ],
          [
            80.0685479,
            12.9906204
          ],
          [
            80.068589,
            12.9906411
          ],
          [
            80.0686471,
            12.9906604
          ],
          [
            80.0686783,
            12.9906812
          ],
          [
            80.0686811,
            12.9907005
          ],
          [
            80.0686542,
            12.9907516
          ],
          [
            80.0686244,
            12.9907889
          ],
          [
            80.0686244,
            12.9908179
          ],
          [
            80.0686542,
            12.9908469
          ],
          [
            80.0686896,
            12.9909091
          ],
          [
            80.0687279,
            12.9909864
          ],
          [
            80.0687633,
            12.9910265
          ],
          [
            80.0687789,
            12.9910527
          ],
          [
            80.0687803,
            12.9910831
          ],
          [
            80.0687534,
            12.9911259
          ],
          [
            80.0687236,
            12.9911646
          ],
          [
            80.0687279,
            12.9912074
          ],
          [
            80.0687534,
            12.9912337
          ],
          [
            80.0688016,
            12.9912724
          ],
          [
            80.0688087,
            12.9913083
          ],
          [
            80.0687973,
            12.9913829
          ],
          [
            80.0688044,
            12.9914616
          ],
          [
            80.0688455,
            12.9915749
          ],
          [
            80.0688271,
            12.9916204
          ],
          [
            80.0687874,
            12.991695
          ],
          [
            80.0687832,
            12.9917682
          ],
          [
            80.0687988,
            12.9918401
          ],
          [
            80.0688285,
            12.9919091
          ],
          [
            80.0688597,
            12.9919464
          ],
          [
            80.0688966,
            12.9920224
          ],
          [
            80.068881,
            12.992079
          ],
          [
            80.068854,
            12.9921688
          ],
          [
            80.0688867,
            12.9923346
          ],
          [
            80.0688385,
            12.9924174
          ],
          [
            80.0687322,
            12.9925216
          ],
          [
            80.0687322,
            12.992664
          ],
          [
            80.0686015,
            12.9928551
          ],
          [
            80.0686592,
            12.9929788
          ],
          [
            80.0685515,
            12.9932149
          ],
          [
            80.0685151,
            12.9934586
          ]
        ]
      },
      "id": "way/384492635"
    },
    {
      "type": "Feature",
      "properties": {
        "@id": "way/385083691",
        "waterway": "drain"
      },
      "geometry": {
        "type": "LineString",
        "coordinates": [
          [
            79.9935598,
            12.8506655
          ],
          [
            79.9936439,
            12.8506177
          ],
          [
            79.9941008,
            12.8504777
          ],
          [
            79.9944199,
            12.8504656
          ],
          [
            79.9946501,
            12.8505501
          ],
          [
            79.9947616,
            12.8506659
          ],
          [
            79.9947987,
            12.8508832
          ],
          [
            79.9947838,
            12.8512259
          ],
          [
            79.9948383,
            12.8513007
          ],
          [
            79.9950215,
            12.8513707
          ],
          [
            79.9953483,
            12.851448
          ],
          [
            79.9959202,
            12.8516411
          ],
          [
            79.9961801,
            12.8517907
          ],
          [
            79.9964302,
            12.8520128
          ],
          [
            79.9965317,
            12.8522034
          ],
          [
            79.9965675,
            12.8524296
          ],
          [
            79.9966691,
            12.8526105
          ],
          [
            79.9972643,
            12.8534776
          ],
          [
            79.9975479,
            12.8537779
          ],
          [
            79.9975654,
            12.8538906
          ],
          [
            79.997905,
            12.8543446
          ],
          [
            79.9981361,
            12.8545562
          ],
          [
            79.9983811,
            12.8549692
          ],
          [
            79.9986297,
            12.8552355
          ],
          [
            79.9988398,
            12.8555632
          ],
          [
            79.9989623,
            12.8559182
          ],
          [
            79.9993265,
            12.8561298
          ],
          [
            79.9999077,
            12.8562219
          ],
          [
            80.0002578,
            12.8564643
          ],
          [
            80.0009615,
            12.8570412
          ],
          [
            80.0016793,
            12.8571504
          ],
          [
            80.0027686,
            12.857511
          ],
          [
            80.0032241,
            12.85754
          ],
          [
            80.0048135,
            12.8573276
          ],
          [
            80.0055116,
            12.8573469
          ],
          [
            80.0057939,
            12.8574145
          ],
          [
            80.006185,
            12.8578007
          ],
          [
            80.0063435,
            12.8583751
          ],
          [
            80.0060811,
            12.8611845
          ],
          [
            80.0064326,
            12.8639119
          ],
          [
            80.0067099,
            12.8651669
          ],
          [
            80.0064029,
            12.8660648
          ],
          [
            80.0064029,
            12.8664992
          ],
          [
            80.0067495,
            12.8674839
          ],
          [
            80.0072842,
            12.8681887
          ],
          [
            80.0077868,
            12.8687341
          ],
          [
            80.0083438,
            12.8691686
          ],
          [
            80.0084552,
            12.8694558
          ],
          [
            80.0084973,
            12.8697357
          ],
          [
            80.0085545,
            12.8700724
          ],
          [
            80.0086736,
            12.8702703
          ]
        ]
      },
      "id": "way/385083691"
    },
    {
      "type": "Feature",
      "properties": {
        "@id": "way/385279994",
        "waterway": "canal"
      },
      "geometry": {
        "type": "LineString",
        "coordinates": [
          [
            80.0682488,
            13.158863
          ],
          [
            80.0684795,
            13.1588368
          ],
          [
            80.0687048,
            13.1588891
          ],
          [
            80.0689033,
            13.1589152
          ],
          [
            80.0690964,
            13.1589309
          ],
          [
            80.069209,
            13.1589309
          ],
          [
            80.0693163,
            13.1588995
          ],
          [
            80.0693968,
            13.1588368
          ],
          [
            80.0695363,
            13.1588368
          ],
          [
            80.0697133,
            13.1587951
          ],
          [
            80.069783,
            13.1587689
          ],
          [
            80.0698903,
            13.1587794
          ],
          [
            80.0700298,
            13.1587637
          ],
          [
            80.0701961,
            13.1587272
          ],
          [
            80.070298,
            13.1587167
          ],
          [
            80.0703624,
            13.1586749
          ],
          [
            80.0704428,
            13.1586488
          ],
          [
            80.070593,
            13.1586384
          ],
          [
            80.0707218,
            13.1586488
          ],
          [
            80.0708184,
            13.158701
          ],
          [
            80.0710007,
            13.158701
          ]
        ]
      },
      "id": "way/385279994"
    },
    {
      "type": "Feature",
      "properties": {
        "@id": "way/385279995",
        "waterway": "canal"
      },
      "geometry": {
        "type": "LineString",
        "coordinates": [
          [
            80.0688013,
            13.167022
          ],
          [
            80.0688925,
            13.1668079
          ],
          [
            80.0689462,
            13.1667243
          ],
          [
            80.0691232,
            13.1667191
          ],
          [
            80.0692466,
            13.1666407
          ],
          [
            80.0693753,
            13.1665154
          ],
          [
            80.0695148,
            13.1663639
          ],
          [
            80.0696435,
            13.1662594
          ],
          [
            80.0697669,
            13.1662646
          ],
          [
            80.070003,
            13.1663639
          ],
          [
            80.0701907,
            13.1664005
          ],
          [
            80.070416,
            13.1663848
          ],
          [
            80.0706413,
            13.1663639
          ],
          [
            80.0707808,
            13.1663117
          ],
          [
            80.0709203,
            13.1662855
          ],
          [
            80.0710919,
            13.1662803
          ],
          [
            80.0712582,
            13.1663012
          ],
          [
            80.0713977,
            13.1663169
          ],
          [
            80.0714782,
            13.166296
          ],
          [
            80.0715908,
            13.1662385
          ],
          [
            80.0717571,
            13.1661445
          ],
          [
            80.0718215,
            13.1659774
          ],
          [
            80.0719449,
            13.1656796
          ],
          [
            80.0720683,
            13.1653819
          ],
          [
            80.0721434,
            13.1651677
          ],
          [
            80.0722131,
            13.1649536
          ],
          [
            80.072256,
            13.1647446
          ],
          [
            80.072256,
            13.1644782
          ],
          [
            80.0722936,
            13.164238
          ],
          [
            80.0723848,
            13.163982
          ],
          [
            80.0724867,
            13.1637261
          ],
          [
            80.0724813,
            13.1636268
          ],
          [
            80.0725511,
            13.1634962
          ],
          [
            80.0728622,
            13.16335
          ]
        ]
      },
      "id": "way/385279995"
    },
    {
      "type": "Feature",
      "properties": {
        "@id": "way/385333595",
        "waterway": "stream"
      },
      "geometry": {
        "type": "LineString",
        "coordinates": [
          [
            80.0463153,
            13.0476864
          ],
          [
            80.0459667,
            13.0477857
          ],
          [
            80.0457521,
            13.0478484
          ],
          [
            80.0456609,
            13.0478432
          ],
          [
            80.0455697,
            13.0478432
          ],
          [
            80.0454302,
            13.047885
          ],
          [
            80.0453176,
            13.0479425
          ],
          [
            80.0452371,
            13.0479268
          ],
          [
            80.0451781,
            13.0479164
          ],
          [
            80.0450708,
            13.0480052
          ],
          [
            80.044942,
            13.0480313
          ],
          [
            80.0447758,
            13.0481045
          ],
          [
            80.0446685,
            13.0481411
          ],
          [
            80.0445451,
            13.0481411
          ],
          [
            80.0444432,
            13.0481986
          ],
          [
            80.0443251,
            13.048209
          ],
          [
            80.0442018,
            13.048209
          ],
          [
            80.0440784,
            13.048256
          ],
          [
            80.0439872,
            13.0483031
          ],
          [
            80.0439174,
            13.0483919
          ],
          [
            80.0438102,
            13.0483919
          ],
          [
            80.0436439,
            13.0484076
          ],
          [
            80.0434668,
            13.0484703
          ],
          [
            80.0433274,
            13.048486
          ],
          [
            80.0432791,
            13.0485017
          ],
          [
            80.043145,
            13.0485853
          ],
          [
            80.0429733,
            13.0486741
          ],
          [
            80.0428767,
            13.0487211
          ],
          [
            80.0428124,
            13.0487734
          ],
          [
            80.0427373,
            13.0488204
          ],
          [
            80.0426461,
            13.0488675
          ],
          [
            80.0425924,
            13.0488675
          ],
          [
            80.0425281,
            13.048925
          ],
          [
            80.0424691,
            13.0490295
          ],
          [
            80.0424013,
            13.0490504
          ]
        ]
      },
      "id": "way/385333595"
    },
    {
      "type": "Feature",
      "properties": {
        "@id": "way/385347046",
        "waterway": "stream"
      },
      "geometry": {
        "type": "LineString",
        "coordinates": [
          [
            80.025842,
            13.0549647
          ],
          [
            80.0257401,
            13.0549752
          ],
          [
            80.0256811,
            13.0550065
          ],
          [
            80.0255577,
            13.0550274
          ],
          [
            80.0253968,
            13.055017
          ],
          [
            80.0252949,
            13.055017
          ],
          [
            80.0252198,
            13.0551163
          ],
          [
            80.0251393,
            13.0551424
          ],
          [
            80.0251071,
            13.0553305
          ],
          [
            80.0250427,
            13.05555
          ],
          [
            80.0250374,
            13.0556545
          ],
          [
            80.0250374,
            13.0558165
          ],
          [
            80.0250374,
            13.0559053
          ],
          [
            80.0250052,
            13.0560673
          ],
          [
            80.0249399,
            13.0561724
          ]
        ]
      },
      "id": "way/385347046"
    },
    {
      "type": "Feature",
      "properties": {
        "@id": "way/385458655",
        "waterway": "stream"
      },
      "geometry": {
        "type": "LineString",
        "coordinates": [
          [
            80.0598228,
            13.1457445
          ],
          [
            80.0596405,
            13.1457017
          ],
          [
            80.0595337,
            13.1456894
          ],
          [
            80.0594583,
            13.1455977
          ],
          [
            80.0593453,
            13.1455242
          ],
          [
            80.0592699,
            13.1453958
          ],
          [
            80.0591128,
            13.1453468
          ],
          [
            80.0590625,
            13.145408
          ],
          [
            80.058918,
            13.1454141
          ],
          [
            80.0586479,
            13.1454263
          ],
          [
            80.0582998,
            13.1454767
          ],
          [
            80.0581797,
            13.1454344
          ],
          [
            80.0579505,
            13.1453835
          ],
          [
            80.0577871,
            13.1454263
          ],
          [
            80.0575546,
            13.1454019
          ],
          [
            80.0571651,
            13.1453407
          ],
          [
            80.0570143,
            13.145304
          ],
          [
            80.056851,
            13.145304
          ],
          [
            80.0566562,
            13.1452734
          ],
          [
            80.0563742,
            13.1452073
          ],
          [
            80.0562356,
            13.145173
          ],
          [
            80.056136,
            13.1451685
          ],
          [
            80.0560098,
            13.1451594
          ],
          [
            80.0559086,
            13.1451537
          ],
          [
            80.0558073,
            13.145157
          ],
          [
            80.0556694,
            13.145161
          ],
          [
            80.0555913,
            13.1451537
          ],
          [
            80.05531,
            13.1450962
          ],
          [
            80.0551923,
            13.1450164
          ],
          [
            80.0551106,
            13.144992
          ],
          [
            80.0548665,
            13.1448448
          ],
          [
            80.0546636,
            13.1447722
          ],
          [
            80.0544974,
            13.1447471
          ],
          [
            80.0542561,
            13.1447227
          ],
          [
            80.0541116,
            13.1447166
          ],
          [
            80.0539923,
            13.1446799
          ],
          [
            80.0538559,
            13.1446084
          ],
          [
            80.0535148,
            13.1446126
          ],
          [
            80.0531238,
            13.1446396
          ],
          [
            80.0529289,
            13.1446638
          ]
        ]
      },
      "id": "way/385458655"
    },
    {
      "type": "Feature",
      "properties": {
        "@id": "way/385496638",
        "waterway": "canal"
      },
      "geometry": {
        "type": "LineString",
        "coordinates": [
          [
            80.1020304,
            13.1555102
          ],
          [
            80.101939,
            13.1555163
          ],
          [
            80.1018223,
            13.1555348
          ],
          [
            80.1016393,
            13.1555686
          ],
          [
            80.1014816,
            13.1555624
          ],
          [
            80.1013238,
            13.1555563
          ],
          [
            80.1012797,
            13.1554979
          ],
          [
            80.101104,
            13.1554794
          ],
          [
            80.1009926,
            13.1554856
          ],
          [
            80.1008664,
            13.1555225
          ],
          [
            80.1006929,
            13.1555317
          ],
          [
            80.1004942,
            13.155501
          ],
          [
            80.1003586,
            13.1554334
          ],
          [
            80.1001882,
            13.1553259
          ],
          [
            80.1000336,
            13.1552645
          ],
          [
            80.0999075,
            13.1551477
          ],
          [
            80.0997813,
            13.1550156
          ],
          [
            80.0996709,
            13.1547699
          ],
          [
            80.0995478,
            13.1545825
          ],
          [
            80.0993039,
            13.1543697
          ],
          [
            80.0991563,
            13.1542399
          ],
          [
            80.099104,
            13.1540776
          ],
          [
            80.0989944,
            13.1539756
          ],
          [
            80.0987992,
            13.1538643
          ],
          [
            80.0986088,
            13.1537159
          ],
          [
            80.0985183,
            13.1535444
          ],
          [
            80.0985088,
            13.1533543
          ],
          [
            80.0984516,
            13.1531688
          ],
          [
            80.0983564,
            13.1526959
          ]
        ]
      },
      "id": "way/385496638"
    },
    {
      "type": "Feature",
      "properties": {
        "@id": "way/385545774",
        "waterway": "stream"
      },
      "geometry": {
        "type": "LineString",
        "coordinates": [
          [
            80.0924516,
            13.1430881
          ],
          [
            80.0924945,
            13.1432265
          ],
          [
            80.092532,
            13.1434015
          ],
          [
            80.0925374,
            13.1435765
          ],
          [
            80.0925991,
            13.1437437
          ],
          [
            80.0925991,
            13.1438716
          ],
          [
            80.0926259,
            13.1441276
          ],
          [
            80.0925991,
            13.1443366
          ],
          [
            80.092583,
            13.1444959
          ],
          [
            80.0925588,
            13.1446291
          ],
          [
            80.0924972,
            13.1447257
          ],
          [
            80.0924784,
            13.1448015
          ],
          [
            80.0924435,
            13.1449582
          ]
        ]
      },
      "id": "way/385545774"
    },
    {
      "type": "Feature",
      "properties": {
        "@id": "way/385623051",
        "waterway": "stream"
      },
      "geometry": {
        "type": "LineString",
        "coordinates": [
          [
            80.1511216,
            12.9367313
          ],
          [
            80.1511441,
            12.9366838
          ],
          [
            80.1512639,
            12.9366071
          ],
          [
            80.151411,
            12.936538
          ],
          [
            80.1514249,
            12.936527
          ],
          [
            80.1514421,
            12.9365064
          ],
          [
            80.1514587,
            12.9364355
          ],
          [
            80.1514935,
            12.9363694
          ],
          [
            80.1515025,
            12.9363552
          ],
          [
            80.15152,
            12.936343
          ],
          [
            80.1515449,
            12.9363369
          ],
          [
            80.1516407,
            12.9363021
          ],
          [
            80.151721,
            12.9362603
          ],
          [
            80.1518783,
            12.9362566
          ],
          [
            80.1520019,
            12.9362566
          ],
          [
            80.1521818,
            12.9362347
          ],
          [
            80.1523016,
            12.9361909
          ],
          [
            80.1524552,
            12.9361179
          ],
          [
            80.1526201,
            12.9360485
          ],
          [
            80.1527458,
            12.936001
          ],
          [
            80.1528711,
            12.9359572
          ],
          [
            80.1530396,
            12.9359207
          ],
          [
            80.1532569,
            12.935855
          ],
          [
            80.1534779,
            12.9357856
          ],
          [
            80.1536165,
            12.9357418
          ],
          [
            80.1538488,
            12.9356834
          ],
          [
            80.1541148,
            12.9356578
          ],
          [
            80.1542534,
            12.935614
          ],
          [
            80.1543358,
            12.9356031
          ],
          [
            80.1544145,
            12.935614
          ],
          [
            80.1545306,
            12.935625
          ],
          [
            80.1546505,
            12.9356286
          ],
          [
            80.1547404,
            12.9357199
          ]
        ]
      },
      "id": "way/385623051"
    },
    {
      "type": "Feature",
      "properties": {
        "@id": "way/385862780",
        "waterway": "ditch"
      },
      "geometry": {
        "type": "LineString",
        "coordinates": [
          [
            80.060975,
            12.8520962
          ],
          [
            80.0614607,
            12.8518822
          ]
        ]
      },
      "id": "way/385862780"
    },
    {
      "type": "Feature",
      "properties": {
        "@id": "way/385862823",
        "waterway": "ditch"
      },
      "geometry": {
        "type": "LineString",
        "coordinates": [
          [
            80.0619144,
            12.8517307
          ],
          [
            80.0620292,
            12.8516837
          ]
        ]
      },
      "id": "way/385862823"
    },
    {
      "type": "Feature",
      "properties": {
        "@id": "way/385863726",
        "waterway": "ditch"
      },
      "geometry": {
        "type": "LineString",
        "coordinates": [
          [
            80.067384,
            12.8533183
          ],
          [
            80.0677203,
            12.8537554
          ]
        ]
      },
      "id": "way/385863726"
    },
    {
      "type": "Feature",
      "properties": {
        "@id": "way/385863779",
        "waterway": "ditch"
      },
      "geometry": {
        "type": "LineString",
        "coordinates": [
          [
            80.0667863,
            12.8523872
          ],
          [
            80.0667956,
            12.8524805
          ],
          [
            80.067314,
            12.8532159
          ]
        ]
      },
      "id": "way/385863779"
    },
    {
      "type": "Feature",
      "properties": {
        "@id": "way/385863805",
        "waterway": "ditch"
      },
      "geometry": {
        "type": "LineString",
        "coordinates": [
          [
            80.0666154,
            12.8521164
          ],
          [
            80.0667298,
            12.8522439
          ]
        ]
      },
      "id": "way/385863805"
    },
    {
      "type": "Feature",
      "properties": {
        "@id": "way/385863837",
        "waterway": "ditch"
      },
      "geometry": {
        "type": "LineString",
        "coordinates": [
          [
            80.0655926,
            12.8515905
          ],
          [
            80.0659756,
            12.8520686
          ]
        ]
      },
      "id": "way/385863837"
    },
    {
      "type": "Feature",
      "properties": {
        "@id": "way/385863947",
        "waterway": "ditch"
      },
      "geometry": {
        "type": "LineString",
        "coordinates": [
          [
            80.0629591,
            12.8533212
          ],
          [
            80.0630198,
            12.8533281
          ],
          [
            80.0632883,
            12.8537925
          ],
          [
            80.0634845,
            12.8540315
          ],
          [
            80.0637063,
            12.8543206
          ],
          [
            80.0638814,
            12.8546143
          ]
        ]
      },
      "id": "way/385863947"
    },
    {
      "type": "Feature",
      "properties": {
        "@id": "way/385865322",
        "waterway": "ditch"
      },
      "geometry": {
        "type": "LineString",
        "coordinates": [
          [
            80.0554873,
            12.8524136
          ],
          [
            80.0557642,
            12.8528523
          ],
          [
            80.0559065,
            12.8532198
          ],
          [
            80.0564373,
            12.8534073
          ],
          [
            80.0565604,
            12.8536698
          ],
          [
            80.0565989,
            12.854266
          ],
          [
            80.0566489,
            12.8544797
          ],
          [
            80.0568873,
            12.8546185
          ],
          [
            80.0570373,
            12.8547685
          ],
          [
            80.0571527,
            12.8549897
          ],
          [
            80.0568642,
            12.8553234
          ],
          [
            80.0569065,
            12.8556272
          ],
          [
            80.0570258,
            12.8560621
          ],
          [
            80.0572719,
            12.8561596
          ],
          [
            80.0580912,
            12.8563621
          ]
        ]
      },
      "id": "way/385865322"
    },
    {
      "type": "Feature",
      "properties": {
        "@id": "way/385921198",
        "waterway": "canal"
      },
      "geometry": {
        "type": "LineString",
        "coordinates": [
          [
            80.1925748,
            13.2000773
          ],
          [
            80.1928323,
            13.1994819
          ],
          [
            80.1928805,
            13.1988552
          ],
          [
            80.1928913,
            13.1987612
          ],
          [
            80.1930307,
            13.1986463
          ],
          [
            80.1930683,
            13.1976174
          ],
          [
            80.1930736,
            13.1972831
          ],
          [
            80.1930736,
            13.1965624
          ]
        ]
      },
      "id": "way/385921198"
    },
    {
      "type": "Feature",
      "properties": {
        "@id": "way/386202907",
        "waterway": "ditch"
      },
      "geometry": {
        "type": "LineString",
        "coordinates": [
          [
            80.2530265,
            13.177147
          ],
          [
            80.2529937,
            13.1756448
          ],
          [
            80.2529755,
            13.1752197
          ]
        ]
      },
      "id": "way/386202907"
    },
    {
      "type": "Feature",
      "properties": {
        "@id": "way/386202930",
        "waterway": "ditch"
      },
      "geometry": {
        "type": "LineString",
        "coordinates": [
          [
            80.2529828,
            13.1747626
          ],
          [
            80.2530192,
            13.1745075
          ],
          [
            80.2529828,
            13.1739123
          ]
        ]
      },
      "id": "way/386202930"
    },
    {
      "type": "Feature",
      "properties": {
        "@id": "way/386203121",
        "waterway": "ditch"
      },
      "geometry": {
        "type": "LineString",
        "coordinates": [
          [
            80.2529501,
            13.1735261
          ],
          [
            80.2528154,
            13.1730904
          ],
          [
            80.2526906,
            13.1726196
          ]
        ]
      },
      "id": "way/386203121"
    },
    {
      "type": "Feature",
      "properties": {
        "@id": "way/386500119",
        "layer": "-1",
        "name": "Underpass",
        "tunnel": "culvert",
        "waterway": "drain"
      },
      "geometry": {
        "type": "LineString",
        "coordinates": [
          [
            80.1877224,
            13.139
          ],
          [
            80.1878587,
            13.1387352
          ]
        ]
      },
      "id": "way/386500119"
    },
    {
      "type": "Feature",
      "properties": {
        "@id": "way/386635415",
        "waterway": "ditch"
      },
      "geometry": {
        "type": "LineString",
        "coordinates": [
          [
            80.2117465,
            12.9534568
          ],
          [
            80.2119263,
            12.9539302
          ]
        ]
      },
      "id": "way/386635415"
    },
    {
      "type": "Feature",
      "properties": {
        "@id": "way/386635473",
        "waterway": "ditch"
      },
      "geometry": {
        "type": "LineString",
        "coordinates": [
          [
            80.211959,
            12.9540189
          ],
          [
            80.2122228,
            12.9546561
          ]
        ]
      },
      "id": "way/386635473"
    },
    {
      "type": "Feature",
      "properties": {
        "@id": "way/386635479",
        "waterway": "ditch"
      },
      "geometry": {
        "type": "LineString",
        "coordinates": [
          [
            80.2123478,
            12.9550036
          ],
          [
            80.2125171,
            12.9553597
          ]
        ]
      },
      "id": "way/386635479"
    },
    {
      "type": "Feature",
      "properties": {
        "@id": "way/389361172",
        "waterway": "ditch"
      },
      "geometry": {
        "type": "LineString",
        "coordinates": [
          [
            80.101272,
            13.1215246
          ],
          [
            80.1012907,
            13.1214245
          ],
          [
            80.1013187,
            13.1212881
          ]
        ]
      },
      "id": "way/389361172"
    },
    {
      "type": "Feature",
      "properties": {
        "@id": "way/389361183",
        "waterway": "ditch"
      },
      "geometry": {
        "type": "LineString",
        "coordinates": [
          [
            80.1011341,
            13.1208351
          ],
          [
            80.1010287,
            13.120552
          ],
          [
            80.1010226,
            13.1205149
          ],
          [
            80.1010185,
            13.1204654
          ]
        ]
      },
      "id": "way/389361183"
    },
    {
      "type": "Feature",
      "properties": {
        "@id": "way/389361188",
        "waterway": "ditch"
      },
      "geometry": {
        "type": "LineString",
        "coordinates": [
          [
            80.1010172,
            13.1202059
          ],
          [
            80.1009864,
            13.1199774
          ],
          [
            80.100998,
            13.1198126
          ]
        ]
      },
      "id": "way/389361188"
    },
    {
      "type": "Feature",
      "properties": {
        "@id": "way/389566872",
        "waterway": "ditch"
      },
      "geometry": {
        "type": "LineString",
        "coordinates": [
          [
            80.0553862,
            13.1298945
          ],
          [
            80.0554368,
            13.1299187
          ],
          [
            80.0555968,
            13.1300149
          ],
          [
            80.0557853,
            13.130116
          ],
          [
            80.0559981,
            13.13022
          ],
          [
            80.0561572,
            13.1303062
          ]
        ]
      },
      "id": "way/389566872"
    },
    {
      "type": "Feature",
      "properties": {
        "@id": "way/390025494",
        "waterway": "ditch"
      },
      "geometry": {
        "type": "LineString",
        "coordinates": [
          [
            80.0753371,
            13.1364408
          ],
          [
            80.0782472,
            13.1372495
          ],
          [
            80.078543,
            13.1373029
          ],
          [
            80.0789811,
            13.1373082
          ],
          [
            80.081391,
            13.1372868
          ],
          [
            80.0825138,
            13.1373242
          ],
          [
            80.0836586,
            13.1372548
          ],
          [
            80.0837955,
            13.1372762
          ],
          [
            80.083905,
            13.1373242
          ],
          [
            80.0847045,
            13.1379167
          ],
          [
            80.0847979,
            13.1380349
          ],
          [
            80.0848422,
            13.1381782
          ],
          [
            80.0848376,
            13.1382987
          ],
          [
            80.0847955,
            13.1384328
          ],
          [
            80.0847278,
            13.1385624
          ],
          [
            80.083891,
            13.1393556
          ],
          [
            80.0830992,
            13.1400307
          ]
        ]
      },
      "id": "way/390025494"
    },
    {
      "type": "Feature",
      "properties": {
        "@id": "way/390025543",
        "waterway": "ditch"
      },
      "geometry": {
        "type": "LineString",
        "coordinates": [
          [
            80.0745009,
            13.1437406
          ],
          [
            80.0748788,
            13.1436446
          ],
          [
            80.0761276,
            13.1434419
          ],
          [
            80.0764124,
            13.1434259
          ],
          [
            80.0768615,
            13.1433459
          ],
          [
            80.0770258,
            13.1431806
          ],
          [
            80.0779843,
            13.1430686
          ],
          [
            80.0781267,
            13.1429832
          ],
          [
            80.0782034,
            13.1428872
          ],
          [
            80.078302,
            13.1428232
          ],
          [
            80.0792878,
            13.1426152
          ],
          [
            80.0795946,
            13.1424925
          ],
          [
            80.0799122,
            13.1423165
          ],
          [
            80.0815061,
            13.1411058
          ],
          [
            80.0827979,
            13.1401127
          ]
        ]
      },
      "id": "way/390025543"
    },
    {
      "type": "Feature",
      "properties": {
        "@id": "way/391171619",
        "waterway": "ditch"
      },
      "geometry": {
        "type": "LineString",
        "coordinates": [
          [
            80.0674026,
            13.1183334
          ],
          [
            80.0673886,
            13.1180082
          ],
          [
            80.0673419,
            13.117915
          ],
          [
            80.0668305,
            13.1174647
          ]
        ]
      },
      "id": "way/391171619"
    },
    {
      "type": "Feature",
      "properties": {
        "@id": "way/391171636",
        "waterway": "ditch"
      },
      "geometry": {
        "type": "LineString",
        "coordinates": [
          [
            80.0674096,
            13.1185335
          ],
          [
            80.0674143,
            13.1186131
          ]
        ]
      },
      "id": "way/391171636"
    },
    {
      "type": "Feature",
      "properties": {
        "@id": "way/391206980",
        "waterway": "ditch"
      },
      "geometry": {
        "type": "LineString",
        "coordinates": [
          [
            80.208544,
            13.1585693
          ],
          [
            80.2086276,
            13.1589724
          ],
          [
            80.2086574,
            13.1590152
          ],
          [
            80.2087368,
            13.1590414
          ],
          [
            80.2088502,
            13.1590373
          ]
        ]
      },
      "id": "way/391206980"
    },
    {
      "type": "Feature",
      "properties": {
        "@id": "way/462909813",
        "name": "Nallur Kammarvaripallayam Canal",
        "waterway": "canal"
      },
      "geometry": {
        "type": "LineString",
        "coordinates": [
          [
            80.2312772,
            13.2817866
          ],
          [
            80.2311256,
            13.2811571
          ],
          [
            80.231044,
            13.2808541
          ],
          [
            80.2309699,
            13.2803707
          ],
          [
            80.2309551,
            13.2797646
          ],
          [
            80.2308883,
            13.2786102
          ],
          [
            80.2309476,
            13.278199
          ],
          [
            80.2310366,
            13.2774631
          ],
          [
            80.2311849,
            13.277059
          ],
          [
            80.2312738,
            13.2766838
          ],
          [
            80.2312886,
            13.2762726
          ],
          [
            80.2312886,
            13.2758469
          ],
          [
            80.2311181,
            13.2756377
          ],
          [
            80.2307475,
            13.2754068
          ],
          [
            80.2305251,
            13.2752625
          ],
          [
            80.2299172,
            13.2748368
          ],
          [
            80.229545,
            13.2745919
          ],
          [
            80.2294671,
            13.2745643
          ],
          [
            80.2294883,
            13.2743129
          ],
          [
            80.2294848,
            13.2741096
          ],
          [
            80.2295202,
            13.2738513
          ],
          [
            80.2295334,
            13.2737898
          ]
        ]
      },
      "id": "way/462909813"
    },
    {
      "type": "Feature",
      "properties": {
        "@id": "way/474187378",
        "waterway": "drain"
      },
      "geometry": {
        "type": "LineString",
        "coordinates": [
          [
            80.0534047,
            12.8381164
          ],
          [
            80.0533291,
            12.8381396
          ],
          [
            80.0530125,
            12.838013
          ],
          [
            80.0525151,
            12.8380986
          ],
          [
            80.0513157,
            12.8383791
          ],
          [
            80.0512279,
            12.8385882
          ],
          [
            80.0520185,
            12.8397041
          ],
          [
            80.0519469,
            12.839981
          ],
          [
            80.0519909,
            12.84023
          ],
          [
            80.0523219,
            12.8417225
          ],
          [
            80.0541777,
            12.847876
          ],
          [
            80.0535194,
            12.848513
          ],
          [
            80.053339,
            12.8495541
          ],
          [
            80.0533631,
            12.8498974
          ],
          [
            80.0535048,
            12.8501769
          ]
        ]
      },
      "id": "way/474187378"
    },
    {
      "type": "Feature",
      "properties": {
        "@id": "way/535357165",
        "waterway": "drain"
      },
      "geometry": {
        "type": "LineString",
        "coordinates": [
          [
            80.0900148,
            13.0030364
          ],
          [
            80.0899828,
            13.0027269
          ],
          [
            80.0902692,
            13.0025135
          ]
        ]
      },
      "id": "way/535357165"
    },
    {
      "type": "Feature",
      "properties": {
        "@id": "way/535357166",
        "layer": "-1",
        "source:tunnel": "bing",
        "tunnel": "yes",
        "waterway": "drain"
      },
      "geometry": {
        "type": "LineString",
        "coordinates": [
          [
            80.0893235,
            13.0032992
          ],
          [
            80.0900148,
            13.0030364
          ]
        ]
      },
      "id": "way/535357166"
    },
    {
      "type": "Feature",
      "properties": {
        "@id": "way/535357171",
        "layer": "-1",
        "source:tunnel": "bing",
        "tunnel": "yes",
        "waterway": "drain"
      },
      "geometry": {
        "type": "LineString",
        "coordinates": [
          [
            80.0834347,
            12.9404544
          ],
          [
            80.0844087,
            12.9403859
          ]
        ]
      },
      "id": "way/535357171"
    },
    {
      "type": "Feature",
      "properties": {
        "@id": "way/535357174",
        "waterway": "drain"
      },
      "geometry": {
        "type": "LineString",
        "coordinates": [
          [
            80.0825598,
            12.9403412
          ],
          [
            80.0834347,
            12.9404544
          ]
        ]
      },
      "id": "way/535357174"
    },
    {
      "type": "Feature",
      "properties": {
        "@id": "way/535357187",
        "layer": "-1",
        "source:tunnel": "bing",
        "tunnel": "culvert",
        "waterway": "drain"
      },
      "geometry": {
        "type": "LineString",
        "coordinates": [
          [
            80.053796,
            12.8379861
          ],
          [
            80.0534047,
            12.8381164
          ]
        ]
      },
      "id": "way/535357187"
    },
    {
      "type": "Feature",
      "properties": {
        "@id": "way/535357238",
        "waterway": "drain"
      },
      "geometry": {
        "type": "LineString",
        "coordinates": [
          [
            80.1603218,
            12.9973008
          ],
          [
            80.160057,
            12.997544
          ],
          [
            80.1599531,
            12.9981349
          ],
          [
            80.159918,
            12.9986056
          ]
        ]
      },
      "id": "way/535357238"
    },
    {
      "type": "Feature",
      "properties": {
        "@id": "way/535357239",
        "layer": "-1",
        "source:tunnel": "bing",
        "tunnel": "culvert",
        "waterway": "drain"
      },
      "geometry": {
        "type": "LineString",
        "coordinates": [
          [
            80.1604513,
            12.9971428
          ],
          [
            80.1603218,
            12.9973008
          ]
        ]
      },
      "id": "way/535357239"
    },
    {
      "type": "Feature",
      "properties": {
        "@id": "way/553897153",
        "waterway": "weir"
      },
      "geometry": {
        "type": "LineString",
        "coordinates": [
          [
            80.2527155,
            13.2614918
          ],
          [
            80.2539535,
            13.2626323
          ]
        ]
      },
      "id": "way/553897153"
    },
    {
      "type": "Feature",
      "properties": {
        "@id": "way/595645452",
        "waterway": "stream"
      },
      "geometry": {
        "type": "LineString",
        "coordinates": [
          [
            80.158833,
            12.9897752
          ],
          [
            80.1588958,
            12.9898427
          ],
          [
            80.158946,
            12.9899309
          ],
          [
            80.1589843,
            12.9900155
          ],
          [
            80.1593528,
            12.9910003
          ],
          [
            80.1598157,
            12.991723
          ],
          [
            80.1599342,
            12.9919473
          ],
          [
            80.1601279,
            12.9926538
          ],
          [
            80.160523,
            12.9931171
          ],
          [
            80.160831,
            12.993394
          ],
          [
            80.1609888,
            12.9940911
          ],
          [
            80.160852,
            12.9945524
          ],
          [
            80.1607876,
            12.9946856
          ],
          [
            80.1607819,
            12.9948069
          ],
          [
            80.1608047,
            12.9949935
          ],
          [
            80.1607946,
            12.995077
          ],
          [
            80.160719,
            12.995154
          ],
          [
            80.1606554,
            12.9952584
          ],
          [
            80.1605556,
            12.9953991
          ],
          [
            80.1603938,
            12.995548
          ],
          [
            80.160255,
            12.9956092
          ],
          [
            80.1601371,
            12.9956139
          ],
          [
            80.1600139,
            12.9956603
          ],
          [
            80.1599065,
            12.9957698
          ],
          [
            80.1598753,
            12.9958677
          ],
          [
            80.1598387,
            12.9959542
          ],
          [
            80.1597867,
            12.996071
          ],
          [
            80.1596768,
            12.9962124
          ],
          [
            80.1596245,
            12.9964274
          ],
          [
            80.1595151,
            12.9965692
          ],
          [
            80.1594495,
            12.9966826
          ],
          [
            80.1594493,
            12.9967499
          ],
          [
            80.1594764,
            12.9968712
          ],
          [
            80.1594971,
            12.9969674
          ],
          [
            80.1594809,
            12.9970609
          ],
          [
            80.1594571,
            12.9971189
          ]
        ]
      },
      "id": "way/595645452"
    },
    {
      "type": "Feature",
      "properties": {
        "@id": "way/597441920",
        "waterway": "drain"
      },
      "geometry": {
        "type": "LineString",
        "coordinates": [
          [
            80.0799638,
            12.9617331
          ],
          [
            80.0801634,
            12.9616645
          ],
          [
            80.0802869,
            12.9616011
          ],
          [
            80.0804215,
            12.9615951
          ],
          [
            80.0805828,
            12.9615613
          ],
          [
            80.0807317,
            12.9615136
          ],
          [
            80.080995,
            12.9613982
          ],
          [
            80.0812889,
            12.9613048
          ],
          [
            80.0813991,
            12.9612769
          ],
          [
            80.0819256,
            12.9612809
          ],
          [
            80.0821807,
            12.9612769
          ],
          [
            80.0825664,
            12.9613068
          ],
          [
            80.0827387,
            12.9613101
          ],
          [
            80.0830186,
            12.9612566
          ],
          [
            80.083541,
            12.9612454
          ],
          [
            80.0836766,
            12.9612791
          ],
          [
            80.0837921,
            12.9612454
          ],
          [
            80.0838238,
            12.961175
          ],
          [
            80.0838498,
            12.961085
          ],
          [
            80.0839537,
            12.9610569
          ],
          [
            80.0841788,
            12.9610569
          ],
          [
            80.084502,
            12.9610908
          ],
          [
            80.0849264,
            12.9610848
          ],
          [
            80.085053,
            12.9610729
          ],
          [
            80.0850509,
            12.9609694
          ],
          [
            80.0850406,
            12.9606817
          ],
          [
            80.0850269,
            12.9603941
          ],
          [
            80.0850337,
            12.9597954
          ],
          [
            80.0850314,
            12.9592383
          ]
        ]
      },
      "id": "way/597441920"
    },
    {
      "type": "Feature",
      "properties": {
        "@id": "way/599157658",
        "waterway": "ditch"
      },
      "geometry": {
        "type": "LineString",
        "coordinates": [
          [
            80.1165726,
            13.1346619
          ],
          [
            80.1167122,
            13.1346244
          ],
          [
            80.1171922,
            13.1345
          ],
          [
            80.1172545,
            13.1344817
          ]
        ]
      },
      "id": "way/599157658"
    },
    {
      "type": "Feature",
      "properties": {
        "@id": "way/618604817",
        "waterway": "canal",
        "width": "10"
      },
      "geometry": {
        "type": "LineString",
        "coordinates": [
          [
            80.147629,
            13.1086082
          ],
          [
            80.148203,
            13.1085664
          ],
          [
            80.1485678,
            13.1086239
          ],
          [
            80.1489379,
            13.1087075
          ],
          [
            80.1492759,
            13.1088172
          ],
          [
            80.1494475,
            13.1089165
          ],
          [
            80.1499464,
            13.1090419
          ],
          [
            80.1502844,
            13.1091568
          ],
          [
            80.1506116,
            13.109162
          ],
          [
            80.150853,
            13.1091046
          ],
          [
            80.1510998,
            13.1089739
          ],
          [
            80.1513251,
            13.1088956
          ],
          [
            80.1514311,
            13.1088509
          ]
        ]
      },
      "id": "way/618604817"
    },
    {
      "type": "Feature",
      "properties": {
        "@id": "way/620705900",
        "waterway": "canal"
      },
      "geometry": {
        "type": "LineString",
        "coordinates": [
          [
            80.1559016,
            12.9025249
          ],
          [
            80.1557322,
            12.9021675
          ],
          [
            80.1556428,
            12.9019333
          ],
          [
            80.1555134,
            12.9015158
          ],
          [
            80.1554179,
            12.9011615
          ],
          [
            80.1553466,
            12.9009986
          ]
        ]
      },
      "id": "way/620705900"
    },
    {
      "type": "Feature",
      "properties": {
        "@id": "way/620713325",
        "waterway": "canal",
        "width": "5"
      },
      "geometry": {
        "type": "LineString",
        "coordinates": [
          [
            80.2705532,
            13.149177
          ],
          [
            80.27161,
            13.149462
          ],
          [
            80.274007,
            13.1500861
          ],
          [
            80.2741641,
            13.1501791
          ],
          [
            80.2742134,
            13.1516162
          ],
          [
            80.2743244,
            13.1531643
          ],
          [
            80.2743398,
            13.1534824
          ],
          [
            80.2745061,
            13.1536504
          ],
          [
            80.2747403,
            13.1536684
          ],
          [
            80.2749467,
            13.1536534
          ],
          [
            80.2760806,
            13.1536324
          ],
          [
            80.2769617,
            13.1536234
          ],
          [
            80.2774116,
            13.1536804
          ],
          [
            80.2779015,
            13.1537044
          ],
          [
            80.2781572,
            13.1537044
          ],
          [
            80.2792571,
            13.1536864
          ],
          [
            80.2807175,
            13.1536564
          ],
          [
            80.2818452,
            13.1536264
          ],
          [
            80.2822796,
            13.1536054
          ],
          [
            80.2830345,
            13.1538064
          ],
          [
            80.283586,
            13.1539984
          ],
          [
            80.2840574,
            13.1541094
          ],
          [
            80.2843747,
            13.1542444
          ],
          [
            80.2845976,
            13.1541703
          ]
        ]
      },
      "id": "way/620713325"
    },
    {
      "type": "Feature",
      "properties": {
        "@id": "way/620727612",
        "waterway": "drain"
      },
      "geometry": {
        "type": "LineString",
        "coordinates": [
          [
            80.2043279,
            12.9488733
          ],
          [
            80.2054399,
            12.9489246
          ],
          [
            80.2060591,
            12.9489276
          ],
          [
            80.2063116,
            12.9489717
          ],
          [
            80.206925,
            12.9489668
          ],
          [
            80.2076427,
            12.9489158
          ],
          [
            80.2082744,
            12.9487414
          ],
          [
            80.2090046,
            12.9487114
          ],
          [
            80.2097102,
            12.9486784
          ],
          [
            80.2098735,
            12.9488555
          ],
          [
            80.2099661,
            12.9490761
          ]
        ]
      },
      "id": "way/620727612"
    },
    {
      "type": "Feature",
      "properties": {
        "@id": "way/620730446",
        "waterway": "stream"
      },
      "geometry": {
        "type": "LineString",
        "coordinates": [
          [
            80.1932768,
            12.891401
          ],
          [
            80.1934657,
            12.891534
          ],
          [
            80.1935649,
            12.8918242
          ],
          [
            80.1935864,
            12.8921537
          ],
          [
            80.1937098,
            12.892457
          ],
          [
            80.1937634,
            12.8926949
          ],
          [
            80.1938224,
            12.8929485
          ],
          [
            80.1939726,
            12.8931184
          ],
          [
            80.194147,
            12.8932152
          ],
          [
            80.1941979,
            12.8933642
          ],
          [
            80.1942006,
            12.8937695
          ],
          [
            80.1943803,
            12.893976
          ],
          [
            80.19467,
            12.8939708
          ],
          [
            80.1949865,
            12.8939682
          ],
          [
            80.1954317,
            12.8938819
          ],
          [
            80.1958743,
            12.8940179
          ],
          [
            80.1960621,
            12.8943395
          ],
          [
            80.1963678,
            12.8943395
          ],
          [
            80.1966575,
            12.8942976
          ],
          [
            80.1971725,
            12.8943029
          ],
          [
            80.1974327,
            12.8942113
          ],
          [
            80.1980362,
            12.894112
          ],
          [
            80.198688,
            12.8939708
          ],
          [
            80.1994375,
            12.8939503
          ],
          [
            80.1998966,
            12.8939232
          ],
          [
            80.2000999,
            12.8938812
          ],
          [
            80.2004684,
            12.8938039
          ],
          [
            80.2009133,
            12.8936499
          ],
          [
            80.2011906,
            12.8934998
          ],
          [
            80.2016139,
            12.8934232
          ],
          [
            80.2020757,
            12.8933372
          ],
          [
            80.2030927,
            12.8931503
          ],
          [
            80.2031194,
            12.8931454
          ],
          [
            80.2037879,
            12.8930433
          ],
          [
            80.2041207,
            12.8929562
          ],
          [
            80.2051282,
            12.8927609
          ],
          [
            80.2058769,
            12.8926528
          ],
          [
            80.20649,
            12.8925807
          ],
          [
            80.2071247,
            12.8924846
          ],
          [
            80.2075776,
            12.8924426
          ],
          [
            80.2077534,
            12.8925135
          ],
          [
            80.2082964,
            12.8925541
          ],
          [
            80.20845,
            12.8924907
          ],
          [
            80.2088717,
            12.8925267
          ],
          [
            80.209267,
            12.8925962
          ]
        ]
      },
      "id": "way/620730446"
    },
    {
      "type": "Feature",
      "properties": {
        "@id": "way/637279655",
        "intermittent": "yes",
        "layer": "-1",
        "tunnel": "culvert",
        "waterway": "stream"
      },
      "geometry": {
        "type": "LineString",
        "coordinates": [
          [
            80.1539971,
            13.2444895
          ],
          [
            80.1543536,
            13.2451517
          ]
        ]
      },
      "id": "way/637279655"
    },
    {
      "type": "Feature",
      "properties": {
        "@id": "way/637279656",
        "intermittent": "yes",
        "waterway": "stream"
      },
      "geometry": {
        "type": "LineString",
        "coordinates": [
          [
            80.1519975,
            13.2405367
          ],
          [
            80.1523937,
            13.2414822
          ],
          [
            80.1524492,
            13.2416144
          ],
          [
            80.1539971,
            13.2444895
          ]
        ]
      },
      "id": "way/637279656"
    },
    {
      "type": "Feature",
      "properties": {
        "@id": "way/637279657",
        "intermittent": "yes",
        "layer": "-1",
        "tunnel": "culvert",
        "waterway": "stream"
      },
      "geometry": {
        "type": "LineString",
        "coordinates": [
          [
            80.1539287,
            13.2518974
          ],
          [
            80.1537338,
            13.2531567
          ]
        ]
      },
      "id": "way/637279657"
    },
    {
      "type": "Feature",
      "properties": {
        "@id": "way/637279658",
        "intermittent": "yes",
        "waterway": "stream"
      },
      "geometry": {
        "type": "LineString",
        "coordinates": [
          [
            80.1537338,
            13.2531567
          ],
          [
            80.1533837,
            13.2554194
          ],
          [
            80.1538987,
            13.2558956
          ],
          [
            80.1542162,
            13.2567311
          ],
          [
            80.1543134,
            13.2574975
          ]
        ]
      },
      "id": "way/637279658"
    },
    {
      "type": "Feature",
      "properties": {
        "@id": "way/642028878",
        "waterway": "weir"
      },
      "geometry": {
        "type": "LineString",
        "coordinates": [
          [
            80.1692018,
            13.2631637
          ],
          [
            80.1699961,
            13.2622009
          ],
          [
            80.1711651,
            13.2608078
          ]
        ]
      },
      "id": "way/642028878"
    },
    {
      "type": "Feature",
      "properties": {
        "@id": "way/642838233",
        "waterway": "drain"
      },
      "geometry": {
        "type": "LineString",
        "coordinates": [
          [
            80.2250044,
            12.8310135
          ],
          [
            80.2249904,
            12.8309538
          ],
          [
            80.2240457,
            12.8309469
          ],
          [
            80.2238138,
            12.8309452
          ],
          [
            80.2237458,
            12.8309447
          ],
          [
            80.2239022,
            12.8299134
          ],
          [
            80.2239816,
            12.8290095
          ],
          [
            80.2239825,
            12.8289623
          ],
          [
            80.223991,
            12.8284768
          ],
          [
            80.2241194,
            12.8277391
          ],
          [
            80.2243428,
            12.8269489
          ],
          [
            80.2245568,
            12.8257579
          ]
        ]
      },
      "id": "way/642838233"
    },
    {
      "type": "Feature",
      "properties": {
        "@id": "way/642838234",
        "waterway": "drain"
      },
      "geometry": {
        "type": "LineString",
        "coordinates": [
          [
            80.2222736,
            12.8312573
          ],
          [
            80.2233778,
            12.8312504
          ],
          [
            80.2243263,
            12.8312158
          ],
          [
            80.2247067,
            12.831218
          ],
          [
            80.2250405,
            12.8312207
          ]
        ]
      },
      "id": "way/642838234"
    },
    {
      "type": "Feature",
      "properties": {
        "@id": "way/642838235",
        "waterway": "drain"
      },
      "geometry": {
        "type": "LineString",
        "coordinates": [
          [
            80.2222164,
            12.8289899
          ],
          [
            80.2232145,
            12.8289781
          ],
          [
            80.2239825,
            12.8289623
          ]
        ]
      },
      "id": "way/642838235"
    },
    {
      "type": "Feature",
      "properties": {
        "@id": "way/642840218",
        "layer": "-1",
        "tunnel": "culvert",
        "waterway": "drain"
      },
      "geometry": {
        "type": "LineString",
        "coordinates": [
          [
            80.2177868,
            12.8182388
          ],
          [
            80.2181195,
            12.8188324
          ],
          [
            80.2183743,
            12.8193155
          ],
          [
            80.2184635,
            12.8195051
          ],
          [
            80.2185457,
            12.8196542
          ],
          [
            80.2187012,
            12.8205644
          ],
          [
            80.2187603,
            12.8207684
          ],
          [
            80.2194415,
            12.8207997
          ],
          [
            80.2211152,
            12.8207788
          ],
          [
            80.2211061,
            12.8209506
          ],
          [
            80.2211285,
            12.8225676
          ],
          [
            80.221159,
            12.8228336
          ]
        ]
      },
      "id": "way/642840218"
    },
    {
      "type": "Feature",
      "properties": {
        "@id": "way/642840219",
        "waterway": "drain"
      },
      "geometry": {
        "type": "LineString",
        "coordinates": [
          [
            80.2250828,
            12.8110401
          ],
          [
            80.2258875,
            12.811762
          ],
          [
            80.2266385,
            12.8124786
          ],
          [
            80.2270676,
            12.812918
          ],
          [
            80.2275934,
            12.8135666
          ],
          [
            80.2282746,
            12.8140845
          ],
          [
            80.228736,
            12.8143669
          ],
          [
            80.2290068,
            12.8145048
          ]
        ]
      },
      "id": "way/642840219"
    },
    {
      "type": "Feature",
      "properties": {
        "@id": "way/642854175",
        "intermittent": "yes",
        "waterway": "river"
      },
      "geometry": {
        "type": "LineString",
        "coordinates": [
          [
            80.0175314,
            12.9280119
          ],
          [
            80.018067,
            12.9286017
          ],
          [
            80.0185659,
            12.9291664
          ],
          [
            80.0192687,
            12.929433
          ],
          [
            80.0197622,
            12.9293441
          ],
          [
            80.0202611,
            12.9293232
          ],
          [
            80.0208136,
            12.9293546
          ],
          [
            80.0210818,
            12.9293075
          ],
          [
            80.0211623,
            12.9295794
          ],
          [
            80.0213125,
            12.9306721
          ],
          [
            80.0211516,
            12.9313989
          ],
          [
            80.0206312,
            12.9316917
          ],
          [
            80.0198534,
            12.9316603
          ],
          [
            80.0188502,
            12.9316342
          ],
          [
            80.0184426,
            12.9318433
          ],
          [
            80.0182709,
            12.9323348
          ],
          [
            80.0184908,
            12.9326014
          ],
          [
            80.018979,
            12.9329047
          ],
          [
            80.0192043,
            12.9330667
          ],
          [
            80.0194725,
            12.9336262
          ],
          [
            80.0196871,
            12.9342849
          ],
          [
            80.0198158,
            12.9348235
          ],
          [
            80.0200358,
            12.9353888
          ]
        ]
      },
      "id": "way/642854175"
    },
    {
      "type": "Feature",
      "properties": {
        "@id": "way/642889008",
        "intermittent": "yes",
        "waterway": "river"
      },
      "geometry": {
        "type": "LineString",
        "coordinates": [
          [
            80.0276599,
            12.8477248
          ],
          [
            80.0278374,
            12.8480481
          ],
          [
            80.0278794,
            12.848476
          ],
          [
            80.0276272,
            12.8485762
          ],
          [
            80.0273984,
            12.8490543
          ],
          [
            80.0276599,
            12.8495733
          ],
          [
            80.0277253,
            12.8499239
          ],
          [
            80.0276506,
            12.8501288
          ],
          [
            80.0273704,
            12.8503974
          ],
          [
            80.0274311,
            12.8506433
          ],
          [
            80.0275385,
            12.8511259
          ],
          [
            80.027786,
            12.8515311
          ],
          [
            80.0279214,
            12.8518817
          ],
          [
            80.0280008,
            12.8526011
          ],
          [
            80.0282624,
            12.8531065
          ],
          [
            80.0284632,
            12.8536437
          ],
          [
            80.0288414,
            12.8539715
          ],
          [
            80.0284211,
            12.8545361
          ],
          [
            80.0280475,
            12.8553602
          ],
          [
            80.0278514,
            12.8560431
          ],
          [
            80.0278421,
            12.8566532
          ],
          [
            80.0278561,
            12.8572132
          ],
          [
            80.0279962,
            12.8576913
          ],
          [
            80.0284071,
            12.8584926
          ],
          [
            80.0284678,
            12.8592302
          ],
          [
            80.0283558,
            12.8600315
          ],
          [
            80.0285475,
            12.8615454
          ],
          [
            80.0284058,
            12.8622603
          ],
          [
            80.0281654,
            12.8628069
          ],
          [
            80.0282579,
            12.8641706
          ],
          [
            80.0283441,
            12.8649756
          ],
          [
            80.0287632,
            12.8658948
          ],
          [
            80.0297984,
            12.8670602
          ],
          [
            80.0302051,
            12.8676189
          ],
          [
            80.0304886,
            12.8681475
          ],
          [
            80.0314689,
            12.8683455
          ],
          [
            80.0317698,
            12.86829
          ],
          [
            80.0323308,
            12.868512
          ],
          [
            80.0324853,
            12.8692175
          ],
          [
            80.0325829,
            12.8699784
          ],
          [
            80.0323714,
            12.8703034
          ],
          [
            80.0320543,
            12.8705491
          ],
          [
            80.0320543,
            12.8707235
          ],
          [
            80.032023,
            12.8708931
          ]
        ]
      },
      "id": "way/642889008"
    },
    {
      "type": "Feature",
      "properties": {
        "@id": "way/643528608",
        "waterway": "drain"
      },
      "geometry": {
        "type": "LineString",
        "coordinates": [
          [
            80.042188,
            12.9104756
          ],
          [
            80.0423467,
            12.9104387
          ],
          [
            80.0424407,
            12.9104546
          ],
          [
            80.0425485,
            12.9105237
          ],
          [
            80.0426533,
            12.9105447
          ],
          [
            80.042718,
            12.9105837
          ],
          [
            80.0428597,
            12.910833
          ],
          [
            80.0430476,
            12.910851
          ],
          [
            80.0430785,
            12.9109231
          ],
          [
            80.0431185,
            12.9111844
          ],
          [
            80.0432171,
            12.9112595
          ],
          [
            80.0432325,
            12.9113736
          ],
          [
            80.0432418,
            12.9115207
          ],
          [
            80.0434328,
            12.9120132
          ],
          [
            80.0434913,
            12.9122024
          ],
          [
            80.0434975,
            12.9123256
          ],
          [
            80.0436608,
            12.912713
          ],
          [
            80.0437902,
            12.9130613
          ],
          [
            80.0438949,
            12.9132716
          ],
          [
            80.0439781,
            12.9133857
          ],
          [
            80.0439997,
            12.913656
          ],
          [
            80.0441691,
            12.9141154
          ],
          [
            80.0442616,
            12.9143857
          ],
          [
            80.0442924,
            12.9145058
          ],
          [
            80.0443294,
            12.9145629
          ],
          [
            80.0444095,
            12.9145689
          ],
          [
            80.044468,
            12.9144638
          ],
          [
            80.0445574,
            12.9144067
          ],
          [
            80.044659,
            12.9145329
          ],
          [
            80.0446775,
            12.9147311
          ],
          [
            80.0448038,
            12.9149923
          ],
          [
            80.0448562,
            12.9151635
          ],
          [
            80.0450318,
            12.9155149
          ],
          [
            80.0450318,
            12.9157041
          ],
          [
            80.0451489,
            12.9159984
          ],
          [
            80.0452383,
            12.9162116
          ],
          [
            80.0452876,
            12.9163107
          ],
          [
            80.0453215,
            12.9164188
          ],
          [
            80.0453184,
            12.9165239
          ],
          [
            80.0454231,
            12.9166831
          ],
          [
            80.045531,
            12.9167942
          ],
          [
            80.0457374,
            12.9167432
          ],
          [
            80.0458021,
            12.9168903
          ],
          [
            80.0459654,
            12.9171696
          ],
          [
            80.0460702,
            12.9173077
          ],
          [
            80.0461834,
            12.9174659
          ],
          [
            80.0467469,
            12.9181057
          ],
          [
            80.0472268,
            12.9179564
          ],
          [
            80.0473812,
            12.9182349
          ]
        ]
      },
      "id": "way/643528608"
    },
    {
      "type": "Feature",
      "properties": {
        "@id": "way/643528612",
        "waterway": "drain"
      },
      "geometry": {
        "type": "LineString",
        "coordinates": [
          [
            80.0404469,
            12.9103994
          ],
          [
            80.04049,
            12.9105766
          ],
          [
            80.0405701,
            12.9107929
          ],
          [
            80.0405794,
            12.9110872
          ],
          [
            80.0406102,
            12.9112583
          ],
          [
            80.0406441,
            12.9113815
          ],
          [
            80.040681,
            12.9116157
          ],
          [
            80.0407334,
            12.9117539
          ],
          [
            80.0407303,
            12.911868
          ],
          [
            80.0407211,
            12.9119821
          ],
          [
            80.0407827,
            12.9121383
          ],
          [
            80.0407827,
            12.9121923
          ],
          [
            80.0407981,
            12.9123875
          ],
          [
            80.0407827,
            12.9126007
          ]
        ]
      },
      "id": "way/643528612"
    },
    {
      "type": "Feature",
      "properties": {
        "@id": "way/643528618",
        "waterway": "drain"
      },
      "geometry": {
        "type": "LineString",
        "coordinates": [
          [
            80.0576736,
            12.9162883
          ],
          [
            80.0577624,
            12.9170894
          ],
          [
            80.0577764,
            12.917581
          ],
          [
            80.0579398,
            12.9183184
          ],
          [
            80.0581686,
            12.9182456
          ],
          [
            80.059154,
            12.9179952
          ],
          [
            80.0595043,
            12.917886
          ],
          [
            80.060004,
            12.917754
          ],
          [
            80.0604663,
            12.917622
          ],
          [
            80.0615077,
            12.9173124
          ],
          [
            80.0618253,
            12.9171895
          ],
          [
            80.0622035,
            12.9170894
          ],
          [
            80.0631842,
            12.9168299
          ],
          [
            80.0638941,
            12.9165887
          ],
          [
            80.0644545,
            12.9164521
          ],
          [
            80.064702,
            12.9163657
          ],
          [
            80.0648047,
            12.9163566
          ],
          [
            80.0649275,
            12.9163475
          ]
        ]
      },
      "id": "way/643528618"
    },
    {
      "type": "Feature",
      "properties": {
        "@id": "way/643528635",
        "waterway": "stream"
      },
      "geometry": {
        "type": "LineString",
        "coordinates": [
          [
            79.9710487,
            12.8986728
          ],
          [
            79.9717299,
            12.8987636
          ],
          [
            79.9721998,
            12.8992695
          ],
          [
            79.9732674,
            12.8992702
          ],
          [
            79.9735972,
            12.8993801
          ],
          [
            79.9740746,
            12.8998184
          ],
          [
            79.9748363,
            12.8998282
          ],
          [
            79.9751404,
            12.8999745
          ],
          [
            79.9750568,
            12.9005553
          ],
          [
            79.9748331,
            12.9010268
          ],
          [
            79.9750437,
            12.90138
          ],
          [
            79.9750442,
            12.9017058
          ],
          [
            79.9747098,
            12.9017142
          ],
          [
            79.9742821,
            12.9015223
          ],
          [
            79.9742393,
            12.9018517
          ],
          [
            79.9746262,
            12.9021264
          ],
          [
            79.9750084,
            12.902392
          ],
          [
            79.9752365,
            12.9024346
          ],
          [
            79.9761275,
            12.9021916
          ],
          [
            79.9770065,
            12.9027125
          ],
          [
            79.9776468,
            12.9031733
          ],
          [
            79.9775866,
            12.9034884
          ],
          [
            79.9769858,
            12.906082
          ],
          [
            79.9773291,
            12.9075879
          ],
          [
            79.9796895,
            12.9106834
          ],
          [
            79.9806765,
            12.9108925
          ],
          [
            79.9811915,
            12.9111435
          ],
          [
            79.9811057,
            12.9118546
          ],
          [
            79.9816636,
            12.9133605
          ],
          [
            79.9823502,
            12.9139043
          ],
          [
            79.9836377,
            12.9170833
          ],
          [
            79.9838952,
            12.9185474
          ],
          [
            79.9889163,
            12.9198859
          ],
          [
            79.9897746,
            12.9207225
          ],
          [
            79.98956,
            12.9221028
          ],
          [
            79.99059,
            12.9226466
          ],
          [
            79.9916199,
            12.9224374
          ],
          [
            79.9933795,
            12.9225629
          ],
          [
            79.9957827,
            12.9242779
          ],
          [
            79.9978856,
            12.9241942
          ],
          [
            79.9989585,
            12.924738
          ],
          [
            80.0005463,
            12.9246125
          ],
          [
            80.0020484,
            12.9240269
          ],
          [
            80.0050183,
            12.9256827
          ],
          [
            80.0060054,
            12.926787
          ],
          [
            80.0065762,
            12.9273607
          ],
          [
            80.008314,
            12.9280842
          ],
          [
            80.0098341,
            12.9282238
          ],
          [
            80.011372,
            12.9280845
          ],
          [
            80.0116225,
            12.9280812
          ],
          [
            80.0129688,
            12.9283832
          ],
          [
            80.0140702,
            12.9286171
          ],
          [
            80.014347,
            12.9287509
          ],
          [
            80.0164679,
            12.9287953
          ],
          [
            80.0175314,
            12.9280119
          ],
          [
            80.0177313,
            12.9278646
          ],
          [
            80.0190616,
            12.9264843
          ],
          [
            80.0200299,
            12.9251563
          ],
          [
            80.0209988,
            12.9248898
          ],
          [
            80.0226048,
            12.924989
          ],
          [
            80.0265879,
            12.9239119
          ],
          [
            80.0268963,
            12.9227302
          ],
          [
            80.0287417,
            12.9207225
          ],
          [
            80.0312308,
            12.9175853
          ],
          [
            80.0348357,
            12.9167069
          ],
          [
            80.0370673,
            12.9157844
          ],
          [
            80.037065,
            12.9155674
          ],
          [
            80.0368839,
            12.9151779
          ]
        ]
      },
      "id": "way/643528635"
    },
    {
      "type": "Feature",
      "properties": {
        "@id": "way/643533209",
        "waterway": "drain"
      },
      "geometry": {
        "type": "LineString",
        "coordinates": [
          [
            80.024265,
            12.8088148
          ],
          [
            80.0242398,
            12.8089709
          ],
          [
            80.0241755,
            12.8091561
          ],
          [
            80.0241173,
            12.8092068
          ],
          [
            80.0240407,
            12.8094159
          ],
          [
            80.0239887,
            12.8097623
          ],
          [
            80.024004,
            12.81004
          ],
          [
            80.0239642,
            12.8103506
          ],
          [
            80.023955,
            12.8109986
          ],
          [
            80.0239979,
            12.8110345
          ]
        ]
      },
      "id": "way/643533209"
    },
    {
      "type": "Feature",
      "properties": {
        "@id": "way/645720480",
        "waterway": "drain"
      },
      "geometry": {
        "type": "LineString",
        "coordinates": [
          [
            80.0877771,
            12.9249135
          ],
          [
            80.0878828,
            12.9252147
          ],
          [
            80.087956,
            12.925393
          ],
          [
            80.08783,
            12.9254802
          ],
          [
            80.087582,
            12.9254802
          ],
          [
            80.0873503,
            12.9254802
          ],
          [
            80.0871633,
            12.9254366
          ],
          [
            80.0870413,
            12.9254564
          ],
          [
            80.0869071,
            12.9254366
          ],
          [
            80.0866266,
            12.9254009
          ],
          [
            80.0865372,
            12.9253613
          ],
          [
            80.0863786,
            12.9253573
          ],
          [
            80.0859843,
            12.9251394
          ],
          [
            80.0855289,
            12.9252741
          ],
          [
            80.0853744,
            12.9254287
          ],
          [
            80.085224,
            12.9254405
          ],
          [
            80.0850492,
            12.9254683
          ],
          [
            80.0846671,
            12.9255872
          ],
          [
            80.084167,
            12.9256664
          ],
          [
            80.0839068,
            12.9257021
          ],
          [
            80.0836397,
            12.9257636
          ]
        ]
      },
      "id": "way/645720480"
    },
    {
      "type": "Feature",
      "properties": {
        "@id": "way/650602413",
        "waterway": "drain"
      },
      "geometry": {
        "type": "LineString",
        "coordinates": [
          [
            80.2424068,
            12.9348428
          ],
          [
            80.2436844,
            12.934591
          ],
          [
            80.2447639,
            12.9343668
          ],
          [
            80.2449585,
            12.9342012
          ],
          [
            80.2450364,
            12.9341081
          ],
          [
            80.2452134,
            12.9340633
          ],
          [
            80.2454698,
            12.9339899
          ]
        ]
      },
      "id": "way/650602413"
    },
    {
      "type": "Feature",
      "properties": {
        "@id": "way/650602415",
        "waterway": "drain"
      },
      "geometry": {
        "type": "LineString",
        "coordinates": [
          [
            80.2444341,
            12.9373584
          ],
          [
            80.2450568,
            12.9372774
          ],
          [
            80.2454397,
            12.9371819
          ],
          [
            80.2454654,
            12.9370021
          ],
          [
            80.2454654,
            12.9368837
          ],
          [
            80.2455121,
            12.9367381
          ],
          [
            80.2454794,
            12.9365492
          ],
          [
            80.2453207,
            12.936242
          ],
          [
            80.2452413,
            12.9360531
          ],
          [
            80.2451479,
            12.9359393
          ],
          [
            80.2450428,
            12.9359211
          ],
          [
            80.2449751,
            12.935532
          ],
          [
            80.24487,
            12.9351701
          ],
          [
            80.2447649,
            12.9348993
          ],
          [
            80.2447206,
            12.9347286
          ],
          [
            80.2447369,
            12.9346012
          ],
          [
            80.2447813,
            12.9344646
          ],
          [
            80.2447883,
            12.9344009
          ],
          [
            80.2447639,
            12.9343668
          ]
        ]
      },
      "id": "way/650602415"
    },
    {
      "type": "Feature",
      "properties": {
        "@id": "way/650607195",
        "layer": "-1",
        "waterway": "drain"
      },
      "geometry": {
        "type": "LineString",
        "coordinates": [
          [
            80.2438747,
            13.0240684
          ],
          [
            80.2441628,
            13.0243911
          ],
          [
            80.2443461,
            13.0245742
          ],
          [
            80.2449117,
            13.025047
          ]
        ]
      },
      "id": "way/650607195"
    },
    {
      "type": "Feature",
      "properties": {
        "@id": "way/651794538",
        "waterway": "weir"
      },
      "geometry": {
        "type": "LineString",
        "coordinates": [
          [
            80.2177707,
            13.2777031
          ],
          [
            80.2174996,
            13.2761197
          ],
          [
            80.2172346,
            13.2748063
          ]
        ]
      },
      "id": "way/651794538"
    },
    {
      "type": "Feature",
      "properties": {
        "@id": "way/652931400",
        "waterway": "drain"
      },
      "geometry": {
        "type": "LineString",
        "coordinates": [
          [
            80.2324901,
            12.8025059
          ],
          [
            80.2327952,
            12.8025539
          ],
          [
            80.2330047,
            12.802611
          ],
          [
            80.2331587,
            12.8027492
          ],
          [
            80.233322,
            12.8028123
          ],
          [
            80.2334761,
            12.8027883
          ],
          [
            80.2338304,
            12.8027372
          ],
          [
            80.2340214,
            12.802629
          ],
          [
            80.234194,
            12.8024638
          ],
          [
            80.234234,
            12.8021934
          ],
          [
            80.2342032,
            12.801905
          ],
          [
            80.2341508,
            12.8017007
          ],
          [
            80.2341675,
            12.8016181
          ]
        ]
      },
      "id": "way/652931400"
    },
    {
      "type": "Feature",
      "properties": {
        "@id": "way/665686266",
        "waterway": "canal"
      },
      "geometry": {
        "type": "LineString",
        "coordinates": [
          [
            80.2793806,
            13.2236308
          ],
          [
            80.2796327,
            13.2234428
          ],
          [
            80.2798688,
            13.2233096
          ],
          [
            80.2804911,
            13.2230877
          ],
          [
            80.2807244,
            13.223025
          ],
          [
            80.2809283,
            13.2229571
          ],
          [
            80.2814137,
            13.222871
          ],
          [
            80.2820253,
            13.2227691
          ],
          [
            80.2824893,
            13.2226438
          ],
          [
            80.2828192,
            13.2225707
          ],
          [
            80.2830526,
            13.2224715
          ],
          [
            80.2834808,
            13.2224349
          ],
          [
            80.2836158,
            13.2224245
          ],
          [
            80.2839055,
            13.2222991
          ],
          [
            80.2839672,
            13.2222312
          ],
          [
            80.2843347,
            13.2217874
          ],
          [
            80.2845439,
            13.221508
          ],
          [
            80.2849382,
            13.2210484
          ],
          [
            80.2852117,
            13.2208865
          ],
          [
            80.2856275,
            13.2206228
          ],
          [
            80.2858823,
            13.2204478
          ],
          [
            80.2862658,
            13.2203277
          ],
          [
            80.2866628,
            13.2202259
          ],
          [
            80.2869069,
            13.220098
          ],
          [
            80.2872019,
            13.2200013
          ],
          [
            80.287387,
            13.2198708
          ],
          [
            80.287607,
            13.2198186
          ],
          [
            80.2880227,
            13.2197507
          ],
          [
            80.2882775,
            13.2196332
          ],
          [
            80.2886986,
            13.2194713
          ],
          [
            80.2890714,
            13.2192807
          ],
          [
            80.2894496,
            13.219124
          ],
          [
            80.2895837,
            13.2189961
          ],
          [
            80.2895945,
            13.2188968
          ],
          [
            80.2894738,
            13.218466
          ],
          [
            80.2894711,
            13.2182232
          ],
          [
            80.2895408,
            13.2180247
          ],
          [
            80.2897634,
            13.2177636
          ],
          [
            80.2899888,
            13.2174999
          ]
        ]
      },
      "id": "way/665686266"
    },
    {
      "type": "Feature",
      "properties": {
        "@id": "way/696363487",
        "layer": "-1",
        "tunnel": "culvert",
        "waterway": "drain"
      },
      "geometry": {
        "type": "LineString",
        "coordinates": [
          [
            80.0703018,
            12.9859898
          ],
          [
            80.0703022,
            12.9860244
          ]
        ]
      },
      "id": "way/696363487"
    },
    {
      "type": "Feature",
      "properties": {
        "@id": "way/696363488",
        "waterway": "drain"
      },
      "geometry": {
        "type": "LineString",
        "coordinates": [
          [
            80.0683785,
            12.9807344
          ],
          [
            80.0683049,
            12.9808305
          ],
          [
            80.068299,
            12.9808807
          ],
          [
            80.0682622,
            12.9809898
          ],
          [
            80.06819,
            12.9810415
          ],
          [
            80.0681326,
            12.9811318
          ],
          [
            80.0680575,
            12.9813356
          ],
          [
            80.0680369,
            12.9814676
          ],
          [
            80.0680045,
            12.9815695
          ],
          [
            80.0679456,
            12.9817029
          ],
          [
            80.0678764,
            12.9818464
          ],
          [
            80.0678248,
            12.9819741
          ],
          [
            80.0677821,
            12.982152
          ],
          [
            80.0677512,
            12.9823486
          ],
          [
            80.0678131,
            12.9824462
          ],
          [
            80.067869,
            12.9825136
          ],
          [
            80.0679868,
            12.9827289
          ],
          [
            80.0681025,
            12.9828953
          ],
          [
            80.0683122,
            12.9831693
          ],
          [
            80.0683945,
            12.9833978
          ],
          [
            80.0685276,
            12.9834533
          ],
          [
            80.0686036,
            12.9834595
          ],
          [
            80.0688,
            12.9836138
          ],
          [
            80.0689204,
            12.9836694
          ],
          [
            80.0690154,
            12.9836385
          ],
          [
            80.0692942,
            12.9838793
          ],
          [
            80.0694779,
            12.9839472
          ],
          [
            80.0696046,
            12.9840707
          ],
          [
            80.0697756,
            12.9841077
          ],
          [
            80.0698643,
            12.9843238
          ],
          [
            80.0699847,
            12.9844781
          ],
          [
            80.0701304,
            12.9849102
          ],
          [
            80.0701368,
            12.9851819
          ],
          [
            80.0703332,
            12.9857004
          ],
          [
            80.0704346,
            12.9857485
          ],
          [
            80.0704644,
            12.9858217
          ],
          [
            80.0704602,
            12.9858494
          ],
          [
            80.0703468,
            12.985859
          ],
          [
            80.0703018,
            12.9859898
          ]
        ]
      },
      "id": "way/696363488"
    },
    {
      "type": "Feature",
      "properties": {
        "@id": "way/696363613",
        "layer": "-1",
        "tunnel": "culvert",
        "waterway": "drain"
      },
      "geometry": {
        "type": "LineString",
        "coordinates": [
          [
            80.0702048,
            12.9867459
          ],
          [
            80.0701937,
            12.9868066
          ]
        ]
      },
      "id": "way/696363613"
    },
    {
      "type": "Feature",
      "properties": {
        "@id": "way/696363614",
        "waterway": "drain"
      },
      "geometry": {
        "type": "LineString",
        "coordinates": [
          [
            80.0703201,
            12.9864092
          ],
          [
            80.0703255,
            12.9866077
          ],
          [
            80.0702362,
            12.9866339
          ],
          [
            80.0702048,
            12.9867459
          ]
        ]
      },
      "id": "way/696363614"
    },
    {
      "type": "Feature",
      "properties": {
        "@id": "way/696533196",
        "waterway": "ditch"
      },
      "geometry": {
        "type": "LineString",
        "coordinates": [
          [
            80.0790264,
            12.9975911
          ],
          [
            80.0790286,
            12.9974864
          ]
        ]
      },
      "id": "way/696533196"
    },
    {
      "type": "Feature",
      "properties": {
        "@id": "way/696533197",
        "layer": "-1",
        "tunnel": "culvert",
        "waterway": "ditch"
      },
      "geometry": {
        "type": "LineString",
        "coordinates": [
          [
            80.0789853,
            12.9979277
          ],
          [
            80.0790264,
            12.9975911
          ]
        ]
      },
      "id": "way/696533197"
    },
    {
      "type": "Feature",
      "properties": {
        "@id": "way/696533198",
        "waterway": "ditch"
      },
      "geometry": {
        "type": "LineString",
        "coordinates": [
          [
            80.0782655,
            12.9997216
          ],
          [
            80.0789698,
            12.9980412
          ],
          [
            80.0789853,
            12.9979277
          ]
        ]
      },
      "id": "way/696533198"
    },
    {
      "type": "Feature",
      "properties": {
        "@id": "way/696533199",
        "waterway": "dam"
      },
      "geometry": {
        "type": "LineString",
        "coordinates": [
          [
            80.0799473,
            12.998633
          ],
          [
            80.0798309,
            12.9985215
          ],
          [
            80.0796616,
            12.9983428
          ],
          [
            80.0795149,
            12.9981795
          ],
          [
            80.0792327,
            12.9979942
          ],
          [
            80.0790654,
            12.9979353
          ],
          [
            80.0786014,
            12.9978634
          ],
          [
            80.0777994,
            12.9977353
          ]
        ]
      },
      "id": "way/696533199"
    },
    {
      "type": "Feature",
      "properties": {
        "@id": "way/696533200",
        "name": "Chembarambakkam Dam",
        "waterway": "dam"
      },
      "geometry": {
        "type": "LineString",
        "coordinates": [
          [
            80.0802933,
            12.9992609
          ],
          [
            80.0799473,
            12.998633
          ]
        ]
      },
      "id": "way/696533200"
    },
    {
      "type": "Feature",
      "properties": {
        "@id": "way/696533211",
        "layer": "-1",
        "tunnel": "culvert",
        "waterway": "ditch"
      },
      "geometry": {
        "type": "LineString",
        "coordinates": [
          [
            80.0695916,
            12.9970634
          ],
          [
            80.069416,
            12.996687
          ]
        ]
      },
      "id": "way/696533211"
    },
    {
      "type": "Feature",
      "properties": {
        "@id": "way/696533212",
        "waterway": "ditch"
      },
      "geometry": {
        "type": "LineString",
        "coordinates": [
          [
            80.0699979,
            12.9988084
          ],
          [
            80.0699328,
            12.9980743
          ],
          [
            80.0695916,
            12.9970634
          ]
        ]
      },
      "id": "way/696533212"
    },
    {
      "type": "Feature",
      "properties": {
        "@id": "way/696533213",
        "waterway": "drain"
      },
      "geometry": {
        "type": "LineString",
        "coordinates": [
          [
            80.0684614,
            12.9935163
          ],
          [
            80.0683284,
            12.9941069
          ],
          [
            80.0682938,
            12.9941706
          ],
          [
            80.0682476,
            12.9945379
          ],
          [
            80.0689803,
            12.9951867
          ],
          [
            80.0690009,
            12.9953451
          ],
          [
            80.0690531,
            12.9957199
          ]
        ]
      },
      "id": "way/696533213"
    },
    {
      "type": "Feature",
      "properties": {
        "@id": "way/696533214",
        "layer": "-1",
        "tunnel": "culvert",
        "waterway": "drain"
      },
      "geometry": {
        "type": "LineString",
        "coordinates": [
          [
            80.0685151,
            12.9934586
          ],
          [
            80.0684614,
            12.9935163
          ]
        ]
      },
      "id": "way/696533214"
    },
    {
      "type": "Feature",
      "properties": {
        "@id": "way/696533217",
        "layer": "-1",
        "tunnel": "culvert",
        "waterway": "drain"
      },
      "geometry": {
        "type": "LineString",
        "coordinates": [
          [
            80.0703193,
            12.9863801
          ],
          [
            80.0703201,
            12.9864092
          ]
        ]
      },
      "id": "way/696533217"
    },
    {
      "type": "Feature",
      "properties": {
        "@id": "way/696533218",
        "waterway": "drain"
      },
      "geometry": {
        "type": "LineString",
        "coordinates": [
          [
            80.0703022,
            12.9860244
          ],
          [
            80.0703099,
            12.9862223
          ],
          [
            80.0703193,
            12.9863801
          ]
        ]
      },
      "id": "way/696533218"
    },
    {
      "type": "Feature",
      "properties": {
        "@id": "way/696533227",
        "layer": "-1",
        "tunnel": "culvert",
        "waterway": "ditch"
      },
      "geometry": {
        "type": "LineString",
        "coordinates": [
          [
            80.0759701,
            12.981837
          ],
          [
            80.0759472,
            12.9818077
          ]
        ]
      },
      "id": "way/696533227"
    },
    {
      "type": "Feature",
      "properties": {
        "@id": "way/696533228",
        "waterway": "ditch"
      },
      "geometry": {
        "type": "LineString",
        "coordinates": [
          [
            80.0688417,
            12.9937367
          ],
          [
            80.0693618,
            12.9931633
          ],
          [
            80.0697398,
            12.9931321
          ],
          [
            80.0699172,
            12.9927559
          ],
          [
            80.0701886,
            12.9926034
          ],
          [
            80.0704286,
            12.9921153
          ],
          [
            80.071326,
            12.9905291
          ],
          [
            80.0717724,
            12.9905606
          ],
          [
            80.0718369,
            12.9905137
          ],
          [
            80.0718509,
            12.9904188
          ],
          [
            80.0718322,
            12.990314
          ],
          [
            80.0717498,
            12.990135
          ],
          [
            80.0719209,
            12.989993
          ],
          [
            80.0720349,
            12.9900609
          ],
          [
            80.072282,
            12.9899745
          ],
          [
            80.0724974,
            12.989956
          ],
          [
            80.0727318,
            12.9901226
          ],
          [
            80.0733653,
            12.9897769
          ],
          [
            80.0734414,
            12.9894189
          ],
          [
            80.0735301,
            12.9892584
          ],
          [
            80.0735301,
            12.9889436
          ],
          [
            80.0736758,
            12.9888571
          ],
          [
            80.0738595,
            12.9886719
          ],
          [
            80.0738785,
            12.9884559
          ],
          [
            80.0738848,
            12.9882521
          ],
          [
            80.0740686,
            12.9880237
          ],
          [
            80.0742966,
            12.9877768
          ],
          [
            80.0744423,
            12.9877151
          ],
          [
            80.0746007,
            12.9877151
          ],
          [
            80.0749238,
            12.9879126
          ],
          [
            80.0751519,
            12.9879558
          ],
          [
            80.075475,
            12.9878509
          ],
          [
            80.0758931,
            12.9875546
          ],
          [
            80.0762606,
            12.9871657
          ],
          [
            80.0766597,
            12.9868755
          ],
          [
            80.0767357,
            12.9864063
          ],
          [
            80.0767864,
            12.9858631
          ],
          [
            80.0770335,
            12.9855668
          ],
          [
            80.0770715,
            12.9853507
          ],
          [
            80.0770588,
            12.9849062
          ],
          [
            80.0765013,
            12.9845173
          ],
          [
            80.0764633,
            12.9843012
          ],
          [
            80.0765203,
            12.9840296
          ],
          [
            80.076362,
            12.9838259
          ],
          [
            80.0764443,
            12.9835851
          ],
          [
            80.0763429,
            12.9833011
          ],
          [
            80.076419,
            12.983048
          ],
          [
            80.0763873,
            12.9828505
          ],
          [
            80.0762162,
            12.9822764
          ],
          [
            80.0759701,
            12.981837
          ]
        ]
      },
      "id": "way/696533228"
    },
    {
      "type": "Feature",
      "properties": {
        "@id": "way/696533232",
        "layer": "-1",
        "tunnel": "culvert",
        "waterway": "ditch"
      },
      "geometry": {
        "type": "LineString",
        "coordinates": [
          [
            80.0810279,
            12.9925762
          ],
          [
            80.0810925,
            12.9925357
          ]
        ]
      },
      "id": "way/696533232"
    },
    {
      "type": "Feature",
      "properties": {
        "@id": "way/696533233",
        "waterway": "ditch"
      },
      "geometry": {
        "type": "LineString",
        "coordinates": [
          [
            80.0810925,
            12.9925357
          ],
          [
            80.0813918,
            12.9923128
          ],
          [
            80.0816016,
            12.9920527
          ],
          [
            80.0815698,
            12.9919164
          ],
          [
            80.0814173,
            12.9916314
          ],
          [
            80.0812265,
            12.9912969
          ],
          [
            80.0812265,
            12.9908695
          ],
          [
            80.0812901,
            12.9906713
          ],
          [
            80.0812965,
            12.9904049
          ]
        ]
      },
      "id": "way/696533233"
    },
    {
      "type": "Feature",
      "properties": {
        "@id": "way/706896507",
        "layer": "-1",
        "tunnel": "culvert",
        "waterway": "stream"
      },
      "geometry": {
        "type": "LineString",
        "coordinates": [
          [
            80.0809689,
            13.0088324
          ],
          [
            80.0811894,
            13.0088652
          ]
        ]
      },
      "id": "way/706896507"
    },
    {
      "type": "Feature",
      "properties": {
        "@id": "way/706896508",
        "waterway": "stream"
      },
      "geometry": {
        "type": "LineString",
        "coordinates": [
          [
            80.0811894,
            13.0088652
          ],
          [
            80.0816456,
            13.0089331
          ]
        ]
      },
      "id": "way/706896508"
    },
    {
      "type": "Feature",
      "properties": {
        "@id": "way/706900380",
        "layer": "-1",
        "tunnel": "culvert",
        "waterway": "canal"
      },
      "geometry": {
        "type": "LineString",
        "coordinates": [
          [
            80.0819246,
            13.0195073
          ],
          [
            80.0819675,
            13.0195063
          ]
        ]
      },
      "id": "way/706900380"
    },
    {
      "type": "Feature",
      "properties": {
        "@id": "way/706900381",
        "waterway": "canal"
      },
      "geometry": {
        "type": "LineString",
        "coordinates": [
          [
            80.0795489,
            13.0148041
          ],
          [
            80.0803855,
            13.0151834
          ],
          [
            80.0804339,
            13.0152739
          ],
          [
            80.0805187,
            13.0161552
          ],
          [
            80.080547,
            13.0167492
          ],
          [
            80.0805833,
            13.0169656
          ],
          [
            80.0809265,
            13.0182364
          ],
          [
            80.0810154,
            13.0189209
          ],
          [
            80.0807893,
            13.0189681
          ],
          [
            80.0808498,
            13.0195346
          ],
          [
            80.0817503,
            13.019511
          ],
          [
            80.0819246,
            13.0195073
          ]
        ]
      },
      "id": "way/706900381"
    },
    {
      "type": "Feature",
      "properties": {
        "@id": "way/706900385",
        "layer": "-1",
        "tunnel": "culvert",
        "waterway": "ditch"
      },
      "geometry": {
        "type": "LineString",
        "coordinates": [
          [
            80.0821104,
            13.0077689
          ],
          [
            80.0821165,
            13.0076579
          ]
        ]
      },
      "id": "way/706900385"
    },
    {
      "type": "Feature",
      "properties": {
        "@id": "way/706900386",
        "waterway": "ditch"
      },
      "geometry": {
        "type": "LineString",
        "coordinates": [
          [
            80.0818395,
            13.0087143
          ],
          [
            80.0818354,
            13.0086762
          ],
          [
            80.0817678,
            13.0085686
          ],
          [
            80.0818354,
            13.008246
          ],
          [
            80.0819636,
            13.0079338
          ],
          [
            80.0821104,
            13.0077689
          ]
        ]
      },
      "id": "way/706900386"
    },
    {
      "type": "Feature",
      "properties": {
        "@id": "way/706900387",
        "layer": "-1",
        "name": "Chembarampakkam water for irrigation",
        "tunnel": "culvert",
        "waterway": "stream"
      },
      "geometry": {
        "type": "LineString",
        "coordinates": [
          [
            80.0851124,
            13.010066
          ],
          [
            80.0851459,
            13.0100903
          ]
        ]
      },
      "id": "way/706900387"
    },
    {
      "type": "Feature",
      "properties": {
        "@id": "way/706900388",
        "name": "Chembarampakkam water for irrigation",
        "waterway": "stream"
      },
      "geometry": {
        "type": "LineString",
        "coordinates": [
          [
            80.0816456,
            13.0089331
          ],
          [
            80.0819233,
            13.0089645
          ],
          [
            80.0821271,
            13.0089802
          ],
          [
            80.0824543,
            13.0091082
          ],
          [
            80.0826823,
            13.0091683
          ],
          [
            80.0829076,
            13.0092441
          ],
          [
            80.0831812,
            13.0093277
          ],
          [
            80.0836479,
            13.0094166
          ],
          [
            80.0838813,
            13.0094244
          ],
          [
            80.0840556,
            13.0094244
          ],
          [
            80.0847771,
            13.0097825
          ],
          [
            80.0851124,
            13.010066
          ]
        ]
      },
      "id": "way/706900388"
    },
    {
      "type": "Feature",
      "properties": {
        "@id": "way/731551448",
        "boat": "no",
        "name": "Buckingham Kaalvaai",
        "name:en": "Buckingham Canal",
        "name:ml": "ബക്കിംഗ്ഹാം കൈത്തോട്",
        "name:ta": "பக்கிங்ஹாம் கால்வாய்",
        "name:te": "బకింగ్‌హాం కాలువ",
        "waterway": "canal",
        "width": "15",
        "wikidata": "Q3536830",
        "wikipedia": "en:Buckingham Canal"
      },
      "geometry": {
        "type": "LineString",
        "coordinates": [
          [
            80.2479894,
            13.0061275
          ],
          [
            80.2479776,
            13.0056313
          ],
          [
            80.2479856,
            13.005299
          ],
          [
            80.2479658,
            13.004558
          ],
          [
            80.2479635,
            13.004344
          ],
          [
            80.2479723,
            13.0036629
          ],
          [
            80.2480712,
            13.0031549
          ],
          [
            80.2492698,
            12.9983525
          ],
          [
            80.249707,
            12.9969825
          ],
          [
            80.2502067,
            12.9950319
          ],
          [
            80.2501978,
            12.9946535
          ],
          [
            80.2510045,
            12.9917066
          ],
          [
            80.2513353,
            12.9908874
          ],
          [
            80.2519952,
            12.98845
          ],
          [
            80.2519653,
            12.9880872
          ],
          [
            80.2520739,
            12.9875439
          ],
          [
            80.2524287,
            12.9860048
          ],
          [
            80.2536181,
            12.981402
          ],
          [
            80.2537388,
            12.9797908
          ],
          [
            80.2537598,
            12.9782499
          ],
          [
            80.2536173,
            12.9771315
          ],
          [
            80.2533017,
            12.9749778
          ],
          [
            80.2526945,
            12.9716333
          ],
          [
            80.251794,
            12.9674808
          ],
          [
            80.2514677,
            12.9659763
          ],
          [
            80.2508733,
            12.9623165
          ],
          [
            80.2504608,
            12.9606372
          ],
          [
            80.2486912,
            12.9510865
          ],
          [
            80.2476345,
            12.9458069
          ],
          [
            80.2466475,
            12.9405472
          ],
          [
            80.2461836,
            12.9377468
          ],
          [
            80.2454698,
            12.9339899
          ],
          [
            80.2438241,
            12.9255834
          ],
          [
            80.2433467,
            12.9230319
          ],
          [
            80.2389801,
            12.9007782
          ],
          [
            80.2389264,
            12.9000462
          ],
          [
            80.2388138,
            12.8988958
          ],
          [
            80.2386202,
            12.8969947
          ],
          [
            80.2405634,
            12.8833974
          ],
          [
            80.2410397,
            12.8779915
          ],
          [
            80.2416284,
            12.8742012
          ],
          [
            80.2417088,
            12.8735129
          ],
          [
            80.2417299,
            12.8732622
          ],
          [
            80.2417305,
            12.8730467
          ],
          [
            80.2417133,
            12.8728185
          ],
          [
            80.2416896,
            12.8726902
          ],
          [
            80.241565,
            12.872251
          ],
          [
            80.2413955,
            12.8719273
          ],
          [
            80.2385053,
            12.8672473
          ],
          [
            80.236262,
            12.8577032
          ],
          [
            80.2348637,
            12.85342
          ],
          [
            80.2354063,
            12.8425744
          ],
          [
            80.2355733,
            12.8413534
          ],
          [
            80.2365333,
            12.8386572
          ],
          [
            80.2370238,
            12.8373141
          ],
          [
            80.2376482,
            12.8360695
          ],
          [
            80.2378657,
            12.8339044
          ],
          [
            80.2380997,
            12.8317599
          ],
          [
            80.2382139,
            12.8301289
          ],
          [
            80.237877,
            12.8284392
          ],
          [
            80.2375729,
            12.8266385
          ],
          [
            80.2380237,
            12.8237308
          ],
          [
            80.238433,
            12.8190291
          ],
          [
            80.2392705,
            12.8164416
          ],
          [
            80.2401566,
            12.8140489
          ],
          [
            80.2405697,
            12.8120559
          ],
          [
            80.2414174,
            12.807294
          ],
          [
            80.2415163,
            12.8061627
          ],
          [
            80.2412289,
            12.8058645
          ],
          [
            80.2396215,
            12.803463
          ],
          [
            80.2386536,
            12.8012736
          ],
          [
            80.2384052,
            12.7982499
          ],
          [
            80.2359162,
            12.7841995
          ],
          [
            80.2350234,
            12.7802881
          ],
          [
            80.2337152,
            12.7745568
          ],
          [
            80.2336264,
            12.7741677
          ],
          [
            80.2320503,
            12.7670192
          ],
          [
            80.2312338,
            12.7630345
          ],
          [
            80.230974,
            12.7610743
          ],
          [
            80.2303832,
            12.7558706
          ],
          [
            80.2298176,
            12.7514404
          ],
          [
            80.2294341,
            12.7486425
          ],
          [
            80.2292969,
            12.7463946
          ],
          [
            80.2288198,
            12.7445025
          ],
          [
            80.2255046,
            12.7370098
          ],
          [
            80.2244532,
            12.734425
          ],
          [
            80.2225649,
            12.7314215
          ],
          [
            80.2217173,
            12.729946
          ],
          [
            80.2180803,
            12.7221807
          ],
          [
            80.2158018,
            12.7171315
          ],
          [
            80.2153337,
            12.7165084
          ],
          [
            80.2141535,
            12.7141118
          ],
          [
            80.2130699,
            12.7119035
          ],
          [
            80.2112675,
            12.7082509
          ],
          [
            80.2069652,
            12.6992918
          ],
          [
            80.2032423,
            12.691578
          ],
          [
            80.2028453,
            12.6906045
          ],
          [
            80.2024698,
            12.6894532
          ],
          [
            80.2017724,
            12.6861666
          ],
          [
            80.2006888,
            12.6806086
          ],
          [
            80.1995623,
            12.6756576
          ],
          [
            80.1989186,
            12.6724232
          ],
          [
            80.1980603,
            12.6682885
          ],
          [
            80.1974702,
            12.6655355
          ],
          [
            80.1961369,
            12.6588484
          ],
          [
            80.1960422,
            12.6583393
          ],
          [
            80.1955283,
            12.6561248
          ],
          [
            80.1933718,
            12.6466091
          ],
          [
            80.19158,
            12.6385063
          ],
          [
            80.1907217,
            12.6348945
          ],
          [
            80.1899922,
            12.6326018
          ],
          [
            80.1877177,
            12.6253047
          ],
          [
            80.1867521,
            12.6224465
          ],
          [
            80.186284,
            12.6208815
          ],
          [
            80.1862235,
            12.6201775
          ],
          [
            80.1861595,
            12.6193849
          ],
          [
            80.186802,
            12.6149521
          ],
          [
            80.1867159,
            12.6142931
          ],
          [
            80.1859748,
            12.6126523
          ],
          [
            80.1858797,
            12.6117243
          ],
          [
            80.1862759,
            12.6105024
          ],
          [
            80.1863869,
            12.6098682
          ],
          [
            80.1861848,
            12.6094211
          ],
          [
            80.1843166,
            12.6076945
          ],
          [
            80.1824927,
            12.6059879
          ],
          [
            80.1817524,
            12.6047733
          ],
          [
            80.1811302,
            12.6039357
          ],
          [
            80.1795745,
            12.6007841
          ],
          [
            80.1789093,
            12.5992764
          ],
          [
            80.1776004,
            12.5950882
          ],
          [
            80.1760125,
            12.5902193
          ],
          [
            80.1751113,
            12.5872769
          ],
          [
            80.1748001,
            12.5866068
          ],
          [
            80.1732207,
            12.5844486
          ],
          [
            80.1726002,
            12.5836682
          ],
          [
            80.1713305,
            12.5818014
          ],
          [
            80.1700127,
            12.5800605
          ],
          [
            80.1670676,
            12.5758432
          ],
          [
            80.1655304,
            12.5728324
          ],
          [
            80.1645324,
            12.5707373
          ],
          [
            80.1641854,
            12.5692473
          ],
          [
            80.1634339,
            12.5633535
          ],
          [
            80.1635234,
            12.5533872
          ],
          [
            80.1635518,
            12.5524644
          ],
          [
            80.1635429,
            12.551981
          ],
          [
            80.1635566,
            12.551264
          ],
          [
            80.1636351,
            12.5508309
          ],
          [
            80.1638875,
            12.550039
          ],
          [
            80.164333,
            12.5484092
          ],
          [
            80.1642699,
            12.5465926
          ],
          [
            80.1640327,
            12.5456593
          ],
          [
            80.1596898,
            12.5371004
          ],
          [
            80.1586486,
            12.5343773
          ],
          [
            80.1565294,
            12.525313
          ],
          [
            80.1565003,
            12.523137
          ],
          [
            80.1578438,
            12.5157483
          ],
          [
            80.157007,
            12.5132834
          ],
          [
            80.154333,
            12.5087827
          ],
          [
            80.152868,
            12.5058165
          ],
          [
            80.1526239,
            12.5040432
          ],
          [
            80.1525059,
            12.5017276
          ],
          [
            80.1527928,
            12.5004832
          ],
          [
            80.1539904,
            12.4964842
          ],
          [
            80.1542379,
            12.4948784
          ],
          [
            80.1541797,
            12.4932443
          ],
          [
            80.1538886,
            12.4921501
          ],
          [
            80.1512105,
            12.4889954
          ],
          [
            80.1493245,
            12.4824359
          ],
          [
            80.14889,
            12.4808437
          ],
          [
            80.1488726,
            12.4803095
          ],
          [
            80.149067,
            12.4798328
          ],
          [
            80.1492441,
            12.479152
          ],
          [
            80.1498985,
            12.4779734
          ],
          [
            80.1543799,
            12.4766579
          ],
          [
            80.1537333,
            12.473659
          ],
          [
            80.1528048,
            12.4728954
          ],
          [
            80.1531443,
            12.4696742
          ],
          [
            80.1530206,
            12.4689278
          ],
          [
            80.1525592,
            12.4685507
          ],
          [
            80.1514649,
            12.468315
          ],
          [
            80.1495449,
            12.4675018
          ],
          [
            80.1414051,
            12.454248
          ],
          [
            80.1389704,
            12.447318
          ],
          [
            80.1355319,
            12.4428834
          ],
          [
            80.1344905,
            12.4422248
          ],
          [
            80.1333482,
            12.4415025
          ],
          [
            80.1033199,
            12.4310245
          ],
          [
            80.0916023,
            12.4231393
          ],
          [
            80.0876211,
            12.40981
          ],
          [
            80.0868188,
            12.4037516
          ],
          [
            80.0864454,
            12.4009247
          ],
          [
            80.0863821,
            12.3997506
          ],
          [
            80.0866819,
            12.3960931
          ],
          [
            80.0862588,
            12.3947118
          ],
          [
            80.0856629,
            12.3927661
          ],
          [
            80.0829705,
            12.3901794
          ],
          [
            80.0819916,
            12.3892389
          ],
          [
            80.0809576,
            12.3882455
          ],
          [
            80.0805196,
            12.3872726
          ],
          [
            80.0800604,
            12.3862192
          ],
          [
            80.0782959,
            12.3819227
          ],
          [
            80.0782573,
            12.3809004
          ],
          [
            80.0779888,
            12.3758228
          ],
          [
            80.0777136,
            12.3745829
          ],
          [
            80.0758511,
            12.3716281
          ],
          [
            80.0723251,
            12.3683822
          ],
          [
            80.0716567,
            12.3675059
          ],
          [
            80.0693203,
            12.3636408
          ],
          [
            80.0685568,
            12.3618878
          ],
          [
            80.0681518,
            12.3599294
          ],
          [
            80.0668074,
            12.3578127
          ],
          [
            80.064767,
            12.3557423
          ],
          [
            80.0637291,
            12.3536651
          ],
          [
            80.06316,
            12.3528956
          ],
          [
            80.0633291,
            12.3511416
          ],
          [
            80.0631775,
            12.3499799
          ],
          [
            80.0625946,
            12.3486929
          ],
          [
            80.0587537,
            12.3452761
          ],
          [
            80.0565868,
            12.339389
          ],
          [
            80.0503127,
            12.3278242
          ],
          [
            80.0442827,
            12.3200495
          ],
          [
            80.0426723,
            12.3206719
          ],
          [
            80.041554,
            12.319479
          ],
          [
            80.0380584,
            12.3146201
          ],
          [
            80.0319905,
            12.3118616
          ],
          [
            80.0245228,
            12.3039077
          ],
          [
            80.0203229,
            12.296548
          ],
          [
            80.0162979,
            12.2916679
          ],
          [
            80.0146684,
            12.289867
          ],
          [
            80.011532,
            12.2874917
          ],
          [
            80.0107683,
            12.2859537
          ],
          [
            80.0106692,
            12.2840113
          ],
          [
            80.0119275,
            12.2740206
          ],
          [
            80.0082889,
            12.2702904
          ],
          [
            80.0050827,
            12.2645838
          ],
          [
            80.004075,
            12.2584743
          ],
          [
            80.0022789,
            12.2561108
          ],
          [
            80.0015247,
            12.2551183
          ],
          [
            79.9968565,
            12.2523463
          ],
          [
            79.9906315,
            12.2470516
          ],
          [
            79.9856196,
            12.2413438
          ],
          [
            79.9710396,
            12.2247262
          ],
          [
            79.9626977,
            12.2106811
          ],
          [
            79.9464701,
            12.2148118
          ],
          [
            79.9436824,
            12.2137054
          ],
          [
            79.9417299,
            12.2141763
          ]
        ]
      },
      "id": "way/731551448"
    },
    {
      "type": "Feature",
      "properties": {
        "@id": "way/813634942",
        "waterway": "canal"
      },
      "geometry": {
        "type": "LineString",
        "coordinates": [
          [
            80.1350681,
            13.1108528
          ],
          [
            80.1347601,
            13.1109871
          ],
          [
            80.1322255,
            13.1113084
          ],
          [
            80.1307932,
            13.1115775
          ],
          [
            80.1306725,
            13.1115174
          ],
          [
            80.1304069,
            13.1106057
          ],
          [
            80.1299456,
            13.1091533
          ],
          [
            80.129739,
            13.1088398
          ],
          [
            80.1279849,
            13.1065802
          ],
          [
            80.1278392,
            13.1061752
          ]
        ]
      },
      "id": "way/813634942"
    },
    {
      "type": "Feature",
      "properties": {
        "@id": "way/822593959",
        "name": "Buckingham Canal",
        "name:en": "Buckingham Canal",
        "name:ml": "ബക്കിംഗ്ഹാം കനാൽ",
        "name:ta": "பக்கிங்ஹாம் கால்வாய்",
        "name:te": "బకింగ్‌హాం కాలువ",
        "waterway": "canal"
      },
      "geometry": {
        "type": "LineString",
        "coordinates": [
          [
            80.2657593,
            13.562094
          ],
          [
            80.2663422,
            13.5609093
          ],
          [
            80.2670252,
            13.554867
          ],
          [
            80.2675381,
            13.5487119
          ],
          [
            80.2677441,
            13.5460744
          ],
          [
            80.2679372,
            13.5448332
          ],
          [
            80.2682896,
            13.5436482
          ],
          [
            80.2689925,
            13.5418786
          ],
          [
            80.2694929,
            13.541292
          ],
          [
            80.2701127,
            13.5407779
          ],
          [
            80.2729427,
            13.5393183
          ],
          [
            80.273937,
            13.5385345
          ],
          [
            80.2747273,
            13.5376596
          ],
          [
            80.2759547,
            13.534134
          ],
          [
            80.275939,
            13.5328783
          ],
          [
            80.2756116,
            13.5293566
          ],
          [
            80.2755359,
            13.52764
          ],
          [
            80.2760684,
            13.5261776
          ],
          [
            80.2770945,
            13.524557
          ],
          [
            80.2777832,
            13.5231612
          ],
          [
            80.2786407,
            13.5174977
          ],
          [
            80.2786934,
            13.515334
          ],
          [
            80.2785321,
            13.5130347
          ],
          [
            80.2783772,
            13.510791
          ],
          [
            80.2784327,
            13.5096376
          ],
          [
            80.2786977,
            13.5085192
          ],
          [
            80.2795968,
            13.5054441
          ],
          [
            80.2811671,
            13.5024563
          ],
          [
            80.28218,
            13.4999137
          ],
          [
            80.2823031,
            13.4994043
          ],
          [
            80.2823836,
            13.4988537
          ],
          [
            80.2824572,
            13.4978546
          ],
          [
            80.2823907,
            13.4963237
          ],
          [
            80.2822909,
            13.4935854
          ],
          [
            80.2820913,
            13.4902649
          ],
          [
            80.28218,
            13.4892299
          ],
          [
            80.2823085,
            13.4886743
          ],
          [
            80.2824925,
            13.4881358
          ],
          [
            80.287951,
            13.4756956
          ],
          [
            80.2901205,
            13.4667469
          ],
          [
            80.2905072,
            13.4660277
          ],
          [
            80.2910262,
            13.4652752
          ],
          [
            80.2922623,
            13.4633388
          ],
          [
            80.2934513,
            13.4616962
          ],
          [
            80.294527,
            13.4599525
          ],
          [
            80.2952804,
            13.4584704
          ],
          [
            80.2957631,
            13.4569608
          ],
          [
            80.2962727,
            13.4551988
          ],
          [
            80.2969145,
            13.4517649
          ],
          [
            80.2969521,
            13.4502808
          ],
          [
            80.2968551,
            13.4486565
          ],
          [
            80.2961358,
            13.4460314
          ],
          [
            80.2960587,
            13.4455867
          ],
          [
            80.296134,
            13.4450193
          ],
          [
            80.2962023,
            13.4441791
          ],
          [
            80.2962828,
            13.4436521
          ],
          [
            80.296374,
            13.4434069
          ],
          [
            80.2987397,
            13.4409025
          ],
          [
            80.3027737,
            13.4367181
          ],
          [
            80.3084922,
            13.4316153
          ],
          [
            80.3089425,
            13.4312551
          ],
          [
            80.3128949,
            13.4280936
          ],
          [
            80.3157878,
            13.4245504
          ],
          [
            80.3212702,
            13.4163165
          ],
          [
            80.3221714,
            13.4146363
          ],
          [
            80.3226221,
            13.4117037
          ],
          [
            80.3228098,
            13.4107488
          ],
          [
            80.3232657,
            13.4096269
          ],
          [
            80.3247195,
            13.4078371
          ],
          [
            80.3259051,
            13.4066734
          ],
          [
            80.3265488,
            13.4057967
          ],
          [
            80.3268331,
            13.4051862
          ],
          [
            80.3276378,
            13.402838
          ],
          [
            80.328362,
            13.4000357
          ],
          [
            80.3291462,
            13.3963797
          ],
          [
            80.3297125,
            13.3919789
          ],
          [
            80.3310914,
            13.3846009
          ],
          [
            80.3314745,
            13.3777444
          ],
          [
            80.3299806,
            13.3749123
          ],
          [
            80.3274909,
            13.3718938
          ],
          [
            80.327376,
            13.3692107
          ],
          [
            80.3284485,
            13.3674593
          ],
          [
            80.3292146,
            13.363919
          ],
          [
            80.332049,
            13.3597824
          ],
          [
            80.3327002,
            13.3585898
          ],
          [
            80.3325087,
            13.3513599
          ],
          [
            80.3326277,
            13.349514
          ],
          [
            80.3329908,
            13.3490205
          ],
          [
            80.3333388,
            13.3487522
          ],
          [
            80.3335026,
            13.3487431
          ],
          [
            80.3337039,
            13.3486609
          ],
          [
            80.3341014,
            13.3482277
          ],
          [
            80.3341464,
            13.3479364
          ],
          [
            80.3341663,
            13.3471643
          ],
          [
            80.3342532,
            13.3467525
          ],
          [
            80.3347086,
            13.3456828
          ],
          [
            80.3348252,
            13.3449965
          ],
          [
            80.3348426,
            13.3431241
          ],
          [
            80.3330723,
            13.3383011
          ],
          [
            80.3320849,
            13.3372296
          ],
          [
            80.3307331,
            13.3347554
          ],
          [
            80.3294885,
            13.3300576
          ],
          [
            80.3268599,
            13.3261844
          ],
          [
            80.3234696,
            13.3142617
          ],
          [
            80.3234804,
            13.3138649
          ],
          [
            80.324285,
            13.3123928
          ],
          [
            80.3248751,
            13.3118499
          ],
          [
            80.3269672,
            13.308749
          ],
          [
            80.3275359,
            13.3074126
          ],
          [
            80.3298747,
            13.30143
          ],
          [
            80.3300357,
            13.3006991
          ],
          [
            80.3303794,
            13.2882911
          ],
          [
            80.3293495,
            13.2829449
          ],
          [
            80.3279762,
            13.2813995
          ],
          [
            80.3257875,
            13.2765127
          ],
          [
            80.3260402,
            13.2747254
          ],
          [
            80.3271399,
            13.2715286
          ],
          [
            80.3272934,
            13.2710189
          ],
          [
            80.3274105,
            13.2705162
          ],
          [
            80.3274797,
            13.2700888
          ],
          [
            80.3274761,
            13.2697544
          ],
          [
            80.327425,
            13.2694696
          ],
          [
            80.327075,
            13.2681171
          ],
          [
            80.3266887,
            13.2637312
          ],
          [
            80.3256539,
            13.2605988
          ],
          [
            80.3241996,
            13.2582175
          ],
          [
            80.3220968,
            13.253915
          ],
          [
            80.3192644,
            13.2495288
          ],
          [
            80.317419,
            13.2450173
          ],
          [
            80.3175057,
            13.2414038
          ],
          [
            80.3176679,
            13.2330972
          ],
          [
            80.3172001,
            13.2323269
          ],
          [
            80.3159357,
            13.2314232
          ],
          [
            80.3186862,
            13.2268156
          ],
          [
            80.3192661,
            13.2247341
          ],
          [
            80.3180465,
            13.2193209
          ],
          [
            80.3138198,
            13.2123859
          ],
          [
            80.311813,
            13.2080991
          ],
          [
            80.3097003,
            13.2041105
          ],
          [
            80.3080009,
            13.201963
          ],
          [
            80.3067563,
            13.2003753
          ],
          [
            80.3058551,
            13.1979854
          ],
          [
            80.3043702,
            13.1945425
          ],
          [
            80.3024219,
            13.1904227
          ],
          [
            80.2992032,
            13.185626
          ],
          [
            80.2966283,
            13.1840131
          ],
          [
            80.29537,
            13.1822209
          ],
          [
            80.294238,
            13.180469
          ],
          [
            80.2910979,
            13.1755483
          ],
          [
            80.2907816,
            13.1749288
          ],
          [
            80.2902802,
            13.1738453
          ],
          [
            80.2897652,
            13.1704188
          ],
          [
            80.2889758,
            13.1637722
          ],
          [
            80.288826,
            13.1630209
          ],
          [
            80.2875094,
            13.1604226
          ],
          [
            80.2853793,
            13.1558098
          ],
          [
            80.2845976,
            13.1541703
          ],
          [
            80.2811393,
            13.1469169
          ],
          [
            80.2779893,
            13.1403641
          ],
          [
            80.2774275,
            13.1388849
          ],
          [
            80.2749272,
            13.1308062
          ],
          [
            80.2735862,
            13.1254858
          ],
          [
            80.2733993,
            13.1248075
          ],
          [
            80.2718656,
            13.1185513
          ],
          [
            80.2704236,
            13.1129839
          ],
          [
            80.2701866,
            13.1117194
          ],
          [
            80.2701203,
            13.1108467
          ],
          [
            80.2702394,
            13.1101402
          ],
          [
            80.2721067,
            13.1068969
          ],
          [
            80.2724284,
            13.1062207
          ],
          [
            80.272787,
            13.1048034
          ],
          [
            80.272876,
            13.1041297
          ],
          [
            80.2729793,
            13.1035096
          ],
          [
            80.2737601,
            13.1006735
          ],
          [
            80.2739324,
            13.0997664
          ],
          [
            80.2739668,
            13.0991119
          ],
          [
            80.2740357,
            13.0941172
          ],
          [
            80.274139,
            13.093589
          ],
          [
            80.2743446,
            13.0931789
          ],
          [
            80.2744648,
            13.0928947
          ],
          [
            80.2741472,
            13.0918246
          ],
          [
            80.273877,
            13.0912344
          ],
          [
            80.2740632,
            13.0875951
          ],
          [
            80.2741121,
            13.0868768
          ],
          [
            80.2747304,
            13.083152
          ]
        ]
      },
      "id": "way/822593959"
    },
    {
      "type": "Feature",
      "properties": {
        "@id": "way/827563328",
        "culvert": "yes",
        "waterway": "stream"
      },
      "geometry": {
        "type": "LineString",
        "coordinates": [
          [
            80.0081639,
            13.0556343
          ],
          [
            80.0082538,
            13.0555429
          ]
        ]
      },
      "id": "way/827563328"
    },
    {
      "type": "Feature",
      "properties": {
        "@id": "way/827563329",
        "waterway": "stream"
      },
      "geometry": {
        "type": "LineString",
        "coordinates": [
          [
            80.0080875,
            13.0557066
          ],
          [
            80.0081639,
            13.0556343
          ]
        ]
      },
      "id": "way/827563329"
    },
    {
      "type": "Feature",
      "properties": {
        "@id": "way/828408233",
        "layer": "-1",
        "tunnel": "yes",
        "waterway": "ditch"
      },
      "geometry": {
        "type": "LineString",
        "coordinates": [
          [
            80.0687179,
            12.9938746
          ],
          [
            80.0688417,
            12.9937367
          ]
        ]
      },
      "id": "way/828408233"
    },
    {
      "type": "Feature",
      "properties": {
        "@id": "way/828408234",
        "waterway": "ditch"
      },
      "geometry": {
        "type": "LineString",
        "coordinates": [
          [
            80.069416,
            12.996687
          ],
          [
            80.0690531,
            12.9957199
          ],
          [
            80.0691404,
            12.9953268
          ],
          [
            80.0690572,
            12.9951177
          ],
          [
            80.0690036,
            12.9948538
          ],
          [
            80.0688041,
            12.9947495
          ],
          [
            80.0687187,
            12.9944165
          ],
          [
            80.0685606,
            12.9940575
          ],
          [
            80.0687179,
            12.9938746
          ]
        ]
      },
      "id": "way/828408234"
    },
    {
      "type": "Feature",
      "properties": {
        "@id": "way/828474150",
        "layer": "-1",
        "tunnel": "culvert",
        "waterway": "canal"
      },
      "geometry": {
        "type": "LineString",
        "coordinates": [
          [
            80.0795039,
            13.0147853
          ],
          [
            80.0795489,
            13.0148041
          ]
        ]
      },
      "id": "way/828474150"
    },
    {
      "type": "Feature",
      "properties": {
        "@id": "way/828474151",
        "waterway": "canal"
      },
      "geometry": {
        "type": "LineString",
        "coordinates": [
          [
            80.0794687,
            13.014771
          ],
          [
            80.0795039,
            13.0147853
          ]
        ]
      },
      "id": "way/828474151"
    },
    {
      "type": "Feature",
      "properties": {
        "@id": "way/828684107",
        "layer": "-1",
        "tunnel": "culvert",
        "waterway": "ditch"
      },
      "geometry": {
        "type": "LineString",
        "coordinates": [
          [
            80.081835,
            13.0087896
          ],
          [
            80.0818395,
            13.0087143
          ]
        ]
      },
      "id": "way/828684107"
    },
    {
      "type": "Feature",
      "properties": {
        "@id": "way/828684108",
        "waterway": "ditch"
      },
      "geometry": {
        "type": "LineString",
        "coordinates": [
          [
            80.0816456,
            13.0089331
          ],
          [
            80.0816762,
            13.008853
          ],
          [
            80.081835,
            13.0087896
          ]
        ]
      },
      "id": "way/828684108"
    },
    {
      "type": "Feature",
      "properties": {
        "@id": "way/828771274",
        "layer": "-1",
        "tunnel": "culvert",
        "waterway": "stream"
      },
      "geometry": {
        "type": "LineString",
        "coordinates": [
          [
            80.0298875,
            13.0563762
          ],
          [
            80.0300103,
            13.0563983
          ]
        ]
      },
      "id": "way/828771274"
    },
    {
      "type": "Feature",
      "properties": {
        "@id": "way/828771275",
        "waterway": "stream"
      },
      "geometry": {
        "type": "LineString",
        "coordinates": [
          [
            80.0270259,
            13.0567453
          ],
          [
            80.0276451,
            13.0566678
          ],
          [
            80.0280413,
            13.0566063
          ],
          [
            80.0283687,
            13.0564832
          ],
          [
            80.0287592,
            13.0563713
          ],
          [
            80.029477,
            13.056265
          ],
          [
            80.0298875,
            13.0563762
          ]
        ]
      },
      "id": "way/828771275"
    },
    {
      "type": "Feature",
      "properties": {
        "@id": "way/828771276",
        "layer": "-1",
        "tunnel": "culvert",
        "waterway": "stream"
      },
      "geometry": {
        "type": "LineString",
        "coordinates": [
          [
            80.0268318,
            13.0567375
          ],
          [
            80.0270259,
            13.0567453
          ]
        ]
      },
      "id": "way/828771276"
    },
    {
      "type": "Feature",
      "properties": {
        "@id": "way/828771277",
        "layer": "-1",
        "tunnel": "culvert",
        "waterway": "stream"
      },
      "geometry": {
        "type": "LineString",
        "coordinates": [
          [
            80.0327932,
            13.0558249
          ],
          [
            80.0335372,
            13.0556385
          ],
          [
            80.0343872,
            13.0555266
          ],
          [
            80.0351854,
            13.0554147
          ],
          [
            80.0359894,
            13.0552804
          ],
          [
            80.0366326,
            13.055135
          ],
          [
            80.0368939,
            13.0550511
          ],
          [
            80.037161,
            13.0550117
          ],
          [
            80.0372253,
            13.0549438
          ],
          [
            80.0371466,
            13.0547098
          ],
          [
            80.0370432,
            13.0542734
          ],
          [
            80.0370605,
            13.0536245
          ],
          [
            80.0370432,
            13.0534566
          ],
          [
            80.0369054,
            13.0532776
          ],
          [
            80.0368595,
            13.052886
          ],
          [
            80.036871,
            13.0522706
          ],
          [
            80.0368308,
            13.0516161
          ],
          [
            80.0367452,
            13.0514203
          ],
          [
            80.03652,
            13.0513929
          ],
          [
            80.0362893,
            13.0514334
          ],
          [
            80.0361565,
            13.051419
          ],
          [
            80.0360679,
            13.0514294
          ],
          [
            80.0358976,
            13.0515745
          ],
          [
            80.0357281,
            13.0516832
          ],
          [
            80.0352968,
            13.051888
          ]
        ]
      },
      "id": "way/828771277"
    },
    {
      "type": "Feature",
      "properties": {
        "@id": "way/828771391",
        "layer": "-1",
        "tunnel": "culvert",
        "waterway": "stream"
      },
      "geometry": {
        "type": "LineString",
        "coordinates": [
          [
            80.0149354,
            12.9517486
          ],
          [
            80.0151024,
            12.9517812
          ]
        ]
      },
      "id": "way/828771391"
    },
    {
      "type": "Feature",
      "properties": {
        "@id": "way/828771392",
        "waterway": "stream"
      },
      "geometry": {
        "type": "LineString",
        "coordinates": [
          [
            80.0151024,
            12.9517812
          ],
          [
            80.0153401,
            12.9518275
          ],
          [
            80.0158372,
            12.9515191
          ],
          [
            80.0160293,
            12.951398
          ],
          [
            80.0177355,
            12.951409
          ],
          [
            80.0194642,
            12.9515522
          ],
          [
            80.019984,
            12.9514421
          ],
          [
            80.0206591,
            12.9511674
          ],
          [
            80.0208979,
            12.9509472
          ],
          [
            80.0209874,
            12.9504195
          ],
          [
            80.021725,
            12.9501702
          ],
          [
            80.0219808,
            12.9499168
          ],
          [
            80.0224199,
            12.9488531
          ],
          [
            80.0231105,
            12.9481177
          ],
          [
            80.0248074,
            12.9461233
          ],
          [
            80.0263166,
            12.9450679
          ],
          [
            80.0271948,
            12.944104
          ],
          [
            80.028218,
            12.94255
          ],
          [
            80.0287979,
            12.9419766
          ],
          [
            80.0299831,
            12.9417024
          ],
          [
            80.031245,
            12.9417606
          ],
          [
            80.0323705,
            12.9423672
          ],
          [
            80.0333085,
            12.943381
          ],
          [
            80.0338286,
            12.9450015
          ],
          [
            80.0340332,
            12.945982
          ],
          [
            80.0345704,
            12.9466967
          ],
          [
            80.0352611,
            12.9470457
          ],
          [
            80.0360421,
            12.9472597
          ],
          [
            80.0371455,
            12.946705
          ],
          [
            80.038254,
            12.9463228
          ],
          [
            80.040181,
            12.9451344
          ],
          [
            80.0412724,
            12.944802
          ],
          [
            80.0426793,
            12.9448436
          ],
          [
            80.0441956,
            12.944476
          ],
          [
            80.0460655,
            12.9439663
          ],
          [
            80.046814,
            12.9439363
          ],
          [
            80.0471662,
            12.9439792
          ],
          [
            80.0484431,
            12.9436402
          ],
          [
            80.0488614,
            12.9434943
          ],
          [
            80.0493457,
            12.9431188
          ],
          [
            80.0496539,
            12.9429665
          ],
          [
            80.0497926,
            12.942988
          ],
          [
            80.0496913,
            12.9438784
          ],
          [
            80.0496894,
            12.9439758
          ],
          [
            80.0510281,
            12.9438885
          ],
          [
            80.0512626,
            12.9439966
          ],
          [
            80.0518509,
            12.9444869
          ],
          [
            80.0522261,
            12.9449439
          ],
          [
            80.052759,
            12.9461779
          ],
          [
            80.0532164,
            12.9469842
          ],
          [
            80.0556884,
            12.9486413
          ],
          [
            80.0572917,
            12.9499298
          ],
          [
            80.0574153,
            12.949988
          ],
          [
            80.0578033,
            12.9497678
          ],
          [
            80.058673,
            12.9493273
          ],
          [
            80.0599392,
            12.9489201
          ],
          [
            80.0612438,
            12.9484631
          ],
          [
            80.0621156,
            12.947994
          ],
          [
            80.0628192,
            12.947457
          ]
        ]
      },
      "id": "way/828771392"
    },
    {
      "type": "Feature",
      "properties": {
        "@id": "way/829118039",
        "waterway": "canal"
      },
      "geometry": {
        "type": "LineString",
        "coordinates": [
          [
            80.0099811,
            13.0908756
          ],
          [
            80.0103416,
            13.0902068
          ],
          [
            80.0107879,
            13.0896634
          ],
          [
            80.0117272,
            13.0894891
          ],
          [
            80.0134009,
            13.0890544
          ],
          [
            80.015332,
            13.0885778
          ],
          [
            80.0165337,
            13.0881097
          ],
          [
            80.0177096,
            13.0871901
          ],
          [
            80.0188029,
            13.0859549
          ]
        ]
      },
      "id": "way/829118039"
    },
    {
      "type": "Feature",
      "properties": {
        "@id": "way/829275103",
        "layer": "-1",
        "tunnel": "culvert",
        "waterway": "canal"
      },
      "geometry": {
        "type": "LineString",
        "coordinates": [
          [
            80.0258662,
            13.079286
          ],
          [
            80.0261414,
            13.0791021
          ]
        ]
      },
      "id": "way/829275103"
    },
    {
      "type": "Feature",
      "properties": {
        "@id": "way/829275104",
        "waterway": "canal"
      },
      "geometry": {
        "type": "LineString",
        "coordinates": [
          [
            80.0208571,
            13.0836309
          ],
          [
            80.0210318,
            13.0834677
          ],
          [
            80.0220612,
            13.0829096
          ],
          [
            80.0228986,
            13.082038
          ]
        ]
      },
      "id": "way/829275104"
    },
    {
      "type": "Feature",
      "properties": {
        "@id": "way/829501111",
        "layer": "-1",
        "tunnel": "culvert",
        "waterway": "stream"
      },
      "geometry": {
        "type": "LineString",
        "coordinates": [
          [
            80.0352488,
            13.0517385
          ],
          [
            80.0351845,
            13.0515308
          ]
        ]
      },
      "id": "way/829501111"
    },
    {
      "type": "Feature",
      "properties": {
        "@id": "way/829501112",
        "waterway": "stream"
      },
      "geometry": {
        "type": "LineString",
        "coordinates": [
          [
            80.0293294,
            13.0531445
          ],
          [
            80.0321189,
            13.0526261
          ],
          [
            80.0333276,
            13.052528
          ],
          [
            80.0345565,
            13.0522749
          ],
          [
            80.034861,
            13.0521979
          ],
          [
            80.0352968,
            13.051888
          ],
          [
            80.0352488,
            13.0517385
          ]
        ]
      },
      "id": "way/829501112"
    },
    {
      "type": "Feature",
      "properties": {
        "@id": "way/829501113",
        "layer": "-1",
        "tunnel": "culvert",
        "waterway": "stream"
      },
      "geometry": {
        "type": "LineString",
        "coordinates": [
          [
            80.0326524,
            13.0558551
          ],
          [
            80.0327932,
            13.0558249
          ]
        ]
      },
      "id": "way/829501113"
    },
    {
      "type": "Feature",
      "properties": {
        "@id": "way/829501114",
        "layer": "-1",
        "tunnel": "culvert",
        "waterway": "stream"
      },
      "geometry": {
        "type": "LineString",
        "coordinates": [
          [
            80.0300103,
            13.0563983
          ],
          [
            80.0308783,
            13.0562371
          ],
          [
            80.0314066,
            13.0561587
          ],
          [
            80.0319465,
            13.0560469
          ],
          [
            80.0326524,
            13.0558551
          ]
        ]
      },
      "id": "way/829501114"
    },
    {
      "type": "Feature",
      "properties": {
        "@id": "way/829501115",
        "layer": "-1",
        "tunnel": "culvert",
        "waterway": "stream"
      },
      "geometry": {
        "type": "LineString",
        "coordinates": [
          [
            80.0381024,
            13.0507436
          ],
          [
            80.0379575,
            13.0508036
          ]
        ]
      },
      "id": "way/829501115"
    },
    {
      "type": "Feature",
      "properties": {
        "@id": "way/829501116",
        "waterway": "stream"
      },
      "geometry": {
        "type": "LineString",
        "coordinates": [
          [
            80.0379575,
            13.0508036
          ],
          [
            80.0377698,
            13.0508663
          ],
          [
            80.0375941,
            13.0509396
          ],
          [
            80.0373876,
            13.0510427
          ],
          [
            80.0372133,
            13.051159
          ],
          [
            80.0370536,
            13.0512478
          ],
          [
            80.0368981,
            13.0512779
          ],
          [
            80.036713,
            13.051321
          ],
          [
            80.03652,
            13.0513929
          ]
        ]
      },
      "id": "way/829501116"
    },
    {
      "type": "Feature",
      "properties": {
        "@id": "way/829513448",
        "layer": "-1",
        "tunnel": "culvert",
        "waterway": "canal"
      },
      "geometry": {
        "type": "LineString",
        "coordinates": [
          [
            80.0228986,
            13.082038
          ],
          [
            80.023081,
            13.081746
          ]
        ]
      },
      "id": "way/829513448"
    },
    {
      "type": "Feature",
      "properties": {
        "@id": "way/829513449",
        "waterway": "canal"
      },
      "geometry": {
        "type": "LineString",
        "coordinates": [
          [
            80.023081,
            13.081746
          ],
          [
            80.0232628,
            13.0814048
          ],
          [
            80.0243614,
            13.0804015
          ],
          [
            80.0258662,
            13.079286
          ]
        ]
      },
      "id": "way/829513449"
    },
    {
      "type": "Feature",
      "properties": {
        "@id": "way/829513451",
        "layer": "-1",
        "tunnel": "culvert",
        "waterway": "canal"
      },
      "geometry": {
        "type": "LineString",
        "coordinates": [
          [
            80.0188029,
            13.0859549
          ],
          [
            80.0189606,
            13.0857955
          ]
        ]
      },
      "id": "way/829513451"
    },
    {
      "type": "Feature",
      "properties": {
        "@id": "way/829513452",
        "waterway": "canal"
      },
      "geometry": {
        "type": "LineString",
        "coordinates": [
          [
            80.0189606,
            13.0857955
          ],
          [
            80.0203102,
            13.0841637
          ],
          [
            80.0208571,
            13.0836309
          ]
        ]
      },
      "id": "way/829513452"
    },
    {
      "type": "Feature",
      "properties": {
        "@id": "way/830029634",
        "layer": "-1",
        "tunnel": "culvert",
        "waterway": "stream"
      },
      "geometry": {
        "type": "LineString",
        "coordinates": [
          [
            80.1587986,
            12.9897275
          ],
          [
            80.158833,
            12.9897752
          ]
        ]
      },
      "id": "way/830029634"
    },
    {
      "type": "Feature",
      "properties": {
        "@id": "way/830029635",
        "waterway": "stream"
      },
      "geometry": {
        "type": "LineString",
        "coordinates": [
          [
            80.1551478,
            12.9884325
          ],
          [
            80.155378,
            12.9883249
          ],
          [
            80.15552,
            12.9882836
          ],
          [
            80.1555771,
            12.9883022
          ],
          [
            80.1556452,
            12.9883154
          ],
          [
            80.1556987,
            12.9883128
          ],
          [
            80.1557635,
            12.9883045
          ],
          [
            80.1558241,
            12.9882789
          ],
          [
            80.1558437,
            12.9882524
          ],
          [
            80.1558499,
            12.9882214
          ],
          [
            80.1558562,
            12.9881836
          ],
          [
            80.1558645,
            12.9881679
          ],
          [
            80.1558824,
            12.9881568
          ],
          [
            80.1559117,
            12.9881646
          ],
          [
            80.1559579,
            12.9881856
          ],
          [
            80.1560329,
            12.9881929
          ],
          [
            80.156081,
            12.9881732
          ],
          [
            80.1561018,
            12.9881567
          ],
          [
            80.1561256,
            12.9881518
          ],
          [
            80.1561466,
            12.9881584
          ],
          [
            80.1561536,
            12.9881828
          ],
          [
            80.1561695,
            12.9882383
          ],
          [
            80.156195,
            12.9882848
          ],
          [
            80.1562486,
            12.9883311
          ],
          [
            80.1563459,
            12.9884185
          ],
          [
            80.1563927,
            12.9884819
          ],
          [
            80.1564076,
            12.9885284
          ],
          [
            80.1563994,
            12.9885688
          ],
          [
            80.1563683,
            12.9886162
          ],
          [
            80.1563728,
            12.9886519
          ],
          [
            80.1563983,
            12.988706
          ],
          [
            80.1564838,
            12.9887176
          ],
          [
            80.156559,
            12.988719
          ],
          [
            80.1566545,
            12.9887723
          ],
          [
            80.1567976,
            12.9888379
          ],
          [
            80.1569405,
            12.9888811
          ],
          [
            80.1569835,
            12.9889147
          ],
          [
            80.1570051,
            12.9889784
          ],
          [
            80.1569547,
            12.9890896
          ],
          [
            80.1569562,
            12.9891562
          ],
          [
            80.1570053,
            12.9892022
          ],
          [
            80.1571425,
            12.9892501
          ],
          [
            80.157182,
            12.9892362
          ],
          [
            80.1572313,
            12.9891755
          ],
          [
            80.1572827,
            12.9891507
          ],
          [
            80.1573436,
            12.9891548
          ],
          [
            80.1574421,
            12.9891615
          ],
          [
            80.1575137,
            12.9891387
          ],
          [
            80.1575658,
            12.9891186
          ],
          [
            80.1576312,
            12.9891356
          ],
          [
            80.1576749,
            12.9891914
          ],
          [
            80.1577114,
            12.98922
          ],
          [
            80.157757,
            12.9891979
          ],
          [
            80.1577755,
            12.9891256
          ],
          [
            80.1578019,
            12.9890845
          ],
          [
            80.1578701,
            12.9890803
          ],
          [
            80.1579762,
            12.9891305
          ],
          [
            80.1580471,
            12.9891444
          ],
          [
            80.1581468,
            12.989146
          ],
          [
            80.1583037,
            12.9891718
          ],
          [
            80.1583917,
            12.9891624
          ],
          [
            80.158482,
            12.9891794
          ],
          [
            80.1585401,
            12.9892502
          ],
          [
            80.1586818,
            12.989544
          ],
          [
            80.158744,
            12.9896497
          ],
          [
            80.1587986,
            12.9897275
          ]
        ]
      },
      "id": "way/830029635"
    },
    {
      "type": "Feature",
      "properties": {
        "@id": "way/831698016",
        "layer": "-1",
        "tunnel": "culvert",
        "waterway": "drain"
      },
      "geometry": {
        "type": "LineString",
        "coordinates": [
          [
            80.2030492,
            12.8071406
          ],
          [
            80.2031162,
            12.8071406
          ]
        ]
      },
      "id": "way/831698016"
    },
    {
      "type": "Feature",
      "properties": {
        "@id": "way/831698017",
        "waterway": "drain"
      },
      "geometry": {
        "type": "LineString",
        "coordinates": [
          [
            80.2002986,
            12.8080089
          ],
          [
            80.2003824,
            12.8079759
          ],
          [
            80.2007639,
            12.8078402
          ],
          [
            80.2017497,
            12.8074897
          ],
          [
            80.2024068,
            12.807253
          ],
          [
            80.2028909,
            12.8071314
          ],
          [
            80.2030492,
            12.8071406
          ]
        ]
      },
      "id": "way/831698017"
    },
    {
      "type": "Feature",
      "properties": {
        "@id": "way/831698018",
        "layer": "-1",
        "tunnel": "culvert",
        "waterway": "drain"
      },
      "geometry": {
        "type": "LineString",
        "coordinates": [
          [
            80.2002483,
            12.8080298
          ],
          [
            80.2002986,
            12.8080089
          ]
        ]
      },
      "id": "way/831698018"
    },
    {
      "type": "Feature",
      "properties": {
        "@id": "way/831698019",
        "waterway": "drain"
      },
      "geometry": {
        "type": "LineString",
        "coordinates": [
          [
            80.1997066,
            12.808285
          ],
          [
            80.200119,
            12.8080953
          ],
          [
            80.2002483,
            12.8080298
          ]
        ]
      },
      "id": "way/831698019"
    },
    {
      "type": "Feature",
      "properties": {
        "@id": "way/833745765",
        "layer": "-1",
        "tunnel": "culvert",
        "waterway": "drain"
      },
      "geometry": {
        "type": "LineString",
        "coordinates": [
          [
            80.2193245,
            12.8260804
          ],
          [
            80.2195943,
            12.8260809
          ]
        ]
      },
      "id": "way/833745765"
    },
    {
      "type": "Feature",
      "properties": {
        "@id": "way/833745766",
        "waterway": "drain"
      },
      "geometry": {
        "type": "LineString",
        "coordinates": [
          [
            80.2107931,
            12.8263056
          ],
          [
            80.2134317,
            12.8260329
          ],
          [
            80.2159365,
            12.8260566
          ],
          [
            80.2164837,
            12.826104
          ],
          [
            80.2193245,
            12.8260804
          ]
        ]
      },
      "id": "way/833745766"
    },
    {
      "type": "Feature",
      "properties": {
        "@id": "way/833840450",
        "image": "https://kf.kobotoolbox.org/api/v2/assets/ak3PUmC9MxRUh4rV3oxbkp/data/152766849/attachments/59388152/",
        "name": "Surplus water drain",
        "name:ta": "செம்பரம்பாக்கம் மழைநீர் வடிகால்",
        "waterway": "drain"
      },
      "geometry": {
        "type": "LineString",
        "coordinates": [
          [
            80.168804,
            13.0081757
          ],
          [
            80.1687028,
            13.0077422
          ],
          [
            80.1678373,
            13.0078387
          ],
          [
            80.1677454,
            13.0077713
          ],
          [
            80.1677749,
            13.007399
          ],
          [
            80.1678878,
            13.0072919
          ],
          [
            80.1678759,
            13.0066526
          ],
          [
            80.167805,
            13.0064237
          ],
          [
            80.1675394,
            13.0063819
          ],
          [
            80.1673522,
            13.0062949
          ]
        ]
      },
      "id": "way/833840450"
    },
    {
      "type": "Feature",
      "properties": {
        "@id": "way/833840451",
        "layer": "-1",
        "name": "Surplus water drain",
        "name:ta": "செம்பரம்பாக்கம் மழைநீர் வடிகால்",
        "tunnel": "culvert",
        "waterway": "drain"
      },
      "geometry": {
        "type": "LineString",
        "coordinates": [
          [
            80.1688125,
            13.008292
          ],
          [
            80.168804,
            13.0081757
          ]
        ]
      },
      "id": "way/833840451"
    },
    {
      "type": "Feature",
      "properties": {
        "@id": "way/833881739",
        "layer": "-1",
        "tunnel": "culvert",
        "waterway": "drain"
      },
      "geometry": {
        "type": "LineString",
        "coordinates": [
          [
            80.0985221,
            13.0715776
          ],
          [
            80.0987032,
            13.0715514
          ]
        ]
      },
      "id": "way/833881739"
    },
    {
      "type": "Feature",
      "properties": {
        "@id": "way/833881740",
        "layer": "-1",
        "waterway": "drain"
      },
      "geometry": {
        "type": "LineString",
        "coordinates": [
          [
            80.0960268,
            13.0738279
          ],
          [
            80.0960304,
            13.0734084
          ],
          [
            80.096263,
            13.0729189
          ],
          [
            80.0964771,
            13.0724384
          ],
          [
            80.0968679,
            13.0719671
          ],
          [
            80.0973519,
            13.071677
          ],
          [
            80.0980312,
            13.0715773
          ],
          [
            80.0985221,
            13.0715776
          ]
        ]
      },
      "id": "way/833881740"
    },
    {
      "type": "Feature",
      "properties": {
        "@id": "way/834538881",
        "layer": "-1",
        "tunnel": "culvert",
        "waterway": "drain"
      },
      "geometry": {
        "type": "LineString",
        "coordinates": [
          [
            80.0571263,
            13.16475
          ],
          [
            80.0571732,
            13.1648218
          ]
        ]
      },
      "id": "way/834538881"
    },
    {
      "type": "Feature",
      "properties": {
        "@id": "way/834538882",
        "layer": "-1",
        "waterway": "drain"
      },
      "geometry": {
        "type": "LineString",
        "coordinates": [
          [
            80.0570656,
            13.1646738
          ],
          [
            80.0571263,
            13.16475
          ]
        ]
      },
      "id": "way/834538882"
    },
    {
      "type": "Feature",
      "properties": {
        "@id": "way/834624576",
        "waterway": "canal"
      },
      "geometry": {
        "type": "LineString",
        "coordinates": [
          [
            80.0507798,
            13.0445644
          ],
          [
            80.0502992,
            13.0435899
          ],
          [
            80.049321,
            13.0416064
          ],
          [
            80.0472648,
            13.0397445
          ]
        ]
      },
      "id": "way/834624576"
    },
    {
      "type": "Feature",
      "properties": {
        "@id": "way/834624577",
        "layer": "-1",
        "tunnel": "culvert",
        "waterway": "canal"
      },
      "geometry": {
        "type": "LineString",
        "coordinates": [
          [
            80.0508831,
            13.0454109
          ],
          [
            80.0507798,
            13.0445644
          ]
        ]
      },
      "id": "way/834624577"
    },
    {
      "type": "Feature",
      "properties": {
        "@id": "way/834624578",
        "waterway": "stream"
      },
      "geometry": {
        "type": "LineString",
        "coordinates": [
          [
            80.0421171,
            13.0491595
          ],
          [
            80.0419433,
            13.0492176
          ],
          [
            80.0418039,
            13.0492855
          ],
          [
            80.0416751,
            13.0492855
          ],
          [
            80.0415196,
            13.0493378
          ],
          [
            80.0413318,
            13.0494214
          ],
          [
            80.041144,
            13.0495259
          ],
          [
            80.0409992,
            13.0495782
          ],
          [
            80.0408651,
            13.0496514
          ],
          [
            80.0407417,
            13.0496932
          ],
          [
            80.0405915,
            13.0498029
          ],
          [
            80.0403286,
            13.0499074
          ],
          [
            80.0402106,
            13.0499336
          ],
          [
            80.0399746,
            13.0499649
          ],
          [
            80.03976,
            13.0500119
          ],
          [
            80.0395401,
            13.050153
          ],
          [
            80.0393094,
            13.0502314
          ],
          [
            80.0387998,
            13.0504718
          ],
          [
            80.0386067,
            13.0505502
          ],
          [
            80.038317,
            13.0506704
          ],
          [
            80.0381024,
            13.0507436
          ]
        ]
      },
      "id": "way/834624578"
    },
    {
      "type": "Feature",
      "properties": {
        "@id": "way/834624579",
        "layer": "-1",
        "tunnel": "culvert",
        "waterway": "stream"
      },
      "geometry": {
        "type": "LineString",
        "coordinates": [
          [
            80.0424013,
            13.0490504
          ],
          [
            80.0421171,
            13.0491595
          ]
        ]
      },
      "id": "way/834624579"
    },
    {
      "type": "Feature",
      "properties": {
        "@id": "way/835007994",
        "layer": "-1",
        "waterway": "drain"
      },
      "geometry": {
        "type": "LineString",
        "coordinates": [
          [
            80.1636599,
            13.1126694
          ],
          [
            80.1638189,
            13.1142237
          ],
          [
            80.1659451,
            13.1142975
          ],
          [
            80.1664199,
            13.1143079
          ],
          [
            80.1674229,
            13.1143298
          ],
          [
            80.1688023,
            13.1143599
          ],
          [
            80.1696877,
            13.11434
          ],
          [
            80.1741119,
            13.1141865
          ],
          [
            80.1742351,
            13.1141754
          ]
        ]
      },
      "id": "way/835007994"
    },
    {
      "type": "Feature",
      "properties": {
        "@id": "way/835007995",
        "layer": "-1",
        "tunnel": "culvert",
        "waterway": "drain"
      },
      "geometry": {
        "type": "LineString",
        "coordinates": [
          [
            80.1636484,
            13.1125712
          ],
          [
            80.1636599,
            13.1126694
          ]
        ]
      },
      "id": "way/835007995"
    },
    {
      "type": "Feature",
      "properties": {
        "@id": "way/835726492",
        "layer": "-1",
        "tunnel": "culvert",
        "waterway": "drain"
      },
      "geometry": {
        "type": "LineString",
        "coordinates": [
          [
            80.225084,
            12.8313096
          ],
          [
            80.2250405,
            12.8312207
          ],
          [
            80.2250044,
            12.8310135
          ]
        ]
      },
      "id": "way/835726492"
    },
    {
      "type": "Feature",
      "properties": {
        "@id": "way/835726493",
        "waterway": "drain"
      },
      "geometry": {
        "type": "LineString",
        "coordinates": [
          [
            80.2251262,
            12.8313871
          ],
          [
            80.225084,
            12.8313096
          ]
        ]
      },
      "id": "way/835726493"
    },
    {
      "type": "Feature",
      "properties": {
        "@id": "way/835726494",
        "layer": "-1",
        "tunnel": "culvert",
        "waterway": "drain"
      },
      "geometry": {
        "type": "LineString",
        "coordinates": [
          [
            80.226102,
            12.8229355
          ],
          [
            80.226143,
            12.8226865
          ]
        ]
      },
      "id": "way/835726494"
    },
    {
      "type": "Feature",
      "properties": {
        "@id": "way/835726495",
        "waterway": "drain"
      },
      "geometry": {
        "type": "LineString",
        "coordinates": [
          [
            80.2224094,
            12.8258594
          ],
          [
            80.222871,
            12.8258485
          ],
          [
            80.2237615,
            12.8258111
          ],
          [
            80.224018,
            12.8258087
          ],
          [
            80.224549,
            12.8257942
          ],
          [
            80.2245568,
            12.8257579
          ],
          [
            80.224759,
            12.8248141
          ],
          [
            80.2250155,
            12.8237472
          ],
          [
            80.2260243,
            12.8237126
          ],
          [
            80.226102,
            12.8229355
          ]
        ]
      },
      "id": "way/835726495"
    },
    {
      "type": "Feature",
      "properties": {
        "@id": "way/835726496",
        "layer": "-1",
        "tunnel": "culvert",
        "waterway": "drain"
      },
      "geometry": {
        "type": "LineString",
        "coordinates": [
          [
            80.2215364,
            12.826201
          ],
          [
            80.2219118,
            12.8259699
          ],
          [
            80.2224094,
            12.8258594
          ]
        ]
      },
      "id": "way/835726496"
    },
    {
      "type": "Feature",
      "properties": {
        "@id": "way/835726497",
        "waterway": "drain"
      },
      "geometry": {
        "type": "LineString",
        "coordinates": [
          [
            80.2195943,
            12.8260809
          ],
          [
            80.2215364,
            12.826201
          ]
        ]
      },
      "id": "way/835726497"
    },
    {
      "type": "Feature",
      "properties": {
        "@id": "way/835785681",
        "layer": "-1",
        "name": "Stormwater Drain",
        "tunnel": "culvert",
        "waterway": "drain"
      },
      "geometry": {
        "type": "LineString",
        "coordinates": [
          [
            80.2225202,
            12.9708576
          ],
          [
            80.2225438,
            12.9708561
          ]
        ]
      },
      "id": "way/835785681"
    },
    {
      "type": "Feature",
      "properties": {
        "@id": "way/835785682",
        "layer": "-1",
        "name": "Stormwater Drain",
        "tunnel": "no",
        "waterway": "drain"
      },
      "geometry": {
        "type": "LineString",
        "coordinates": [
          [
            80.2225438,
            12.9708561
          ],
          [
            80.222623,
            12.9708513
          ],
          [
            80.2229169,
            12.9708786
          ],
          [
            80.2230407,
            12.9708915
          ]
        ]
      },
      "id": "way/835785682"
    },
    {
      "type": "Feature",
      "properties": {
        "@id": "way/836320336",
        "layer": "-1",
        "tunnel": "culvert",
        "waterway": "stream"
      },
      "geometry": {
        "type": "LineString",
        "coordinates": [
          [
            80.0909945,
            13.0044428
          ],
          [
            80.091079,
            13.0043382
          ]
        ]
      },
      "id": "way/836320336"
    },
    {
      "type": "Feature",
      "properties": {
        "@id": "way/836320337",
        "waterway": "stream"
      },
      "geometry": {
        "type": "LineString",
        "coordinates": [
          [
            80.091079,
            13.0043382
          ],
          [
            80.0911764,
            13.0041996
          ],
          [
            80.0916249,
            13.0036422
          ],
          [
            80.0917203,
            13.0035114
          ],
          [
            80.0918439,
            13.0034977
          ],
          [
            80.0919322,
            13.0034701
          ],
          [
            80.0919322,
            13.0033394
          ],
          [
            80.0918509,
            13.0032293
          ],
          [
            80.091858,
            13.0031398
          ],
          [
            80.0920876,
            13.0030366
          ],
          [
            80.0921962,
            13.0028688
          ]
        ]
      },
      "id": "way/836320337"
    },
    {
      "type": "Feature",
      "properties": {
        "@id": "way/836320338",
        "layer": "-1",
        "tunnel": "culvert",
        "waterway": "drain"
      },
      "geometry": {
        "type": "LineString",
        "coordinates": [
          [
            80.0898829,
            13.001144
          ],
          [
            80.089881,
            13.0010428
          ]
        ]
      },
      "id": "way/836320338"
    },
    {
      "type": "Feature",
      "properties": {
        "@id": "way/836320339",
        "waterway": "drain"
      },
      "geometry": {
        "type": "LineString",
        "coordinates": [
          [
            80.0903709,
            13.0020468
          ],
          [
            80.090286,
            13.0019167
          ],
          [
            80.0902097,
            13.0018207
          ],
          [
            80.0901875,
            13.0016565
          ],
          [
            80.0900445,
            13.0015698
          ],
          [
            80.0899968,
            13.0014366
          ],
          [
            80.0898829,
            13.001144
          ]
        ]
      },
      "id": "way/836320339"
    },
    {
      "type": "Feature",
      "properties": {
        "@id": "way/836320340",
        "waterway": "stream"
      },
      "geometry": {
        "type": "LineString",
        "coordinates": [
          [
            80.0922619,
            13.00278
          ],
          [
            80.0922852,
            13.0027542
          ]
        ]
      },
      "id": "way/836320340"
    },
    {
      "type": "Feature",
      "properties": {
        "@id": "way/836320341",
        "layer": "-1",
        "tunnel": "culvert",
        "waterway": "stream"
      },
      "geometry": {
        "type": "LineString",
        "coordinates": [
          [
            80.0921962,
            13.0028688
          ],
          [
            80.0922619,
            13.00278
          ]
        ]
      },
      "id": "way/836320341"
    },
    {
      "type": "Feature",
      "properties": {
        "@id": "way/836320342",
        "layer": "-1",
        "tunnel": "culvert",
        "waterway": "stream"
      },
      "geometry": {
        "type": "LineString",
        "coordinates": [
          [
            80.0870289,
            13.0062891
          ],
          [
            80.0872029,
            13.0062323
          ]
        ]
      },
      "id": "way/836320342"
    },
    {
      "type": "Feature",
      "properties": {
        "@id": "way/836320343",
        "waterway": "stream"
      },
      "geometry": {
        "type": "LineString",
        "coordinates": [
          [
            80.0858876,
            13.0067164
          ],
          [
            80.0861829,
            13.0066426
          ],
          [
            80.0863065,
            13.0064362
          ],
          [
            80.0870289,
            13.0062891
          ]
        ]
      },
      "id": "way/836320343"
    },
    {
      "type": "Feature",
      "properties": {
        "@id": "way/836320347",
        "layer": "-1",
        "tunnel": "culvert",
        "waterway": "drain"
      },
      "geometry": {
        "type": "LineString",
        "coordinates": [
          [
            80.0888528,
            12.9980607
          ],
          [
            80.0888268,
            12.997987
          ]
        ]
      },
      "id": "way/836320347"
    },
    {
      "type": "Feature",
      "properties": {
        "@id": "way/836320348",
        "layer": "-1",
        "waterway": "drain"
      },
      "geometry": {
        "type": "LineString",
        "coordinates": [
          [
            80.091337,
            12.9936416
          ],
          [
            80.0912346,
            12.9935275
          ],
          [
            80.0912337,
            12.9933646
          ],
          [
            80.091504,
            12.993404
          ],
          [
            80.0921607,
            12.9932908
          ],
          [
            80.0929477,
            12.9932085
          ],
          [
            80.093453,
            12.9931072
          ],
          [
            80.0937699,
            12.9929563
          ],
          [
            80.0938702,
            12.9927007
          ],
          [
            80.093891,
            12.9924174
          ]
        ]
      },
      "id": "way/836320348"
    },
    {
      "type": "Feature",
      "properties": {
        "@id": "way/836320349",
        "layer": "-1",
        "tunnel": "culvert",
        "waterway": "ditch"
      },
      "geometry": {
        "type": "LineString",
        "coordinates": [
          [
            80.0893353,
            12.9994613
          ],
          [
            80.0894442,
            12.9994223
          ]
        ]
      },
      "id": "way/836320349"
    },
    {
      "type": "Feature",
      "properties": {
        "@id": "way/836320350",
        "waterway": "ditch"
      },
      "geometry": {
        "type": "LineString",
        "coordinates": [
          [
            80.0889987,
            12.9995536
          ],
          [
            80.0893353,
            12.9994613
          ]
        ]
      },
      "id": "way/836320350"
    },
    {
      "type": "Feature",
      "properties": {
        "@id": "way/836320351",
        "layer": "-1",
        "tunnel": "culvert",
        "waterway": "drain"
      },
      "geometry": {
        "type": "LineString",
        "coordinates": [
          [
            80.0904197,
            13.0021216
          ],
          [
            80.0903709,
            13.0020468
          ]
        ]
      },
      "id": "way/836320351"
    },
    {
      "type": "Feature",
      "properties": {
        "@id": "way/836320352",
        "waterway": "drain"
      },
      "geometry": {
        "type": "LineString",
        "coordinates": [
          [
            80.0902692,
            13.0025135
          ],
          [
            80.090403,
            13.0022968
          ],
          [
            80.0904259,
            13.0022233
          ],
          [
            80.0904197,
            13.0021216
          ]
        ]
      },
      "id": "way/836320352"
    },
    {
      "type": "Feature",
      "properties": {
        "@id": "way/836320358",
        "layer": "-1",
        "tunnel": "culvert",
        "waterway": "stream"
      },
      "geometry": {
        "type": "LineString",
        "coordinates": [
          [
            80.0856573,
            13.0067663
          ],
          [
            80.0858876,
            13.0067164
          ]
        ]
      },
      "id": "way/836320358"
    },
    {
      "type": "Feature",
      "properties": {
        "@id": "way/836320359",
        "waterway": "stream"
      },
      "geometry": {
        "type": "LineString",
        "coordinates": [
          [
            80.0818354,
            13.0086762
          ],
          [
            80.0819522,
            13.0086659
          ],
          [
            80.0823972,
            13.0086349
          ],
          [
            80.0826868,
            13.0085695
          ],
          [
            80.0829975,
            13.0083975
          ],
          [
            80.0833542,
            13.0081841
          ],
          [
            80.0835802,
            13.0080224
          ],
          [
            80.0837956,
            13.0077127
          ],
          [
            80.0841029,
            13.0076061
          ],
          [
            80.0844702,
            13.0075441
          ],
          [
            80.0847406,
            13.007358
          ],
          [
            80.0849857,
            13.0071725
          ],
          [
            80.0851941,
            13.0070383
          ],
          [
            80.0853671,
            13.0068147
          ],
          [
            80.0856573,
            13.0067663
          ]
        ]
      },
      "id": "way/836320359"
    },
    {
      "type": "Feature",
      "properties": {
        "@id": "way/836320367",
        "layer": "-1",
        "name": "Chembarambakkam irrigation canal",
        "tunnel": "culvert",
        "waterway": "ditch"
      },
      "geometry": {
        "type": "LineString",
        "coordinates": [
          [
            80.0856429,
            13.0129182
          ],
          [
            80.0856515,
            13.0129641
          ]
        ]
      },
      "id": "way/836320367"
    },
    {
      "type": "Feature",
      "properties": {
        "@id": "way/836320368",
        "layer": "-1",
        "name": "Chembarambakkam irrigation canal",
        "waterway": "ditch"
      },
      "geometry": {
        "type": "LineString",
        "coordinates": [
          [
            80.0856515,
            13.0129641
          ],
          [
            80.0854652,
            13.0133664
          ],
          [
            80.0854375,
            13.0135896
          ],
          [
            80.085362,
            13.0140296
          ],
          [
            80.0853897,
            13.0142667
          ],
          [
            80.0853494,
            13.0144716
          ]
        ]
      },
      "id": "way/836320368"
    },
    {
      "type": "Feature",
      "properties": {
        "@id": "way/836320369",
        "layer": "-1",
        "name": "Chembarambakkam irrigation canal",
        "tunnel": "culvert",
        "waterway": "ditch"
      },
      "geometry": {
        "type": "LineString",
        "coordinates": [
          [
            80.0853494,
            13.0144716
          ],
          [
            80.0853548,
            13.014555
          ]
        ]
      },
      "id": "way/836320369"
    },
    {
      "type": "Feature",
      "properties": {
        "@id": "way/836320370",
        "layer": "-1",
        "name": "Chembarambakkam irrigation canal",
        "waterway": "ditch"
      },
      "geometry": {
        "type": "LineString",
        "coordinates": [
          [
            80.0816456,
            13.0089331
          ],
          [
            80.081646,
            13.0091106
          ],
          [
            80.081505,
            13.0092553
          ],
          [
            80.0815226,
            13.0094368
          ],
          [
            80.0816359,
            13.0096061
          ],
          [
            80.081792,
            13.0097287
          ],
          [
            80.082074,
            13.0100844
          ],
          [
            80.082147,
            13.0103419
          ],
          [
            80.0821999,
            13.0104155
          ],
          [
            80.0824944,
            13.0106069
          ],
          [
            80.0829627,
            13.011041
          ],
          [
            80.0831817,
            13.0112422
          ],
          [
            80.08365,
            13.0113452
          ],
          [
            80.084073,
            13.0115537
          ],
          [
            80.0850447,
            13.012032
          ],
          [
            80.0853267,
            13.0122258
          ],
          [
            80.0854249,
            13.0125251
          ],
          [
            80.0856011,
            13.0128096
          ],
          [
            80.0856429,
            13.0129182
          ]
        ]
      },
      "id": "way/836320370"
    },
    {
      "type": "Feature",
      "properties": {
        "@id": "way/836326669",
        "waterway": "drain"
      },
      "geometry": {
        "type": "LineString",
        "coordinates": [
          [
            80.0916946,
            13.0026787
          ],
          [
            80.0922852,
            13.0027542
          ]
        ]
      },
      "id": "way/836326669"
    },
    {
      "type": "Feature",
      "properties": {
        "@id": "way/836326670",
        "layer": "-1",
        "tunnel": "culvert",
        "waterway": "drain"
      },
      "geometry": {
        "type": "LineString",
        "coordinates": [
          [
            80.0914425,
            13.0026238
          ],
          [
            80.0916946,
            13.0026787
          ]
        ]
      },
      "id": "way/836326670"
    },
    {
      "type": "Feature",
      "properties": {
        "@id": "way/836326671",
        "layer": "-1",
        "name": "Chembarampakkam water for irrigation",
        "tunnel": "culvert",
        "waterway": "stream"
      },
      "geometry": {
        "type": "LineString",
        "coordinates": [
          [
            80.1000338,
            13.0044521
          ],
          [
            80.1002308,
            13.004444
          ]
        ]
      },
      "id": "way/836326671"
    },
    {
      "type": "Feature",
      "properties": {
        "@id": "way/836326672",
        "name": "Chembarampakkam water for irrigation",
        "waterway": "stream"
      },
      "geometry": {
        "type": "LineString",
        "coordinates": [
          [
            80.1002308,
            13.004444
          ],
          [
            80.1009286,
            13.0045826
          ],
          [
            80.1013349,
            13.0047555
          ],
          [
            80.1015497,
            13.005024
          ],
          [
            80.1017178,
            13.0052879
          ],
          [
            80.1031562,
            13.0053107
          ],
          [
            80.1038847,
            13.0052424
          ],
          [
            80.1042819,
            13.0050489
          ]
        ]
      },
      "id": "way/836326672"
    },
    {
      "type": "Feature",
      "properties": {
        "@id": "way/836326673",
        "layer": "-1",
        "name": "Chembarampakkam water for irrigation",
        "tunnel": "culvert",
        "waterway": "stream"
      },
      "geometry": {
        "type": "LineString",
        "coordinates": [
          [
            80.0866519,
            13.0094228
          ],
          [
            80.0867673,
            13.0093125
          ]
        ]
      },
      "id": "way/836326673"
    },
    {
      "type": "Feature",
      "properties": {
        "@id": "way/836326674",
        "name": "Chembarampakkam water for irrigation",
        "waterway": "stream"
      },
      "geometry": {
        "type": "LineString",
        "coordinates": [
          [
            80.0851459,
            13.0100903
          ],
          [
            80.0853136,
            13.010198
          ],
          [
            80.0855523,
            13.0105064
          ],
          [
            80.0857105,
            13.0106213
          ],
          [
            80.0857642,
            13.0104802
          ],
          [
            80.0860646,
            13.0106031
          ],
          [
            80.0861129,
            13.0103469
          ],
          [
            80.0862094,
            13.0101144
          ],
          [
            80.0864026,
            13.0098792
          ],
          [
            80.0866519,
            13.0094228
          ]
        ]
      },
      "id": "way/836326674"
    },
    {
      "type": "Feature",
      "properties": {
        "@id": "way/836326675",
        "layer": "-1",
        "tunnel": "culvert",
        "waterway": "drain"
      },
      "geometry": {
        "type": "LineString",
        "coordinates": [
          [
            80.0856006,
            13.0060578
          ],
          [
            80.0858376,
            13.0060727
          ]
        ]
      },
      "id": "way/836326675"
    },
    {
      "type": "Feature",
      "properties": {
        "@id": "way/836326676",
        "waterway": "drain"
      },
      "geometry": {
        "type": "LineString",
        "coordinates": [
          [
            80.0824414,
            13.0059342
          ],
          [
            80.0841666,
            13.0058338
          ],
          [
            80.0856006,
            13.0060578
          ]
        ]
      },
      "id": "way/836326676"
    },
    {
      "type": "Feature",
      "properties": {
        "@id": "way/836333666",
        "waterway": "stream"
      },
      "geometry": {
        "type": "LineString",
        "coordinates": [
          [
            80.0907633,
            13.004757
          ],
          [
            80.0909945,
            13.0044428
          ]
        ]
      },
      "id": "way/836333666"
    },
    {
      "type": "Feature",
      "properties": {
        "@id": "way/836333667",
        "layer": "-1",
        "tunnel": "culvert",
        "waterway": "stream"
      },
      "geometry": {
        "type": "LineString",
        "coordinates": [
          [
            80.0901317,
            13.005477
          ],
          [
            80.0902717,
            13.0052817
          ],
          [
            80.0904348,
            13.0051149
          ],
          [
            80.0906137,
            13.0049289
          ],
          [
            80.0907633,
            13.004757
          ]
        ]
      },
      "id": "way/836333667"
    },
    {
      "type": "Feature",
      "properties": {
        "@id": "way/836333668",
        "layer": "-1",
        "name": "Chembarampakkam water for irrigation",
        "tunnel": "culvert",
        "waterway": "stream"
      },
      "geometry": {
        "type": "LineString",
        "coordinates": [
          [
            80.0908189,
            13.007179
          ],
          [
            80.0911426,
            13.0070409
          ],
          [
            80.0915587,
            13.0068808
          ]
        ]
      },
      "id": "way/836333668"
    },
    {
      "type": "Feature",
      "properties": {
        "@id": "way/836333669",
        "name": "Chembarampakkam water for irrigation",
        "waterway": "stream"
      },
      "geometry": {
        "type": "LineString",
        "coordinates": [
          [
            80.0883577,
            13.0085046
          ],
          [
            80.0888575,
            13.0082669
          ],
          [
            80.0893028,
            13.0080693
          ],
          [
            80.0896038,
            13.0078633
          ],
          [
            80.0899727,
            13.0076904
          ],
          [
            80.0902996,
            13.0076449
          ],
          [
            80.0905145,
            13.0074311
          ],
          [
            80.0908189,
            13.007179
          ]
        ]
      },
      "id": "way/836333669"
    },
    {
      "type": "Feature",
      "properties": {
        "@id": "way/836797920",
        "waterway": "drain"
      },
      "geometry": {
        "type": "LineString",
        "coordinates": [
          [
            80.2624194,
            13.2697336
          ],
          [
            80.2624305,
            13.2696472
          ]
        ]
      },
      "id": "way/836797920"
    },
    {
      "type": "Feature",
      "properties": {
        "@id": "way/836797921",
        "waterway": "drain"
      },
      "geometry": {
        "type": "LineString",
        "coordinates": [
          [
            80.2624523,
            13.2694778
          ],
          [
            80.2624819,
            13.2692481
          ]
        ]
      },
      "id": "way/836797921"
    },
    {
      "type": "Feature",
      "properties": {
        "@id": "way/836797922",
        "layer": "-1",
        "tunnel": "culvert",
        "waterway": "drain"
      },
      "geometry": {
        "type": "LineString",
        "coordinates": [
          [
            80.2624305,
            13.2696472
          ],
          [
            80.2624523,
            13.2694778
          ]
        ]
      },
      "id": "way/836797922"
    },
    {
      "type": "Feature",
      "properties": {
        "@id": "way/836797923",
        "waterway": "drain"
      },
      "geometry": {
        "type": "LineString",
        "coordinates": [
          [
            80.2625037,
            13.2690787
          ],
          [
            80.2625116,
            13.2690173
          ]
        ]
      },
      "id": "way/836797923"
    },
    {
      "type": "Feature",
      "properties": {
        "@id": "way/836797924",
        "layer": "-1",
        "tunnel": "culvert",
        "waterway": "drain"
      },
      "geometry": {
        "type": "LineString",
        "coordinates": [
          [
            80.2624819,
            13.2692481
          ],
          [
            80.2625037,
            13.2690787
          ]
        ]
      },
      "id": "way/836797924"
    },
    {
      "type": "Feature",
      "properties": {
        "@id": "way/836797925",
        "waterway": "drain"
      },
      "geometry": {
        "type": "LineString",
        "coordinates": [
          [
            80.2593423,
            13.2693178
          ],
          [
            80.2593461,
            13.2692566
          ]
        ]
      },
      "id": "way/836797925"
    },
    {
      "type": "Feature",
      "properties": {
        "@id": "way/836797926",
        "waterway": "drain"
      },
      "geometry": {
        "type": "LineString",
        "coordinates": [
          [
            80.2593566,
            13.2690859
          ],
          [
            80.259369,
            13.2688848
          ]
        ]
      },
      "id": "way/836797926"
    },
    {
      "type": "Feature",
      "properties": {
        "@id": "way/836797927",
        "layer": "-1",
        "tunnel": "culvert",
        "waterway": "drain"
      },
      "geometry": {
        "type": "LineString",
        "coordinates": [
          [
            80.2593461,
            13.2692566
          ],
          [
            80.2593566,
            13.2690859
          ]
        ]
      },
      "id": "way/836797927"
    },
    {
      "type": "Feature",
      "properties": {
        "@id": "way/836797928",
        "waterway": "drain"
      },
      "geometry": {
        "type": "LineString",
        "coordinates": [
          [
            80.2593795,
            13.2687142
          ],
          [
            80.2593842,
            13.268639
          ]
        ]
      },
      "id": "way/836797928"
    },
    {
      "type": "Feature",
      "properties": {
        "@id": "way/836797929",
        "layer": "-1",
        "tunnel": "culvert",
        "waterway": "drain"
      },
      "geometry": {
        "type": "LineString",
        "coordinates": [
          [
            80.259369,
            13.2688848
          ],
          [
            80.2593795,
            13.2687142
          ]
        ]
      },
      "id": "way/836797929"
    },
    {
      "type": "Feature",
      "properties": {
        "@id": "way/836797930",
        "waterway": "drain"
      },
      "geometry": {
        "type": "LineString",
        "coordinates": [
          [
            80.255348,
            13.2689687
          ],
          [
            80.2553523,
            13.2689327
          ]
        ]
      },
      "id": "way/836797930"
    },
    {
      "type": "Feature",
      "properties": {
        "@id": "way/836797931",
        "waterway": "drain"
      },
      "geometry": {
        "type": "LineString",
        "coordinates": [
          [
            80.2553723,
            13.2687631
          ],
          [
            80.2553966,
            13.2685574
          ]
        ]
      },
      "id": "way/836797931"
    },
    {
      "type": "Feature",
      "properties": {
        "@id": "way/836797932",
        "layer": "-1",
        "tunnel": "culvert",
        "waterway": "drain"
      },
      "geometry": {
        "type": "LineString",
        "coordinates": [
          [
            80.2553523,
            13.2689327
          ],
          [
            80.2553723,
            13.2687631
          ]
        ]
      },
      "id": "way/836797932"
    },
    {
      "type": "Feature",
      "properties": {
        "@id": "way/836797933",
        "waterway": "drain"
      },
      "geometry": {
        "type": "LineString",
        "coordinates": [
          [
            80.2554167,
            13.2683877
          ],
          [
            80.2554274,
            13.2682973
          ]
        ]
      },
      "id": "way/836797933"
    },
    {
      "type": "Feature",
      "properties": {
        "@id": "way/836797934",
        "layer": "-1",
        "tunnel": "culvert",
        "waterway": "drain"
      },
      "geometry": {
        "type": "LineString",
        "coordinates": [
          [
            80.2553966,
            13.2685574
          ],
          [
            80.2554167,
            13.2683877
          ]
        ]
      },
      "id": "way/836797934"
    },
    {
      "type": "Feature",
      "properties": {
        "@id": "way/836797935",
        "waterway": "drain"
      },
      "geometry": {
        "type": "LineString",
        "coordinates": [
          [
            80.2544403,
            13.2688977
          ],
          [
            80.2544431,
            13.2688634
          ]
        ]
      },
      "id": "way/836797935"
    },
    {
      "type": "Feature",
      "properties": {
        "@id": "way/836797936",
        "waterway": "drain"
      },
      "geometry": {
        "type": "LineString",
        "coordinates": [
          [
            80.2544568,
            13.2686932
          ],
          [
            80.2544737,
            13.2684847
          ]
        ]
      },
      "id": "way/836797936"
    },
    {
      "type": "Feature",
      "properties": {
        "@id": "way/836797937",
        "layer": "-1",
        "tunnel": "culvert",
        "waterway": "drain"
      },
      "geometry": {
        "type": "LineString",
        "coordinates": [
          [
            80.2544431,
            13.2688634
          ],
          [
            80.2544568,
            13.2686932
          ]
        ]
      },
      "id": "way/836797937"
    },
    {
      "type": "Feature",
      "properties": {
        "@id": "way/836797938",
        "waterway": "drain"
      },
      "geometry": {
        "type": "LineString",
        "coordinates": [
          [
            80.2544874,
            13.2683146
          ],
          [
            80.2544972,
            13.2681929
          ]
        ]
      },
      "id": "way/836797938"
    },
    {
      "type": "Feature",
      "properties": {
        "@id": "way/836797939",
        "layer": "-1",
        "tunnel": "culvert",
        "waterway": "drain"
      },
      "geometry": {
        "type": "LineString",
        "coordinates": [
          [
            80.2544737,
            13.2684847
          ],
          [
            80.2544874,
            13.2683146
          ]
        ]
      },
      "id": "way/836797939"
    },
    {
      "type": "Feature",
      "properties": {
        "@id": "way/836797940",
        "waterway": "drain"
      },
      "geometry": {
        "type": "LineString",
        "coordinates": [
          [
            80.2536453,
            13.2688959
          ],
          [
            80.2536526,
            13.2688031
          ]
        ]
      },
      "id": "way/836797940"
    },
    {
      "type": "Feature",
      "properties": {
        "@id": "way/836797941",
        "waterway": "drain"
      },
      "geometry": {
        "type": "LineString",
        "coordinates": [
          [
            80.253666,
            13.2686329
          ],
          [
            80.2536826,
            13.2684225
          ]
        ]
      },
      "id": "way/836797941"
    },
    {
      "type": "Feature",
      "properties": {
        "@id": "way/836797942",
        "layer": "-1",
        "tunnel": "culvert",
        "waterway": "drain"
      },
      "geometry": {
        "type": "LineString",
        "coordinates": [
          [
            80.2536526,
            13.2688031
          ],
          [
            80.253666,
            13.2686329
          ]
        ]
      },
      "id": "way/836797942"
    },
    {
      "type": "Feature",
      "properties": {
        "@id": "way/836797943",
        "waterway": "drain"
      },
      "geometry": {
        "type": "LineString",
        "coordinates": [
          [
            80.2536959,
            13.2682523
          ],
          [
            80.253714,
            13.2680229
          ]
        ]
      },
      "id": "way/836797943"
    },
    {
      "type": "Feature",
      "properties": {
        "@id": "way/836797944",
        "layer": "-1",
        "tunnel": "culvert",
        "waterway": "drain"
      },
      "geometry": {
        "type": "LineString",
        "coordinates": [
          [
            80.2536826,
            13.2684225
          ],
          [
            80.2536959,
            13.2682523
          ]
        ]
      },
      "id": "way/836797944"
    },
    {
      "type": "Feature",
      "properties": {
        "@id": "way/836797945",
        "waterway": "drain"
      },
      "geometry": {
        "type": "LineString",
        "coordinates": [
          [
            80.2494525,
            13.2675739
          ],
          [
            80.2494736,
            13.2675448
          ]
        ]
      },
      "id": "way/836797945"
    },
    {
      "type": "Feature",
      "properties": {
        "@id": "way/836797946",
        "waterway": "drain"
      },
      "geometry": {
        "type": "LineString",
        "coordinates": [
          [
            80.2495753,
            13.2674047
          ],
          [
            80.2497105,
            13.2672185
          ]
        ]
      },
      "id": "way/836797946"
    },
    {
      "type": "Feature",
      "properties": {
        "@id": "way/836797947",
        "layer": "-1",
        "tunnel": "culvert",
        "waterway": "drain"
      },
      "geometry": {
        "type": "LineString",
        "coordinates": [
          [
            80.2494736,
            13.2675448
          ],
          [
            80.2495753,
            13.2674047
          ]
        ]
      },
      "id": "way/836797947"
    },
    {
      "type": "Feature",
      "properties": {
        "@id": "way/836797948",
        "waterway": "drain"
      },
      "geometry": {
        "type": "LineString",
        "coordinates": [
          [
            80.249812,
            13.2670786
          ],
          [
            80.2498967,
            13.266962
          ]
        ]
      },
      "id": "way/836797948"
    },
    {
      "type": "Feature",
      "properties": {
        "@id": "way/836797949",
        "layer": "-1",
        "tunnel": "culvert",
        "waterway": "drain"
      },
      "geometry": {
        "type": "LineString",
        "coordinates": [
          [
            80.2497105,
            13.2672185
          ],
          [
            80.249812,
            13.2670786
          ]
        ]
      },
      "id": "way/836797949"
    },
    {
      "type": "Feature",
      "properties": {
        "@id": "way/837049427",
        "waterway": "drain"
      },
      "geometry": {
        "type": "LineString",
        "coordinates": [
          [
            80.2019477,
            12.9498945
          ],
          [
            80.2024482,
            12.9496212
          ],
          [
            80.2030027,
            12.9490147
          ]
        ]
      },
      "id": "way/837049427"
    },
    {
      "type": "Feature",
      "properties": {
        "@id": "way/837068307",
        "name": "Thanthi Channel",
        "note": "Sembarambakkam to Porur Eri surplus water canal",
        "waterway": "drain"
      },
      "geometry": {
        "type": "LineString",
        "coordinates": [
          [
            80.1409232,
            13.0239644
          ],
          [
            80.141098,
            13.0239238
          ],
          [
            80.1413059,
            13.0239761
          ],
          [
            80.1414926,
            13.0239966
          ],
          [
            80.1417122,
            13.0239989
          ],
          [
            80.1421651,
            13.0240535
          ],
          [
            80.1424056,
            13.0241058
          ],
          [
            80.1425644,
            13.0242605
          ],
          [
            80.1426858,
            13.0243515
          ],
          [
            80.1427512,
            13.0243788
          ],
          [
            80.1432765,
            13.0245024
          ],
          [
            80.1438672,
            13.0245477
          ],
          [
            80.1444513,
            13.0247805
          ],
          [
            80.1448429,
            13.0249874
          ],
          [
            80.1452477,
            13.025162
          ],
          [
            80.1471924,
            13.0257633
          ],
          [
            80.148261,
            13.02641
          ],
          [
            80.1485663,
            13.0265134
          ],
          [
            80.14923,
            13.027063
          ],
          [
            80.1496215,
            13.0276191
          ],
          [
            80.1504445,
            13.0291516
          ],
          [
            80.1513936,
            13.0302379
          ],
          [
            80.1521635,
            13.0313049
          ],
          [
            80.1527476,
            13.0318739
          ],
          [
            80.1532586,
            13.0323459
          ],
          [
            80.1535308,
            13.0328955
          ],
          [
            80.1531591,
            13.0336391
          ],
          [
            80.1525684,
            13.0354108
          ],
          [
            80.1521967,
            13.0357664
          ],
          [
            80.1518582,
            13.035844
          ]
        ]
      },
      "id": "way/837068307"
    },
    {
      "type": "Feature",
      "properties": {
        "@id": "way/837068308",
        "layer": "-1",
        "name": "Thanthi Channel",
        "note": "Sembarambakkam to Porur Eri surplus water canal",
        "tunnel": "yes",
        "waterway": "drain"
      },
      "geometry": {
        "type": "LineString",
        "coordinates": [
          [
            80.1404298,
            13.0240283
          ],
          [
            80.1409232,
            13.0239644
          ]
        ]
      },
      "id": "way/837068308"
    },
    {
      "type": "Feature",
      "properties": {
        "@id": "way/837068335",
        "layer": "-1",
        "name": "Chembarambakkam irrigation canal",
        "waterway": "canal"
      },
      "geometry": {
        "type": "LineString",
        "coordinates": [
          [
            80.1315639,
            13.0160459
          ],
          [
            80.1318475,
            13.0160582
          ],
          [
            80.1321164,
            13.0160908
          ],
          [
            80.1334888,
            13.0164914
          ],
          [
            80.1335285,
            13.0164984
          ],
          [
            80.1335925,
            13.0164914
          ],
          [
            80.1336322,
            13.0164538
          ],
          [
            80.1337554,
            13.0163158
          ],
          [
            80.133832,
            13.0162824
          ],
          [
            80.1339046,
            13.0162824
          ],
          [
            80.133979,
            13.0163092
          ],
          [
            80.1344736,
            13.0165142
          ],
          [
            80.1349779,
            13.0166736
          ],
          [
            80.1356002,
            13.0168409
          ],
          [
            80.1359256,
            13.0169411
          ],
          [
            80.136116,
            13.0169685
          ],
          [
            80.1362085,
            13.0169738
          ],
          [
            80.1362877,
            13.0169633
          ],
          [
            80.136488,
            13.0168382
          ],
          [
            80.1369859,
            13.0167257
          ],
          [
            80.1376045,
            13.0169796
          ],
          [
            80.1380845,
            13.0173613
          ],
          [
            80.1382019,
            13.0179881
          ],
          [
            80.1384165,
            13.0182834
          ],
          [
            80.138714,
            13.0181798
          ],
          [
            80.1389853,
            13.0181323
          ],
          [
            80.1392238,
            13.0179123
          ],
          [
            80.1396718,
            13.0176431
          ],
          [
            80.1398,
            13.0176091
          ],
          [
            80.1399106,
            13.0176048
          ],
          [
            80.1399929,
            13.0176143
          ],
          [
            80.1400526,
            13.0176327
          ],
          [
            80.1403155,
            13.017847
          ],
          [
            80.1408466,
            13.0179933
          ],
          [
            80.1411532,
            13.0178695
          ]
        ]
      },
      "id": "way/837068335"
    },
    {
      "type": "Feature",
      "properties": {
        "@id": "way/837068336",
        "layer": "-1",
        "name": "Chembarambakkam irrigation canal",
        "tunnel": "yes",
        "waterway": "canal"
      },
      "geometry": {
        "type": "LineString",
        "coordinates": [
          [
            80.1306209,
            13.0160478
          ],
          [
            80.1315639,
            13.0160459
          ]
        ]
      },
      "id": "way/837068336"
    },
    {
      "type": "Feature",
      "properties": {
        "@id": "way/840983561",
        "waterway": "ditch"
      },
      "geometry": {
        "type": "LineString",
        "coordinates": [
          [
            80.2454591,
            12.9376156
          ],
          [
            80.2454569,
            12.9375625
          ],
          [
            80.2454537,
            12.9374859
          ],
          [
            80.2454201,
            12.9373824
          ],
          [
            80.2454397,
            12.9371819
          ]
        ]
      },
      "id": "way/840983561"
    },
    {
      "type": "Feature",
      "properties": {
        "@id": "way/872137612",
        "waterway": "dam"
      },
      "geometry": {
        "type": "LineString",
        "coordinates": [
          [
            80.1861995,
            13.1868807
          ],
          [
            80.1879752,
            13.1863637
          ],
          [
            80.1881736,
            13.1862226
          ],
          [
            80.1886511,
            13.1862435
          ],
          [
            80.1889622,
            13.1864316
          ],
          [
            80.1892143,
            13.1864681
          ],
          [
            80.1894826,
            13.1863845
          ],
          [
            80.1897079,
            13.1862435
          ],
          [
            80.1900995,
            13.1858936
          ]
        ]
      },
      "id": "way/872137612"
    },
    {
      "type": "Feature",
      "properties": {
        "@id": "way/881880730",
        "waterway": "drain"
      },
      "geometry": {
        "type": "LineString",
        "coordinates": [
          [
            80.1973464,
            12.9958207
          ],
          [
            80.1970813,
            12.99577
          ],
          [
            80.1965736,
            12.9957376
          ],
          [
            80.1964001,
            12.9956747
          ],
          [
            80.1963844,
            12.9954532
          ],
          [
            80.1963847,
            12.9951928
          ],
          [
            80.196357,
            12.9950517
          ],
          [
            80.196303,
            12.9949489
          ],
          [
            80.1962903,
            12.9948704
          ]
        ]
      },
      "id": "way/881880730"
    },
    {
      "type": "Feature",
      "properties": {
        "@id": "way/881880731",
        "layer": "-1",
        "tunnel": "culvert",
        "waterway": "drain"
      },
      "geometry": {
        "type": "LineString",
        "coordinates": [
          [
            80.1960215,
            12.9937121
          ],
          [
            80.1960426,
            12.9936335
          ],
          [
            80.1960538,
            12.9935921
          ],
          [
            80.1960683,
            12.9935381
          ]
        ]
      },
      "id": "way/881880731"
    },
    {
      "type": "Feature",
      "properties": {
        "@id": "way/881880732",
        "waterway": "drain"
      },
      "geometry": {
        "type": "LineString",
        "coordinates": [
          [
            80.1960683,
            12.9935381
          ],
          [
            80.1960814,
            12.993391
          ],
          [
            80.1962323,
            12.9923145
          ],
          [
            80.1964188,
            12.9923405
          ]
        ]
      },
      "id": "way/881880732"
    },
    {
      "type": "Feature",
      "properties": {
        "@id": "way/881880733",
        "layer": "-1",
        "tunnel": "culvert",
        "waterway": "drain"
      },
      "geometry": {
        "type": "LineString",
        "coordinates": [
          [
            80.1964188,
            12.9923405
          ],
          [
            80.1965196,
            12.9923545
          ]
        ]
      },
      "id": "way/881880733"
    },
    {
      "type": "Feature",
      "properties": {
        "@id": "way/881880734",
        "waterway": "drain"
      },
      "geometry": {
        "type": "LineString",
        "coordinates": [
          [
            80.1965196,
            12.9923545
          ],
          [
            80.1968415,
            12.9923993
          ]
        ]
      },
      "id": "way/881880734"
    },
    {
      "type": "Feature",
      "properties": {
        "@id": "way/881880735",
        "layer": "-1",
        "tunnel": "culvert",
        "waterway": "drain"
      },
      "geometry": {
        "type": "LineString",
        "coordinates": [
          [
            80.1968415,
            12.9923993
          ],
          [
            80.1969426,
            12.9924134
          ]
        ]
      },
      "id": "way/881880735"
    },
    {
      "type": "Feature",
      "properties": {
        "@id": "way/881880736",
        "waterway": "drain"
      },
      "geometry": {
        "type": "LineString",
        "coordinates": [
          [
            80.1969426,
            12.9924134
          ],
          [
            80.1970002,
            12.9924214
          ],
          [
            80.1976828,
            12.9923906
          ],
          [
            80.1982956,
            12.9923179
          ]
        ]
      },
      "id": "way/881880736"
    },
    {
      "type": "Feature",
      "properties": {
        "@id": "way/881880737",
        "layer": "-1",
        "tunnel": "culvert",
        "waterway": "drain"
      },
      "geometry": {
        "type": "LineString",
        "coordinates": [
          [
            80.1982956,
            12.9923179
          ],
          [
            80.1983968,
            12.9923059
          ]
        ]
      },
      "id": "way/881880737"
    },
    {
      "type": "Feature",
      "properties": {
        "@id": "way/881880738",
        "layer": "-1",
        "tunnel": "culvert",
        "waterway": "drain"
      },
      "geometry": {
        "type": "LineString",
        "coordinates": [
          [
            80.1985239,
            12.9922908
          ],
          [
            80.1987409,
            12.9922361
          ]
        ]
      },
      "id": "way/881880738"
    },
    {
      "type": "Feature",
      "properties": {
        "@id": "way/881880739",
        "waterway": "drain"
      },
      "geometry": {
        "type": "LineString",
        "coordinates": [
          [
            80.1983968,
            12.9923059
          ],
          [
            80.1985239,
            12.9922908
          ]
        ]
      },
      "id": "way/881880739"
    },
    {
      "type": "Feature",
      "properties": {
        "@id": "way/881880740",
        "waterway": "drain"
      },
      "geometry": {
        "type": "LineString",
        "coordinates": [
          [
            80.1962742,
            12.994771
          ],
          [
            80.1962688,
            12.9947375
          ],
          [
            80.1963122,
            12.9938983
          ]
        ]
      },
      "id": "way/881880740"
    },
    {
      "type": "Feature",
      "properties": {
        "@id": "way/881880741",
        "layer": "-1",
        "tunnel": "culvert",
        "waterway": "drain"
      },
      "geometry": {
        "type": "LineString",
        "coordinates": [
          [
            80.1962903,
            12.9948704
          ],
          [
            80.1962742,
            12.994771
          ]
        ]
      },
      "id": "way/881880741"
    },
    {
      "type": "Feature",
      "properties": {
        "@id": "way/881880742",
        "waterway": "drain"
      },
      "geometry": {
        "type": "LineString",
        "coordinates": [
          [
            80.1963152,
            12.9938396
          ],
          [
            80.1960153,
            12.9937351
          ],
          [
            80.1960215,
            12.9937121
          ]
        ]
      },
      "id": "way/881880742"
    },
    {
      "type": "Feature",
      "properties": {
        "@id": "way/881880743",
        "layer": "-1",
        "tunnel": "culvert",
        "waterway": "drain"
      },
      "geometry": {
        "type": "LineString",
        "coordinates": [
          [
            80.1963122,
            12.9938983
          ],
          [
            80.1963152,
            12.9938396
          ]
        ]
      },
      "id": "way/881880743"
    },
    {
      "type": "Feature",
      "properties": {
        "@id": "way/896205012",
        "waterway": "canal"
      },
      "geometry": {
        "type": "LineString",
        "coordinates": [
          [
            80.1308603,
            12.8427733
          ],
          [
            80.1307028,
            12.842662
          ],
          [
            80.1306586,
            12.8426275
          ],
          [
            80.1306524,
            12.8425533
          ],
          [
            80.1306409,
            12.8423532
          ],
          [
            80.1306175,
            12.8420858
          ],
          [
            80.1305943,
            12.8418961
          ],
          [
            80.1305594,
            12.8416712
          ],
          [
            80.1305219,
            12.8414698
          ],
          [
            80.1304656,
            12.8412528
          ],
          [
            80.1304119,
            12.8410357
          ],
          [
            80.1303449,
            12.8408657
          ],
          [
            80.1302939,
            12.8407245
          ],
          [
            80.1302242,
            12.8404839
          ],
          [
            80.1301384,
            12.8402103
          ],
          [
            80.1300327,
            12.8399606
          ],
          [
            80.1299392,
            12.8397247
          ],
          [
            80.1298274,
            12.839475
          ],
          [
            80.129742,
            12.8393085
          ]
        ]
      },
      "id": "way/896205012"
    },
    {
      "type": "Feature",
      "properties": {
        "@id": "way/896205013",
        "waterway": "canal"
      },
      "geometry": {
        "type": "LineString",
        "coordinates": [
          [
            80.1296897,
            12.8392065
          ],
          [
            80.1296594,
            12.8391474
          ],
          [
            80.1295835,
            12.8389993
          ],
          [
            80.1295367,
            12.8389557
          ],
          [
            80.1293964,
            12.8387139
          ],
          [
            80.1292399,
            12.8384622
          ],
          [
            80.1291078,
            12.838272
          ],
          [
            80.1287582,
            12.8378419
          ],
          [
            80.1286098,
            12.8376635
          ],
          [
            80.1284634,
            12.837501
          ],
          [
            80.128313,
            12.8372969
          ],
          [
            80.1281951,
            12.8371819
          ]
        ]
      },
      "id": "way/896205013"
    },
    {
      "type": "Feature",
      "properties": {
        "@id": "way/896205014",
        "waterway": "canal"
      },
      "geometry": {
        "type": "LineString",
        "coordinates": [
          [
            80.128011,
            12.8370187
          ],
          [
            80.1280072,
            12.8370154
          ],
          [
            80.1279091,
            12.8369284
          ],
          [
            80.1279044,
            12.8369243
          ],
          [
            80.127876,
            12.8368608
          ],
          [
            80.1278536,
            12.8366904
          ],
          [
            80.1278312,
            12.8364882
          ],
          [
            80.1278028,
            12.8362266
          ],
          [
            80.1277642,
            12.8359947
          ],
          [
            80.1277438,
            12.8355409
          ],
          [
            80.1277455,
            12.8355141
          ],
          [
            80.1277801,
            12.8354593
          ],
          [
            80.1278179,
            12.8354067
          ],
          [
            80.127908,
            12.8353421
          ],
          [
            80.1279442,
            12.8352685
          ],
          [
            80.1279973,
            12.8351874
          ],
          [
            80.1280451,
            12.8351055
          ],
          [
            80.128022,
            12.8350357
          ],
          [
            80.1279989,
            12.8349689
          ],
          [
            80.1279994,
            12.8349144
          ],
          [
            80.1279757,
            12.834637
          ]
        ]
      },
      "id": "way/896205014"
    },
    {
      "type": "Feature",
      "properties": {
        "@id": "way/896205015",
        "layer": "-1",
        "tunnel": "culvert",
        "waterway": "canal"
      },
      "geometry": {
        "type": "LineString",
        "coordinates": [
          [
            80.1281951,
            12.8371819
          ],
          [
            80.128011,
            12.8370187
          ]
        ]
      },
      "id": "way/896205015"
    },
    {
      "type": "Feature",
      "properties": {
        "@id": "way/896205016",
        "layer": "-1",
        "tunnel": "culvert",
        "waterway": "canal"
      },
      "geometry": {
        "type": "LineString",
        "coordinates": [
          [
            80.129721,
            12.8392676
          ],
          [
            80.1296897,
            12.8392065
          ]
        ]
      },
      "id": "way/896205016"
    },
    {
      "type": "Feature",
      "properties": {
        "@id": "way/896205017",
        "waterway": "canal"
      },
      "geometry": {
        "type": "LineString",
        "coordinates": [
          [
            80.129742,
            12.8393085
          ],
          [
            80.129721,
            12.8392676
          ]
        ]
      },
      "id": "way/896205017"
    },
    {
      "type": "Feature",
      "properties": {
        "@id": "way/910151265",
        "name": "Kosasthalaiyar River",
        "source": "village people",
        "waterway": "river",
        "wikidata": "Q6433004",
        "wikipedia": "en:Kosasthalaiyar River"
      },
      "geometry": {
        "type": "LineString",
        "coordinates": [
          [
            80.2417509,
            13.2699921
          ],
          [
            80.243889,
            13.2677817
          ],
          [
            80.2517294,
            13.2642611
          ],
          [
            80.2538751,
            13.2617131
          ],
          [
            80.2550768,
            13.2592486
          ],
          [
            80.2550768,
            13.2540271
          ],
          [
            80.2548622,
            13.2507689
          ],
          [
            80.254948,
            13.2484296
          ]
        ]
      },
      "id": "way/910151265"
    },
    {
      "type": "Feature",
      "properties": {
        "@id": "way/910151267",
        "waterway": "weir"
      },
      "geometry": {
        "type": "LineString",
        "coordinates": [
          [
            80.2944639,
            13.2054643
          ],
          [
            80.2947863,
            13.2037087
          ]
        ]
      },
      "id": "way/910151267"
    },
    {
      "type": "Feature",
      "properties": {
        "@id": "way/910151269",
        "waterway": "weir"
      },
      "geometry": {
        "type": "LineString",
        "coordinates": [
          [
            80.1967403,
            13.2733871
          ],
          [
            80.193666,
            13.2748946
          ]
        ]
      },
      "id": "way/910151269"
    },
    {
      "type": "Feature",
      "properties": {
        "@id": "way/910151277",
        "name": "Kosasthalaiyar River",
        "source": "village people",
        "waterway": "river",
        "wikidata": "Q6433004",
        "wikipedia": "en:Kosasthalaiyar River"
      },
      "geometry": {
        "type": "LineString",
        "coordinates": [
          [
            80.1132837,
            13.2333286
          ],
          [
            80.114665,
            13.234003
          ],
          [
            80.115521,
            13.2353652
          ],
          [
            80.1160446,
            13.2374791
          ],
          [
            80.1164138,
            13.2399455
          ],
          [
            80.1164138,
            13.2417
          ],
          [
            80.116725,
            13.2430577
          ],
          [
            80.1171863,
            13.2447495
          ],
          [
            80.1179588,
            13.2461281
          ],
          [
            80.1197183,
            13.247162
          ],
          [
            80.1214993,
            13.247517
          ],
          [
            80.1226151,
            13.2474753
          ],
          [
            80.1241171,
            13.2468904
          ],
          [
            80.1254582,
            13.2462743
          ],
          [
            80.1267993,
            13.2459401
          ],
          [
            80.1280439,
            13.2461281
          ],
          [
            80.1286125,
            13.245136
          ],
          [
            80.128988,
            13.2442691
          ],
          [
            80.1298463,
            13.2440498
          ],
          [
            80.1310372,
            13.2442796
          ],
          [
            80.1323676,
            13.2455119
          ],
          [
            80.1328611,
            13.2465876
          ],
          [
            80.1329008,
            13.2469279
          ],
          [
            80.1329791,
            13.2476006
          ],
          [
            80.1325071,
            13.2486449
          ],
          [
            80.1318633,
            13.2497832
          ],
          [
            80.1317024,
            13.2510364
          ],
          [
            80.1324676,
            13.2529411
          ],
          [
            80.1310085,
            13.2574107
          ],
          [
            80.131266,
            13.2593322
          ],
          [
            80.1377891,
            13.2614207
          ],
          [
            80.1423811,
            13.2607942
          ],
          [
            80.1517366,
            13.2577866
          ],
          [
            80.1543134,
            13.2574975
          ],
          [
            80.1607059,
            13.2579955
          ],
          [
            80.1664566,
            13.2599587
          ],
          [
            80.1712309,
            13.2628827
          ],
          [
            80.1734625,
            13.2651696
          ],
          [
            80.174768,
            13.2666276
          ],
          [
            80.1761447,
            13.2678638
          ],
          [
            80.178902,
            13.2692318
          ],
          [
            80.1828502,
            13.2710278
          ],
          [
            80.188043,
            13.2719885
          ],
          [
            80.1933216,
            13.2719468
          ],
          [
            80.1957678,
            13.2731163
          ],
          [
            80.1976131,
            13.2763743
          ],
          [
            80.1995443,
            13.2790892
          ],
          [
            80.2048236,
            13.2819998
          ],
          [
            80.2105306,
            13.2795904
          ],
          [
            80.2143501,
            13.2772932
          ],
          [
            80.2179121,
            13.2762907
          ],
          [
            80.221989,
            13.2760401
          ],
          [
            80.2309583,
            13.2725315
          ],
          [
            80.2357765,
            13.2735952
          ],
          [
            80.2383413,
            13.2727225
          ],
          [
            80.2409649,
            13.2708046
          ],
          [
            80.2417509,
            13.2699921
          ]
        ]
      },
      "id": "way/910151277"
    },
    {
      "type": "Feature",
      "properties": {
        "@id": "way/911275609",
        "layer": "-1",
        "waterway": "drain"
      },
      "geometry": {
        "type": "LineString",
        "coordinates": [
          [
            80.2031826,
            13.1471516
          ],
          [
            80.2021945,
            13.1470987
          ],
          [
            80.2011634,
            13.147163
          ],
          [
            80.1999489,
            13.1475585
          ],
          [
            80.1993866,
            13.1477654
          ],
          [
            80.1983766,
            13.1480035
          ],
          [
            80.1977972,
            13.1478761
          ],
          [
            80.1976411,
            13.1442477
          ]
        ]
      },
      "id": "way/911275609"
    },
    {
      "type": "Feature",
      "properties": {
        "@id": "way/911275610",
        "waterway": "drain"
      },
      "geometry": {
        "type": "LineString",
        "coordinates": [
          [
            80.2033935,
            13.1465947
          ],
          [
            80.2031826,
            13.1471516
          ]
        ]
      },
      "id": "way/911275610"
    },
    {
      "type": "Feature",
      "properties": {
        "@id": "way/927624558",
        "layer": "-1",
        "tunnel": "culvert",
        "waterway": "drain"
      },
      "geometry": {
        "type": "LineString",
        "coordinates": [
          [
            80.1884315,
            12.9583513
          ],
          [
            80.1883747,
            12.9583605
          ]
        ]
      },
      "id": "way/927624558"
    },
    {
      "type": "Feature",
      "properties": {
        "@id": "way/964595199",
        "waterway": "stream"
      },
      "geometry": {
        "type": "LineString",
        "coordinates": [
          [
            80.1594333,
            12.9971768
          ],
          [
            80.1594273,
            12.9971915
          ],
          [
            80.1594301,
            12.9972443
          ],
          [
            80.1594856,
            12.9973123
          ],
          [
            80.1592738,
            12.997476
          ],
          [
            80.1592497,
            12.9976353
          ]
        ]
      },
      "id": "way/964595199"
    },
    {
      "type": "Feature",
      "properties": {
        "@id": "way/964595200",
        "layer": "-1",
        "tunnel": "culvert",
        "waterway": "stream"
      },
      "geometry": {
        "type": "LineString",
        "coordinates": [
          [
            80.1594571,
            12.9971189
          ],
          [
            80.1594333,
            12.9971768
          ]
        ]
      },
      "id": "way/964595200"
    },
    {
      "type": "Feature",
      "properties": {
        "@id": "way/1022416522",
        "waterway": "canal"
      },
      "geometry": {
        "type": "LineString",
        "coordinates": [
          [
            80.172922,
            12.9119675
          ],
          [
            80.1733102,
            12.9119156
          ],
          [
            80.1742207,
            12.9113096
          ],
          [
            80.1738807,
            12.9102769
          ],
          [
            80.1740344,
            12.9101635
          ],
          [
            80.1743765,
            12.9100503
          ],
          [
            80.1747888,
            12.9099138
          ],
          [
            80.1753523,
            12.9097254
          ],
          [
            80.1759834,
            12.9096369
          ],
          [
            80.1760881,
            12.9095075
          ],
          [
            80.1767844,
            12.9091852
          ],
          [
            80.1771872,
            12.9089583
          ],
          [
            80.1775062,
            12.9089106
          ],
          [
            80.1779347,
            12.9087948
          ],
          [
            80.1783561,
            12.9085588
          ],
          [
            80.1787453,
            12.9082759
          ],
          [
            80.1787683,
            12.9082592
          ],
          [
            80.1799186,
            12.9077826
          ],
          [
            80.1799116,
            12.9077372
          ],
          [
            80.1797393,
            12.9067158
          ],
          [
            80.1802166,
            12.9064866
          ],
          [
            80.1807825,
            12.9063754
          ],
          [
            80.1815905,
            12.9063118
          ],
          [
            80.182487,
            12.9061892
          ],
          [
            80.1833695,
            12.9059736
          ],
          [
            80.1841264,
            12.9057563
          ]
        ]
      },
      "id": "way/1022416522"
    },
    {
      "type": "Feature",
      "properties": {
        "@id": "way/1022416523",
        "waterway": "canal"
      },
      "geometry": {
        "type": "LineString",
        "coordinates": [
          [
            80.1843052,
            12.9057084
          ],
          [
            80.1844895,
            12.9056559
          ],
          [
            80.1851927,
            12.9054289
          ],
          [
            80.1867808,
            12.904984
          ]
        ]
      },
      "id": "way/1022416523"
    },
    {
      "type": "Feature",
      "properties": {
        "@id": "way/1022416524",
        "layer": "-1",
        "tunnel": "culvert",
        "waterway": "canal"
      },
      "geometry": {
        "type": "LineString",
        "coordinates": [
          [
            80.1841264,
            12.9057563
          ],
          [
            80.1843052,
            12.9057084
          ]
        ]
      },
      "id": "way/1022416524"
    },
    {
      "type": "Feature",
      "properties": {
        "@id": "way/1035168090",
        "waterway": "weir"
      },
      "geometry": {
        "type": "LineString",
        "coordinates": [
          [
            80.0919145,
            13.1019093
          ],
          [
            80.0924402,
            13.1026172
          ]
        ]
      },
      "id": "way/1035168090"
    },
    {
      "type": "Feature",
      "properties": {
        "@id": "way/1035168091",
        "waterway": "drain"
      },
      "geometry": {
        "type": "LineString",
        "coordinates": [
          [
            80.0777256,
            13.1181813
          ],
          [
            80.0779858,
            13.1181891
          ],
          [
            80.0780234,
            13.1182988
          ],
          [
            80.0792786,
            13.1183093
          ],
          [
            80.0802147,
            13.1182832
          ],
          [
            80.0813842,
            13.1182518
          ],
          [
            80.0825858,
            13.118163
          ],
          [
            80.0834441,
            13.1179958
          ],
          [
            80.0890445,
            13.1138162
          ],
          [
            80.0904071,
            13.1135968
          ],
          [
            80.0922203,
            13.1136255
          ],
          [
            80.0930679,
            13.1135994
          ],
          [
            80.0938806,
            13.1136099
          ],
          [
            80.094755,
            13.1136464
          ],
          [
            80.0958413,
            13.1136334
          ],
          [
            80.0959163,
            13.1136486
          ]
        ]
      },
      "id": "way/1035168091"
    },
    {
      "type": "Feature",
      "properties": {
        "@id": "way/1040499032",
        "waterway": "drain"
      },
      "geometry": {
        "type": "LineString",
        "coordinates": [
          [
            80.1018414,
            13.1164677
          ],
          [
            80.1018146,
            13.1167001
          ],
          [
            80.1016805,
            13.1170476
          ],
          [
            80.1016188,
            13.1174995
          ]
        ]
      },
      "id": "way/1040499032"
    },
    {
      "type": "Feature",
      "properties": {
        "@id": "way/1040499033",
        "layer": "-1",
        "tunnel": "culvert",
        "waterway": "drain"
      },
      "geometry": {
        "type": "LineString",
        "coordinates": [
          [
            80.1018133,
            13.1162842
          ],
          [
            80.1018414,
            13.1164677
          ]
        ]
      },
      "id": "way/1040499033"
    },
    {
      "type": "Feature",
      "properties": {
        "@id": "way/1040499034",
        "layer": "-1",
        "waterway": "drain"
      },
      "geometry": {
        "type": "LineString",
        "coordinates": [
          [
            80.1820425,
            13.0221404
          ],
          [
            80.1822636,
            13.0220287
          ]
        ]
      },
      "id": "way/1040499034"
    },
    {
      "type": "Feature",
      "properties": {
        "@id": "way/1040499042",
        "waterway": "drain"
      },
      "geometry": {
        "type": "LineString",
        "coordinates": [
          [
            80.0960344,
            13.1136726
          ],
          [
            80.0963455,
            13.113777
          ],
          [
            80.0966111,
            13.1138162
          ],
          [
            80.09689,
            13.1137927
          ],
          [
            80.0973165,
            13.1137797
          ],
          [
            80.0979656,
            13.1136334
          ],
          [
            80.0983652,
            13.1134975
          ],
          [
            80.0985181,
            13.1134923
          ],
          [
            80.0990975,
            13.1133382
          ],
          [
            80.0991967,
            13.1134949
          ],
          [
            80.0996876,
            13.1133539
          ],
          [
            80.0999719,
            13.1133173
          ],
          [
            80.1004627,
            13.1132677
          ],
          [
            80.1013199,
            13.1148551
          ],
          [
            80.1015919,
            13.1153575
          ],
          [
            80.1017395,
            13.1158015
          ],
          [
            80.1018133,
            13.1162842
          ]
        ]
      },
      "id": "way/1040499042"
    },
    {
      "type": "Feature",
      "properties": {
        "@id": "way/1040499043",
        "layer": "-1",
        "tunnel": "culvert",
        "waterway": "drain"
      },
      "geometry": {
        "type": "LineString",
        "coordinates": [
          [
            80.0959163,
            13.1136486
          ],
          [
            80.0959753,
            13.1136606
          ],
          [
            80.0960344,
            13.1136726
          ]
        ]
      },
      "id": "way/1040499043"
    },
    {
      "type": "Feature",
      "properties": {
        "@id": "way/1061234667",
        "waterway": "drain"
      },
      "geometry": {
        "type": "LineString",
        "coordinates": [
          [
            80.1533048,
            12.9857871
          ],
          [
            80.1542427,
            12.9861738
          ],
          [
            80.1577349,
            12.9873376
          ]
        ]
      },
      "id": "way/1061234667"
    },
    {
      "type": "Feature",
      "properties": {
        "@id": "way/1061234668",
        "layer": "-1",
        "tunnel": "culvert",
        "waterway": "drain"
      },
      "geometry": {
        "type": "LineString",
        "coordinates": [
          [
            80.1577349,
            12.9873376
          ],
          [
            80.1586106,
            12.987659
          ]
        ]
      },
      "id": "way/1061234668"
    },
    {
      "type": "Feature",
      "properties": {
        "@id": "way/1061234669",
        "layer": "-1",
        "tunnel": "culvert",
        "waterway": "drain"
      },
      "geometry": {
        "type": "LineString",
        "coordinates": [
          [
            80.1638379,
            12.9896301
          ],
          [
            80.1639005,
            12.990642
          ]
        ]
      },
      "id": "way/1061234669"
    },
    {
      "type": "Feature",
      "properties": {
        "@id": "way/1061234670",
        "waterway": "drain"
      },
      "geometry": {
        "type": "LineString",
        "coordinates": [
          [
            80.1639005,
            12.990642
          ],
          [
            80.1639573,
            12.9916096
          ]
        ]
      },
      "id": "way/1061234670"
    },
    {
      "type": "Feature",
      "properties": {
        "@id": "way/1061234673",
        "layer": "-1",
        "waterway": "drain"
      },
      "geometry": {
        "type": "LineString",
        "coordinates": [
          [
            80.171166,
            12.9983094
          ],
          [
            80.1714354,
            12.9981697
          ],
          [
            80.1717582,
            12.9979765
          ],
          [
            80.1718128,
            12.9978448
          ],
          [
            80.1715576,
            12.9973704
          ]
        ]
      },
      "id": "way/1061234673"
    },
    {
      "type": "Feature",
      "properties": {
        "@id": "way/1061234674",
        "layer": "-1",
        "tunnel": "culvert",
        "waterway": "drain"
      },
      "geometry": {
        "type": "LineString",
        "coordinates": [
          [
            80.1707184,
            12.9985414
          ],
          [
            80.171166,
            12.9983094
          ]
        ]
      },
      "id": "way/1061234674"
    },
    {
      "type": "Feature",
      "properties": {
        "@id": "way/1061234675",
        "layer": "-1",
        "waterway": "drain"
      },
      "geometry": {
        "type": "LineString",
        "coordinates": [
          [
            80.1681461,
            12.9998749
          ],
          [
            80.1707184,
            12.9985414
          ]
        ]
      },
      "id": "way/1061234675"
    },
    {
      "type": "Feature",
      "properties": {
        "@id": "way/1061234676",
        "layer": "-1",
        "tunnel": "culvert",
        "waterway": "drain"
      },
      "geometry": {
        "type": "LineString",
        "coordinates": [
          [
            80.1676919,
            13.0001231
          ],
          [
            80.1681461,
            12.9998749
          ]
        ]
      },
      "id": "way/1061234676"
    },
    {
      "type": "Feature",
      "properties": {
        "@id": "way/1061234677",
        "layer": "-1",
        "waterway": "drain"
      },
      "geometry": {
        "type": "LineString",
        "coordinates": [
          [
            80.1632967,
            13.0016796
          ],
          [
            80.164719,
            13.0009385
          ]
        ]
      },
      "id": "way/1061234677"
    },
    {
      "type": "Feature",
      "properties": {
        "@id": "way/1061234678",
        "layer": "-1",
        "tunnel": "culvert",
        "waterway": "drain"
      },
      "geometry": {
        "type": "LineString",
        "coordinates": [
          [
            80.164719,
            13.0009385
          ],
          [
            80.1654686,
            13.0005635
          ]
        ]
      },
      "id": "way/1061234678"
    },
    {
      "type": "Feature",
      "properties": {
        "@id": "way/1061256246",
        "waterway": "drain"
      },
      "geometry": {
        "type": "LineString",
        "coordinates": [
          [
            80.1639996,
            12.9923572
          ],
          [
            80.1640257,
            12.9930532
          ],
          [
            80.164058,
            12.993253
          ]
        ]
      },
      "id": "way/1061256246"
    },
    {
      "type": "Feature",
      "properties": {
        "@id": "way/1061256247",
        "layer": "-1",
        "tunnel": "culvert",
        "waterway": "drain"
      },
      "geometry": {
        "type": "LineString",
        "coordinates": [
          [
            80.1639694,
            12.9939052
          ],
          [
            80.1638175,
            12.9939127
          ]
        ]
      },
      "id": "way/1061256247"
    },
    {
      "type": "Feature",
      "properties": {
        "@id": "way/1061256248",
        "waterway": "drain"
      },
      "geometry": {
        "type": "LineString",
        "coordinates": [
          [
            80.1640934,
            12.9934078
          ],
          [
            80.1641165,
            12.9935936
          ],
          [
            80.1639694,
            12.9939052
          ]
        ]
      },
      "id": "way/1061256248"
    },
    {
      "type": "Feature",
      "properties": {
        "@id": "way/1061256249",
        "layer": "-1",
        "tunnel": "culvert",
        "waterway": "drain"
      },
      "geometry": {
        "type": "LineString",
        "coordinates": [
          [
            80.164058,
            12.993253
          ],
          [
            80.1640934,
            12.9934078
          ]
        ]
      },
      "id": "way/1061256249"
    },
    {
      "type": "Feature",
      "properties": {
        "@id": "way/1065750655",
        "waterway": "drain"
      },
      "geometry": {
        "type": "LineString",
        "coordinates": [
          [
            80.1542933,
            12.9832464
          ],
          [
            80.1542832,
            12.9832732
          ]
        ]
      },
      "id": "way/1065750655"
    },
    {
      "type": "Feature",
      "properties": {
        "@id": "way/1065750656",
        "waterway": "drain"
      },
      "geometry": {
        "type": "LineString",
        "coordinates": [
          [
            80.1533388,
            12.9857156
          ],
          [
            80.1533048,
            12.9857871
          ]
        ]
      },
      "id": "way/1065750656"
    },
    {
      "type": "Feature",
      "properties": {
        "@id": "way/1065750658",
        "waterway": "drain"
      },
      "geometry": {
        "type": "LineString",
        "coordinates": [
          [
            80.1568383,
            12.9828621
          ],
          [
            80.1569285,
            12.9826849
          ],
          [
            80.1575428,
            12.9817076
          ],
          [
            80.1582987,
            12.9808724
          ],
          [
            80.1586179,
            12.981024
          ]
        ]
      },
      "id": "way/1065750658"
    },
    {
      "type": "Feature",
      "properties": {
        "@id": "way/1065750659",
        "layer": "-1",
        "tunnel": "culvert",
        "waterway": "drain"
      },
      "geometry": {
        "type": "LineString",
        "coordinates": [
          [
            80.1515654,
            12.9821215
          ],
          [
            80.1516818,
            12.9821667
          ]
        ]
      },
      "id": "way/1065750659"
    },
    {
      "type": "Feature",
      "properties": {
        "@id": "way/1065750660",
        "waterway": "drain"
      },
      "geometry": {
        "type": "LineString",
        "coordinates": [
          [
            80.1505278,
            12.982399
          ],
          [
            80.1505614,
            12.982411
          ],
          [
            80.1505955,
            12.9824134
          ],
          [
            80.1506225,
            12.9824081
          ],
          [
            80.1506633,
            12.9823923
          ],
          [
            80.1513483,
            12.9820995
          ],
          [
            80.1514039,
            12.9820875
          ],
          [
            80.1514471,
            12.9820858
          ],
          [
            80.1514972,
            12.982097
          ],
          [
            80.1515654,
            12.9821215
          ]
        ]
      },
      "id": "way/1065750660"
    },
    {
      "type": "Feature",
      "properties": {
        "@id": "way/1065750661",
        "layer": "-1",
        "tunnel": "culvert",
        "waterway": "drain"
      },
      "geometry": {
        "type": "LineString",
        "coordinates": [
          [
            80.1504178,
            12.9823389
          ],
          [
            80.1505278,
            12.982399
          ]
        ]
      },
      "id": "way/1065750661"
    },
    {
      "type": "Feature",
      "properties": {
        "@id": "way/1065750670",
        "waterway": "drain"
      },
      "geometry": {
        "type": "LineString",
        "coordinates": [
          [
            80.1516818,
            12.9821667
          ],
          [
            80.1532146,
            12.982763
          ],
          [
            80.1532259,
            12.9827674
          ],
          [
            80.1541792,
            12.9831331
          ],
          [
            80.1542382,
            12.9831585
          ],
          [
            80.1542737,
            12.9831865
          ],
          [
            80.1542884,
            12.9832075
          ],
          [
            80.1542947,
            12.9832284
          ],
          [
            80.1542933,
            12.9832464
          ],
          [
            80.1543379,
            12.9832616
          ],
          [
            80.1543842,
            12.9832143
          ],
          [
            80.1544083,
            12.9832006
          ],
          [
            80.1544323,
            12.983199
          ],
          [
            80.1544624,
            12.9832057
          ],
          [
            80.1545231,
            12.9832263
          ]
        ]
      },
      "id": "way/1065750670"
    },
    {
      "type": "Feature",
      "properties": {
        "@id": "way/1065750671",
        "waterway": "drain"
      },
      "geometry": {
        "type": "LineString",
        "coordinates": [
          [
            80.1532408,
            12.9826841
          ],
          [
            80.1532146,
            12.982763
          ]
        ]
      },
      "id": "way/1065750671"
    },
    {
      "type": "Feature",
      "properties": {
        "@id": "way/1065750672",
        "waterway": "drain"
      },
      "geometry": {
        "type": "LineString",
        "coordinates": [
          [
            80.1532671,
            12.9826052
          ],
          [
            80.1532593,
            12.9826287
          ]
        ]
      },
      "id": "way/1065750672"
    },
    {
      "type": "Feature",
      "properties": {
        "@id": "way/1065750673",
        "layer": "-1",
        "tunnel": "culvert",
        "waterway": "drain"
      },
      "geometry": {
        "type": "LineString",
        "coordinates": [
          [
            80.1532593,
            12.9826287
          ],
          [
            80.1532408,
            12.9826841
          ]
        ]
      },
      "id": "way/1065750673"
    },
    {
      "type": "Feature",
      "properties": {
        "@id": "way/1065750680",
        "layer": "-1",
        "tunnel": "culvert",
        "waterway": "drain"
      },
      "geometry": {
        "type": "LineString",
        "coordinates": [
          [
            80.1545231,
            12.9832263
          ],
          [
            80.1549535,
            12.9833758
          ],
          [
            80.1550628,
            12.983408
          ],
          [
            80.1551591,
            12.9834292
          ],
          [
            80.1552745,
            12.9834478
          ],
          [
            80.1553784,
            12.9834419
          ],
          [
            80.1554757,
            12.9834244
          ],
          [
            80.1555908,
            12.9833961
          ],
          [
            80.1564977,
            12.9831195
          ],
          [
            80.1566148,
            12.9830801
          ],
          [
            80.1567,
            12.9830355
          ],
          [
            80.1567561,
            12.9829825
          ],
          [
            80.1567978,
            12.9829298
          ],
          [
            80.1568383,
            12.9828621
          ]
        ]
      },
      "id": "way/1065750680"
    },
    {
      "type": "Feature",
      "properties": {
        "@id": "way/1065781836",
        "name": "Surplus water drain",
        "name:ta": "செம்பரம்பாக்கம் மழைநீர் வடிகால்",
        "waterway": "drain"
      },
      "geometry": {
        "type": "LineString",
        "coordinates": [
          [
            80.1673015,
            13.0061823
          ],
          [
            80.1671892,
            13.0058997
          ]
        ]
      },
      "id": "way/1065781836"
    },
    {
      "type": "Feature",
      "properties": {
        "@id": "way/1065781837",
        "layer": "-1",
        "name": "Surplus water drain",
        "name:ta": "செம்பரம்பாக்கம் மழைநீர் வடிகால்",
        "tunnel": "culvert",
        "waterway": "drain"
      },
      "geometry": {
        "type": "LineString",
        "coordinates": [
          [
            80.1673522,
            13.0062949
          ],
          [
            80.1673015,
            13.0061823
          ]
        ]
      },
      "id": "way/1065781837"
    },
    {
      "type": "Feature",
      "properties": {
        "@id": "way/1075752744",
        "waterway": "canal"
      },
      "geometry": {
        "type": "LineString",
        "coordinates": [
          [
            80.0525284,
            13.1123668
          ],
          [
            80.0526189,
            13.1123732
          ],
          [
            80.0530413,
            13.1124448
          ],
          [
            80.0532854,
            13.1126015
          ],
          [
            80.0534517,
            13.1125702
          ],
          [
            80.0540283,
            13.1124369
          ],
          [
            80.0545433,
            13.1123612
          ],
          [
            80.0547633,
            13.1123978
          ],
          [
            80.0556886,
            13.1123089
          ],
          [
            80.0562707,
            13.1122332
          ],
          [
            80.0564101,
            13.1122149
          ],
          [
            80.056901,
            13.1122045
          ],
          [
            80.057255,
            13.1121496
          ],
          [
            80.0574589,
            13.1120085
          ],
          [
            80.0575608,
            13.1119406
          ]
        ]
      },
      "id": "way/1075752744"
    },
    {
      "type": "Feature",
      "properties": {
        "@id": "way/1075752745",
        "layer": "-1",
        "tunnel": "culvert",
        "waterway": "canal"
      },
      "geometry": {
        "type": "LineString",
        "coordinates": [
          [
            80.0518681,
            13.112323
          ],
          [
            80.0520904,
            13.1123358
          ]
        ]
      },
      "id": "way/1075752745"
    },
    {
      "type": "Feature",
      "properties": {
        "@id": "way/1075752746",
        "layer": "-1",
        "tunnel": "culvert",
        "waterway": "canal"
      },
      "geometry": {
        "type": "LineString",
        "coordinates": [
          [
            80.0523006,
            13.1123506
          ],
          [
            80.0525284,
            13.1123668
          ]
        ]
      },
      "id": "way/1075752746"
    },
    {
      "type": "Feature",
      "properties": {
        "@id": "way/1075752747",
        "waterway": "canal"
      },
      "geometry": {
        "type": "LineString",
        "coordinates": [
          [
            80.0520904,
            13.1123358
          ],
          [
            80.0523006,
            13.1123506
          ]
        ]
      },
      "id": "way/1075752747"
    },
    {
      "type": "Feature",
      "properties": {
        "@id": "way/1080301439",
        "waterway": "drain"
      },
      "geometry": {
        "type": "LineString",
        "coordinates": [
          [
            80.1473196,
            12.9802561
          ],
          [
            80.1480424,
            12.9819637
          ]
        ]
      },
      "id": "way/1080301439"
    },
    {
      "type": "Feature",
      "properties": {
        "@id": "way/1080301440",
        "waterway": "drain"
      },
      "geometry": {
        "type": "LineString",
        "coordinates": [
          [
            80.1487514,
            12.9778648
          ],
          [
            80.1486721,
            12.9781112
          ],
          [
            80.1481385,
            12.9798374
          ],
          [
            80.1472458,
            12.9800277
          ],
          [
            80.147256,
            12.9801272
          ]
        ]
      },
      "id": "way/1080301440"
    },
    {
      "type": "Feature",
      "properties": {
        "@id": "way/1080320415",
        "intermittent": "yes",
        "layer": "-1",
        "name": "Veerangal Canal",
        "tunnel": "culvert",
        "waterway": "drain"
      },
      "geometry": {
        "type": "LineString",
        "coordinates": [
          [
            80.2016908,
            12.9791028
          ],
          [
            80.201959,
            12.9793259
          ]
        ]
      },
      "id": "way/1080320415"
    },
    {
      "type": "Feature",
      "properties": {
        "@id": "way/1080320416",
        "intermittent": "yes",
        "name": "Veerangal Canal",
        "waterway": "drain"
      },
      "geometry": {
        "type": "LineString",
        "coordinates": [
          [
            80.201959,
            12.9793259
          ],
          [
            80.2030304,
            12.9788901
          ],
          [
            80.203646,
            12.9788361
          ],
          [
            80.2041342,
            12.9787591
          ]
        ]
      },
      "id": "way/1080320416"
    },
    {
      "type": "Feature",
      "properties": {
        "@id": "way/1080320417",
        "intermittent": "yes",
        "name": "Veerangal Canal",
        "waterway": "drain"
      },
      "geometry": {
        "type": "LineString",
        "coordinates": [
          [
            80.2042784,
            12.9787455
          ],
          [
            80.205514,
            12.9785773
          ],
          [
            80.2056716,
            12.9785453
          ],
          [
            80.2055987,
            12.9782988
          ],
          [
            80.2055329,
            12.9780696
          ],
          [
            80.2054719,
            12.9778301
          ],
          [
            80.2053982,
            12.9776197
          ],
          [
            80.2054631,
            12.977527
          ],
          [
            80.205819,
            12.9772354
          ],
          [
            80.2063419,
            12.9768825
          ],
          [
            80.2070726,
            12.9763116
          ],
          [
            80.2081498,
            12.9754676
          ],
          [
            80.2085466,
            12.9752067
          ],
          [
            80.2095072,
            12.9744302
          ],
          [
            80.2097561,
            12.9742798
          ],
          [
            80.2099765,
            12.9740619
          ],
          [
            80.2105277,
            12.9736015
          ],
          [
            80.2110758,
            12.9732117
          ],
          [
            80.2114317,
            12.9728864
          ],
          [
            80.2117949,
            12.9726104
          ],
          [
            80.2125609,
            12.9719775
          ],
          [
            80.2130773,
            12.971556
          ],
          [
            80.2135766,
            12.9710939
          ],
          [
            80.2141781,
            12.9705691
          ],
          [
            80.2150005,
            12.9698734
          ],
          [
            80.2156774,
            12.969323
          ],
          [
            80.2165321,
            12.9687421
          ],
          [
            80.2175719,
            12.968316
          ],
          [
            80.2172481,
            12.9676762
          ],
          [
            80.2169979,
            12.9669812
          ],
          [
            80.2159232,
            12.9641369
          ]
        ]
      },
      "id": "way/1080320417"
    },
    {
      "type": "Feature",
      "properties": {
        "@id": "way/1080320418",
        "intermittent": "yes",
        "layer": "-1",
        "level": "-1",
        "name": "Veerangal Canal",
        "tunnel": "culvert",
        "waterway": "drain"
      },
      "geometry": {
        "type": "LineString",
        "coordinates": [
          [
            80.2041342,
            12.9787591
          ],
          [
            80.2042784,
            12.9787455
          ]
        ]
      },
      "id": "way/1080320418"
    },
    {
      "type": "Feature",
      "properties": {
        "@id": "way/1080322573",
        "waterway": "drain"
      },
      "geometry": {
        "type": "LineString",
        "coordinates": [
          [
            80.1958069,
            12.9839759
          ],
          [
            80.1957975,
            12.9833685
          ],
          [
            80.1953755,
            12.9822644
          ],
          [
            80.1953309,
            12.9821503
          ],
          [
            80.195291,
            12.9820951
          ],
          [
            80.195216,
            12.9819632
          ],
          [
            80.1951604,
            12.9818269
          ],
          [
            80.1951616,
            12.9817283
          ],
          [
            80.1951979,
            12.9816308
          ],
          [
            80.1952198,
            12.981572
          ],
          [
            80.1952602,
            12.9814637
          ],
          [
            80.1951764,
            12.9812618
          ],
          [
            80.1952112,
            12.9812018
          ]
        ]
      },
      "id": "way/1080322573"
    },
    {
      "type": "Feature",
      "properties": {
        "@id": "way/1080322574",
        "waterway": "drain"
      },
      "geometry": {
        "type": "LineString",
        "coordinates": [
          [
            80.1963491,
            12.984303
          ],
          [
            80.1958069,
            12.9839759
          ]
        ]
      },
      "id": "way/1080322574"
    },
    {
      "type": "Feature",
      "properties": {
        "@id": "way/1080352339",
        "layer": "-1",
        "name": "Buckingham Canal",
        "name:en": "Buckingham Canal",
        "name:ml": "ബക്കിംഗ്ഹാം കനാൽ",
        "name:ta": "பக்கிங்ஹாம் கால்வாய்",
        "name:te": "బకింగ్‌హాం కాలువ",
        "tunnel": "culvert",
        "waterway": "canal"
      },
      "geometry": {
        "type": "LineString",
        "coordinates": [
          [
            80.2747304,
            13.083152
          ],
          [
            80.2749326,
            13.081869
          ]
        ]
      },
      "id": "way/1080352339"
    },
    {
      "type": "Feature",
      "properties": {
        "@id": "way/1080352340",
        "name": "Buckingham Canal",
        "name:en": "Buckingham Canal",
        "name:ml": "ബക്കിംഗ്ഹാം കനാൽ",
        "name:ta": "பக்கிங்ஹாம் கால்வாய்",
        "name:te": "బకింగ్‌హాం కాలువ",
        "waterway": "canal"
      },
      "geometry": {
        "type": "LineString",
        "coordinates": [
          [
            80.2749326,
            13.081869
          ],
          [
            80.2749437,
            13.081804
          ],
          [
            80.2749924,
            13.081487
          ],
          [
            80.2751416,
            13.0801397
          ],
          [
            80.2751147,
            13.079257
          ]
        ]
      },
      "id": "way/1080352340"
    },
    {
      "type": "Feature",
      "properties": {
        "@id": "way/1081264275",
        "layer": "-1",
        "tunnel": "culvert",
        "waterway": "drain"
      },
      "geometry": {
        "type": "LineString",
        "coordinates": [
          [
            80.2382655,
            13.1311647
          ],
          [
            80.2385342,
            13.131275
          ]
        ]
      },
      "id": "way/1081264275"
    },
    {
      "type": "Feature",
      "properties": {
        "@id": "way/1089517851",
        "layer": "-1",
        "tunnel": "covered",
        "waterway": "drain"
      },
      "geometry": {
        "type": "LineString",
        "coordinates": [
          [
            80.2016295,
            13.1266731
          ],
          [
            80.2021668,
            13.1267389
          ],
          [
            80.2028184,
            13.1268263
          ]
        ]
      },
      "id": "way/1089517851"
    },
    {
      "type": "Feature",
      "properties": {
        "@id": "way/1089517854",
        "layer": "-1",
        "tunnel": "covered",
        "waterway": "drain"
      },
      "geometry": {
        "type": "LineString",
        "coordinates": [
          [
            80.2028184,
            13.1268263
          ],
          [
            80.203094,
            13.1268371
          ],
          [
            80.2031194,
            13.1268381
          ]
        ]
      },
      "id": "way/1089517854"
    },
    {
      "type": "Feature",
      "properties": {
        "@id": "way/1089517858",
        "layer": "-1",
        "tunnel": "covered",
        "waterway": "drain"
      },
      "geometry": {
        "type": "LineString",
        "coordinates": [
          [
            80.2016139,
            13.1288315
          ],
          [
            80.2003603,
            13.1291368
          ],
          [
            80.20042,
            13.1293371
          ],
          [
            80.2004713,
            13.1295092
          ],
          [
            80.2006232,
            13.1300192
          ],
          [
            80.2007594,
            13.1306925
          ]
        ]
      },
      "id": "way/1089517858"
    },
    {
      "type": "Feature",
      "properties": {
        "@id": "way/1089517860",
        "layer": "-1",
        "tunnel": "covered",
        "waterway": "drain"
      },
      "geometry": {
        "type": "LineString",
        "coordinates": [
          [
            80.198999,
            13.1297872
          ],
          [
            80.1990171,
            13.1299695
          ],
          [
            80.1994323,
            13.1316859
          ],
          [
            80.1994525,
            13.1317619
          ],
          [
            80.2005263,
            13.135806
          ]
        ]
      },
      "id": "way/1089517860"
    },
    {
      "type": "Feature",
      "properties": {
        "@id": "way/1089517861",
        "layer": "-1",
        "tunnel": "culvert",
        "waterway": "drain"
      },
      "geometry": {
        "type": "LineString",
        "coordinates": [
          [
            80.2005263,
            13.135806
          ],
          [
            80.2030705,
            13.1399122
          ]
        ]
      },
      "id": "way/1089517861"
    },
    {
      "type": "Feature",
      "properties": {
        "@id": "way/1089517862",
        "layer": "-1",
        "tunnel": "culvert",
        "waterway": "drain"
      },
      "geometry": {
        "type": "LineString",
        "coordinates": [
          [
            80.1991862,
            13.1442626
          ],
          [
            80.1990274,
            13.1431385
          ],
          [
            80.1988815,
            13.1426161
          ],
          [
            80.1987868,
            13.1418915
          ],
          [
            80.1986969,
            13.1412035
          ],
          [
            80.198654,
            13.1409904
          ],
          [
            80.1992354,
            13.1409319
          ],
          [
            80.2018439,
            13.1403677
          ],
          [
            80.2030705,
            13.1399122
          ]
        ]
      },
      "id": "way/1089517862"
    },
    {
      "type": "Feature",
      "properties": {
        "@id": "way/1089712381",
        "layer": "-1",
        "tunnel": "culvert",
        "waterway": "drain"
      },
      "geometry": {
        "type": "LineString",
        "coordinates": [
          [
            80.2017131,
            13.129605
          ],
          [
            80.2016611,
            13.1292044
          ],
          [
            80.2016139,
            13.1288315
          ]
        ]
      },
      "id": "way/1089712381"
    },
    {
      "type": "Feature",
      "properties": {
        "@id": "way/1089712388",
        "layer": "-1",
        "tunnel": "covered",
        "waterway": "drain"
      },
      "geometry": {
        "type": "LineString",
        "coordinates": [
          [
            80.2004713,
            13.1295092
          ],
          [
            80.2008661,
            13.129408
          ],
          [
            80.2016611,
            13.1292044
          ]
        ]
      },
      "id": "way/1089712388"
    },
    {
      "type": "Feature",
      "properties": {
        "@id": "way/1089712389",
        "layer": "-1",
        "tunnel": "covered",
        "waterway": "drain"
      },
      "geometry": {
        "type": "LineString",
        "coordinates": [
          [
            80.2008661,
            13.129408
          ],
          [
            80.2010563,
            13.1301829
          ],
          [
            80.202243,
            13.1299975
          ],
          [
            80.202291,
            13.12999
          ]
        ]
      },
      "id": "way/1089712389"
    },
    {
      "type": "Feature",
      "properties": {
        "@id": "way/1096754048",
        "layer": "-1",
        "tunnel": "covered",
        "waterway": "drain"
      },
      "geometry": {
        "type": "LineString",
        "coordinates": [
          [
            80.2002577,
            13.1289523
          ],
          [
            80.2003113,
            13.1291075
          ],
          [
            80.2003076,
            13.1291316
          ],
          [
            80.2003734,
            13.1293487
          ]
        ]
      },
      "id": "way/1096754048"
    },
    {
      "type": "Feature",
      "properties": {
        "@id": "way/1105956376",
        "layer": "-1",
        "name": "drain path",
        "tunnel": "culvert",
        "waterway": "canal"
      },
      "geometry": {
        "type": "LineString",
        "coordinates": [
          [
            80.2189656,
            12.9715302
          ],
          [
            80.2185218,
            12.9705957
          ],
          [
            80.2179664,
            12.9692704
          ],
          [
            80.2175719,
            12.968316
          ]
        ]
      },
      "id": "way/1105956376"
    },
    {
      "type": "Feature",
      "properties": {
        "@id": "way/1118561504",
        "layer": "-1",
        "waterway": "drain"
      },
      "geometry": {
        "type": "LineString",
        "coordinates": [
          [
            80.1848882,
            12.949446
          ],
          [
            80.1848906,
            12.9495403
          ],
          [
            80.1849155,
            12.9497756
          ],
          [
            80.185019,
            12.9498893
          ],
          [
            80.1850343,
            12.9501271
          ],
          [
            80.1851029,
            12.9502292
          ],
          [
            80.1854066,
            12.9503766
          ],
          [
            80.1857836,
            12.9504585
          ],
          [
            80.1863995,
            12.9506034
          ],
          [
            80.186702,
            12.9506468
          ],
          [
            80.1869589,
            12.9506263
          ],
          [
            80.1872064,
            12.950558
          ],
          [
            80.1873955,
            12.9503919
          ],
          [
            80.1874796,
            12.950401
          ],
          [
            80.1876687,
            12.950376
          ],
          [
            80.1879392,
            12.9505413
          ],
          [
            80.1881264,
            12.9506877
          ],
          [
            80.1883739,
            12.9507742
          ],
          [
            80.1886004,
            12.9507765
          ],
          [
            80.1888829,
            12.9506946
          ],
          [
            80.1891771,
            12.9507037
          ],
          [
            80.1895718,
            12.9506559
          ],
          [
            80.1903496,
            12.9506344
          ]
        ]
      },
      "id": "way/1118561504"
    },
    {
      "type": "Feature",
      "properties": {
        "@id": "way/1123838335",
        "waterway": "drain"
      },
      "geometry": {
        "type": "LineString",
        "coordinates": [
          [
            80.1789994,
            13.021774
          ],
          [
            80.1795677,
            13.021787
          ],
          [
            80.1801256,
            13.0215613
          ],
          [
            80.1802322,
            13.0213216
          ],
          [
            80.1801109,
            13.0206872
          ],
          [
            80.1801804,
            13.0205562
          ],
          [
            80.1804813,
            13.0203681
          ],
          [
            80.1807038,
            13.0204205
          ],
          [
            80.1808137,
            13.020993
          ],
          [
            80.1809394,
            13.0214002
          ],
          [
            80.181047,
            13.0214503
          ],
          [
            80.1812848,
            13.0213496
          ],
          [
            80.1817699,
            13.0217626
          ],
          [
            80.1821833,
            13.0219823
          ],
          [
            80.1822636,
            13.0220287
          ],
          [
            80.1824346,
            13.0220633
          ],
          [
            80.1825829,
            13.0221701
          ],
          [
            80.1827007,
            13.0223695
          ],
          [
            80.1826861,
            13.0226477
          ],
          [
            80.1826051,
            13.0229687
          ],
          [
            80.1823836,
            13.0231854
          ],
          [
            80.1823744,
            13.0233759
          ],
          [
            80.182589,
            13.023702
          ],
          [
            80.182795,
            13.0237355
          ],
          [
            80.1829406,
            13.0239793
          ],
          [
            80.1831853,
            13.0244797
          ],
          [
            80.1833807,
            13.0247828
          ],
          [
            80.1834771,
            13.024824
          ],
          [
            80.1836286,
            13.0247991
          ],
          [
            80.1840591,
            13.0246541
          ],
          [
            80.1841707,
            13.0245877
          ],
          [
            80.1843324,
            13.0243185
          ],
          [
            80.1845366,
            13.0240975
          ],
          [
            80.1847324,
            13.0239629
          ],
          [
            80.184837,
            13.0239289
          ],
          [
            80.1848976,
            13.0239323
          ],
          [
            80.1849443,
            13.0239799
          ],
          [
            80.1850322,
            13.0241687
          ],
          [
            80.1851132,
            13.0242713
          ],
          [
            80.185238,
            13.0243092
          ],
          [
            80.1853626,
            13.024307
          ],
          [
            80.1854608,
            13.0242516
          ],
          [
            80.1858189,
            13.023158
          ],
          [
            80.1858938,
            13.0230535
          ],
          [
            80.1859776,
            13.0229922
          ]
        ]
      },
      "id": "way/1123838335"
    },
    {
      "type": "Feature",
      "properties": {
        "@id": "way/1123838336",
        "layer": "-1",
        "tunnel": "culvert",
        "waterway": "drain"
      },
      "geometry": {
        "type": "LineString",
        "coordinates": [
          [
            80.1788923,
            13.0217715
          ],
          [
            80.1789994,
            13.021774
          ]
        ]
      },
      "id": "way/1123838336"
    },
    {
      "type": "Feature",
      "properties": {
        "@id": "way/1123838337",
        "waterway": "drain"
      },
      "geometry": {
        "type": "LineString",
        "coordinates": [
          [
            80.1772246,
            13.023518
          ],
          [
            80.1774048,
            13.0232672
          ],
          [
            80.1772672,
            13.0226418
          ],
          [
            80.1778092,
            13.0223006
          ],
          [
            80.1777176,
            13.0216036
          ],
          [
            80.1779198,
            13.0213689
          ],
          [
            80.1783232,
            13.0212686
          ],
          [
            80.1785978,
            13.0213606
          ],
          [
            80.1788382,
            13.0217703
          ],
          [
            80.1788923,
            13.0217715
          ]
        ]
      },
      "id": "way/1123838337"
    },
    {
      "type": "Feature",
      "properties": {
        "@id": "way/1123838338",
        "layer": "-1",
        "tunnel": "culvert",
        "waterway": "drain"
      },
      "geometry": {
        "type": "LineString",
        "coordinates": [
          [
            80.1769101,
            13.0236355
          ],
          [
            80.176979,
            13.0236098
          ]
        ]
      },
      "id": "way/1123838338"
    },
    {
      "type": "Feature",
      "properties": {
        "@id": "way/1123838343",
        "waterway": "drain"
      },
      "geometry": {
        "type": "LineString",
        "coordinates": [
          [
            80.176979,
            13.0236098
          ],
          [
            80.1770591,
            13.0235798
          ]
        ]
      },
      "id": "way/1123838343"
    },
    {
      "type": "Feature",
      "properties": {
        "@id": "way/1123838344",
        "layer": "-1",
        "tunnel": "culvert",
        "waterway": "drain"
      },
      "geometry": {
        "type": "LineString",
        "coordinates": [
          [
            80.1771691,
            13.0235387
          ],
          [
            80.1772246,
            13.023518
          ]
        ]
      },
      "id": "way/1123838344"
    },
    {
      "type": "Feature",
      "properties": {
        "@id": "way/1123838345",
        "waterway": "drain"
      },
      "geometry": {
        "type": "LineString",
        "coordinates": [
          [
            80.1771266,
            13.0235546
          ],
          [
            80.1771691,
            13.0235387
          ]
        ]
      },
      "id": "way/1123838345"
    },
    {
      "type": "Feature",
      "properties": {
        "@id": "way/1123838346",
        "layer": "-1",
        "tunnel": "culvert",
        "waterway": "drain"
      },
      "geometry": {
        "type": "LineString",
        "coordinates": [
          [
            80.1770591,
            13.0235798
          ],
          [
            80.1771266,
            13.0235546
          ]
        ]
      },
      "id": "way/1123838346"
    },
    {
      "type": "Feature",
      "properties": {
        "@id": "way/1123838347",
        "waterway": "drain"
      },
      "geometry": {
        "type": "LineString",
        "coordinates": [
          [
            80.1866935,
            13.0227645
          ],
          [
            80.1868634,
            13.0226733
          ],
          [
            80.1874835,
            13.0221916
          ],
          [
            80.187656,
            13.0221977
          ],
          [
            80.1881326,
            13.0224628
          ],
          [
            80.1885772,
            13.0225924
          ],
          [
            80.1888137,
            13.0225877
          ],
          [
            80.1890975,
            13.0226992
          ]
        ]
      },
      "id": "way/1123838347"
    },
    {
      "type": "Feature",
      "properties": {
        "@id": "way/1123838348",
        "layer": "-1",
        "tunnel": "culvert",
        "waterway": "drain"
      },
      "geometry": {
        "type": "LineString",
        "coordinates": [
          [
            80.1859776,
            13.0229922
          ],
          [
            80.186051,
            13.0229477
          ]
        ]
      },
      "id": "way/1123838348"
    },
    {
      "type": "Feature",
      "properties": {
        "@id": "way/1123838349",
        "waterway": "drain"
      },
      "geometry": {
        "type": "LineString",
        "coordinates": [
          [
            80.186051,
            13.0229477
          ],
          [
            80.1861509,
            13.0228977
          ],
          [
            80.1864181,
            13.0228582
          ],
          [
            80.1865813,
            13.0228084
          ],
          [
            80.186611,
            13.0228004
          ]
        ]
      },
      "id": "way/1123838349"
    },
    {
      "type": "Feature",
      "properties": {
        "@id": "way/1123838350",
        "layer": "-1",
        "tunnel": "culvert",
        "waterway": "drain"
      },
      "geometry": {
        "type": "LineString",
        "coordinates": [
          [
            80.186611,
            13.0228004
          ],
          [
            80.1866935,
            13.0227645
          ]
        ]
      },
      "id": "way/1123838350"
    },
    {
      "type": "Feature",
      "properties": {
        "@id": "way/1127503334",
        "boat": "no",
        "name": "Buckingham Canal",
        "name:en": "Buckingham Canal",
        "name:ta": "பக்கிங்ஹாம் கால்வாய்",
        "name:te": "బకింగ్‌హాం కాలువ",
        "waterway": "canal",
        "width": "15",
        "wikidata": "Q3536830",
        "wikipedia": "en:Buckingham Canal"
      },
      "geometry": {
        "type": "LineString",
        "coordinates": [
          [
            80.2840428,
            13.0696853
          ],
          [
            80.283012,
            13.0688932
          ],
          [
            80.282535,
            13.0686192
          ],
          [
            80.2825183,
            13.0681847
          ],
          [
            80.2825114,
            13.0680607
          ],
          [
            80.282508,
            13.0680023
          ],
          [
            80.2824995,
            13.0679331
          ],
          [
            80.2824921,
            13.0678729
          ],
          [
            80.2824866,
            13.0677958
          ],
          [
            80.2824798,
            13.0677445
          ],
          [
            80.282473,
            13.0676951
          ],
          [
            80.2824568,
            13.0675881
          ]
        ]
      },
      "id": "way/1127503334"
    },
    {
      "type": "Feature",
      "properties": {
        "@id": "way/1127503335",
        "lock": "yes",
        "lock_name": "Cooum River Lock",
        "name": "Cooum River Lock",
        "waterway": "canal"
      },
      "geometry": {
        "type": "LineString",
        "coordinates": [
          [
            80.2824568,
            13.0675881
          ],
          [
            80.2824041,
            13.067183
          ]
        ]
      },
      "id": "way/1127503335"
    },
    {
      "type": "Feature",
      "properties": {
        "@id": "way/1127503336",
        "seamark:type": "gate",
        "waterway": "lock_gate"
      },
      "geometry": {
        "type": "LineString",
        "coordinates": [
          [
            80.2824271,
            13.0675918
          ],
          [
            80.2824568,
            13.0675881
          ],
          [
            80.2824854,
            13.0675843
          ]
        ]
      },
      "id": "way/1127503336"
    },
    {
      "type": "Feature",
      "properties": {
        "@id": "way/1127503337",
        "seamark:type": "gate",
        "waterway": "lock_gate"
      },
      "geometry": {
        "type": "LineString",
        "coordinates": [
          [
            80.2824289,
            13.0671801
          ],
          [
            80.2824041,
            13.067183
          ],
          [
            80.282376,
            13.0671862
          ]
        ]
      },
      "id": "way/1127503337"
    },
    {
      "type": "Feature",
      "properties": {
        "@id": "way/1132154729",
        "layer": "-1",
        "tunnel": "culvert",
        "waterway": "drain"
      },
      "geometry": {
        "type": "LineString",
        "coordinates": [
          [
            80.1586179,
            12.981024
          ],
          [
            80.1591784,
            12.9802661
          ]
        ]
      },
      "id": "way/1132154729"
    },
    {
      "type": "Feature",
      "properties": {
        "@id": "way/1147391890",
        "waterway": "drain"
      },
      "geometry": {
        "type": "LineString",
        "coordinates": [
          [
            80.1472911,
            12.9802132
          ],
          [
            80.1473196,
            12.9802561
          ]
        ]
      },
      "id": "way/1147391890"
    },
    {
      "type": "Feature",
      "properties": {
        "@id": "way/1147391891",
        "layer": "-1",
        "tunnel": "culvert",
        "waterway": "drain"
      },
      "geometry": {
        "type": "LineString",
        "coordinates": [
          [
            80.147256,
            12.9801272
          ],
          [
            80.1472911,
            12.9802132
          ]
        ]
      },
      "id": "way/1147391891"
    },
    {
      "type": "Feature",
      "properties": {
        "@id": "way/1147391892",
        "waterway": "drain"
      },
      "geometry": {
        "type": "LineString",
        "coordinates": [
          [
            80.1480634,
            12.9763351
          ],
          [
            80.1482243,
            12.976586
          ],
          [
            80.1486098,
            12.9768306
          ],
          [
            80.148661,
            12.9768516
          ],
          [
            80.1488259,
            12.977267
          ],
          [
            80.148882,
            12.9773867
          ]
        ]
      },
      "id": "way/1147391892"
    },
    {
      "type": "Feature",
      "properties": {
        "@id": "way/1147391893",
        "layer": "-1",
        "tunnel": "culvert",
        "waterway": "drain"
      },
      "geometry": {
        "type": "LineString",
        "coordinates": [
          [
            80.1487824,
            12.9777681
          ],
          [
            80.1487514,
            12.9778648
          ]
        ]
      },
      "id": "way/1147391893"
    },
    {
      "type": "Feature",
      "properties": {
        "@id": "way/1147391894",
        "waterway": "drain"
      },
      "geometry": {
        "type": "LineString",
        "coordinates": [
          [
            80.1488895,
            12.9774433
          ],
          [
            80.1488388,
            12.9776451
          ],
          [
            80.1487824,
            12.9777681
          ]
        ]
      },
      "id": "way/1147391894"
    },
    {
      "type": "Feature",
      "properties": {
        "@id": "way/1147391895",
        "layer": "-1",
        "tunnel": "culvert",
        "waterway": "drain"
      },
      "geometry": {
        "type": "LineString",
        "coordinates": [
          [
            80.148882,
            12.9773867
          ],
          [
            80.1488895,
            12.9774433
          ]
        ]
      },
      "id": "way/1147391895"
    },
    {
      "type": "Feature",
      "properties": {
        "@id": "way/1149376502",
        "name": "Check dam",
        "waterway": "dam"
      },
      "geometry": {
        "type": "LineString",
        "coordinates": [
          [
            80.0616423,
            12.9057696
          ],
          [
            80.062156,
            12.9055386
          ]
        ]
      },
      "id": "way/1149376502"
    },
    {
      "type": "Feature",
      "properties": {
        "@id": "way/1150294708",
        "waterway": "drain"
      },
      "geometry": {
        "type": "LineString",
        "coordinates": [
          [
            80.0888268,
            12.997987
          ],
          [
            80.0888225,
            12.9979772
          ],
          [
            80.0887222,
            12.9977479
          ],
          [
            80.0884901,
            12.9975032
          ],
          [
            80.0885105,
            12.9973846
          ],
          [
            80.088533,
            12.9973233
          ],
          [
            80.0885555,
            12.9971437
          ],
          [
            80.0886049,
            12.9970955
          ],
          [
            80.0887937,
            12.9970605
          ],
          [
            80.0888207,
            12.9969203
          ],
          [
            80.0889286,
            12.9968108
          ],
          [
            80.0890499,
            12.9966926
          ],
          [
            80.0890499,
            12.9965261
          ],
          [
            80.0892255,
            12.9954977
          ],
          [
            80.0893085,
            12.9953974
          ],
          [
            80.089408,
            12.9953726
          ],
          [
            80.0895392,
            12.9953786
          ],
          [
            80.0895478,
            12.9953329
          ]
        ]
      },
      "id": "way/1150294708"
    },
    {
      "type": "Feature",
      "properties": {
        "@id": "way/1150294709",
        "layer": "-1",
        "tunnel": "culvert",
        "waterway": "drain"
      },
      "geometry": {
        "type": "LineString",
        "coordinates": [
          [
            80.0895478,
            12.9953329
          ],
          [
            80.0895676,
            12.9952268
          ]
        ]
      },
      "id": "way/1150294709"
    },
    {
      "type": "Feature",
      "properties": {
        "@id": "way/1150294710",
        "waterway": "drain"
      },
      "geometry": {
        "type": "LineString",
        "coordinates": [
          [
            80.0895676,
            12.9952268
          ],
          [
            80.0895726,
            12.9952001
          ],
          [
            80.0895955,
            12.9948708
          ],
          [
            80.0897117,
            12.9946358
          ],
          [
            80.0900867,
            12.9944436
          ],
          [
            80.0902417,
            12.9942961
          ],
          [
            80.090548,
            12.9942738
          ],
          [
            80.0907399,
            12.9941142
          ],
          [
            80.0910498,
            12.9941383
          ],
          [
            80.091305,
            12.9940113
          ],
          [
            80.0913491,
            12.9938518
          ],
          [
            80.0913678,
            12.993739
          ]
        ]
      },
      "id": "way/1150294710"
    },
    {
      "type": "Feature",
      "properties": {
        "@id": "way/1150294711",
        "layer": "-1",
        "tunnel": "culvert",
        "waterway": "drain"
      },
      "geometry": {
        "type": "LineString",
        "coordinates": [
          [
            80.0913678,
            12.993739
          ],
          [
            80.091337,
            12.9936416
          ]
        ]
      },
      "id": "way/1150294711"
    },
    {
      "type": "Feature",
      "properties": {
        "@id": "way/1150294712",
        "waterway": "drain"
      },
      "geometry": {
        "type": "LineString",
        "coordinates": [
          [
            80.0912337,
            12.9933646
          ],
          [
            80.0912575,
            12.9931244
          ],
          [
            80.0913772,
            12.9927882
          ],
          [
            80.0914688,
            12.9924485
          ],
          [
            80.0914107,
            12.9920814
          ],
          [
            80.0913561,
            12.991975
          ]
        ]
      },
      "id": "way/1150294712"
    },
    {
      "type": "Feature",
      "properties": {
        "@id": "way/1150294713",
        "layer": "-1",
        "waterway": "drain"
      },
      "geometry": {
        "type": "LineString",
        "coordinates": [
          [
            80.0938978,
            12.9923356
          ],
          [
            80.0939001,
            12.9923198
          ],
          [
            80.0938931,
            12.9919939
          ],
          [
            80.0937839,
            12.9914055
          ],
          [
            80.0937628,
            12.9910075
          ],
          [
            80.0938227,
            12.9904156
          ],
          [
            80.0936589,
            12.9901222
          ],
          [
            80.0939424,
            12.9900022
          ],
          [
            80.0939944,
            12.9899726
          ]
        ]
      },
      "id": "way/1150294713"
    },
    {
      "type": "Feature",
      "properties": {
        "@id": "way/1150294714",
        "layer": "-1",
        "tunnel": "culvert",
        "waterway": "drain"
      },
      "geometry": {
        "type": "LineString",
        "coordinates": [
          [
            80.093891,
            12.9924174
          ],
          [
            80.0938978,
            12.9923356
          ]
        ]
      },
      "id": "way/1150294714"
    },
    {
      "type": "Feature",
      "properties": {
        "@id": "way/1150294715",
        "layer": "-1",
        "waterway": "drain"
      },
      "geometry": {
        "type": "LineString",
        "coordinates": [
          [
            80.0940905,
            12.9899181
          ],
          [
            80.094284,
            12.9898083
          ],
          [
            80.0946927,
            12.9897288
          ],
          [
            80.0947904,
            12.9896541
          ],
          [
            80.0948919,
            12.9895764
          ],
          [
            80.0949502,
            12.9893136
          ],
          [
            80.0950329,
            12.9889343
          ],
          [
            80.0952506,
            12.988543
          ],
          [
            80.0952904,
            12.9883518
          ],
          [
            80.0952935,
            12.9875812
          ],
          [
            80.0959771,
            12.9869031
          ],
          [
            80.096394,
            12.9865985
          ],
          [
            80.0966208,
            12.9865118
          ],
          [
            80.0969457,
            12.9864013
          ],
          [
            80.0971388,
            12.9862341
          ]
        ]
      },
      "id": "way/1150294715"
    },
    {
      "type": "Feature",
      "properties": {
        "@id": "way/1150294716",
        "layer": "-1",
        "tunnel": "culvert",
        "waterway": "drain"
      },
      "geometry": {
        "type": "LineString",
        "coordinates": [
          [
            80.0939944,
            12.9899726
          ],
          [
            80.0940905,
            12.9899181
          ]
        ]
      },
      "id": "way/1150294716"
    },
    {
      "type": "Feature",
      "properties": {
        "@id": "way/1151035773",
        "layer": "-1",
        "name": "Chembarambakkam irrigation canal",
        "waterway": "canal"
      },
      "geometry": {
        "type": "LineString",
        "coordinates": [
          [
            80.1212283,
            13.0165417
          ],
          [
            80.1213812,
            13.0165507
          ],
          [
            80.1215845,
            13.0166222
          ],
          [
            80.1218742,
            13.0166326
          ],
          [
            80.1220029,
            13.0166117
          ],
          [
            80.1221531,
            13.016596
          ],
          [
            80.1222872,
            13.0167006
          ],
          [
            80.1223999,
            13.0169201
          ],
          [
            80.1226359,
            13.0171814
          ],
          [
            80.1227861,
            13.0173016
          ],
          [
            80.1230758,
            13.017333
          ],
          [
            80.1234728,
            13.017333
          ],
          [
            80.1237893,
            13.0173225
          ],
          [
            80.1240199,
            13.0173382
          ],
          [
            80.1241379,
            13.0173486
          ],
          [
            80.1242721,
            13.0173016
          ],
          [
            80.1245027,
            13.017265
          ],
          [
            80.1245993,
            13.0172964
          ],
          [
            80.1249587,
            13.0172755
          ],
          [
            80.1251035,
            13.0171657
          ],
          [
            80.1251947,
            13.0171866
          ],
          [
            80.1252913,
            13.0172337
          ],
          [
            80.1255273,
            13.0172232
          ],
          [
            80.1256614,
            13.0172493
          ],
          [
            80.1257634,
            13.0173016
          ],
          [
            80.125817,
            13.017448
          ],
          [
            80.125758,
            13.0176466
          ],
          [
            80.125758,
            13.0178243
          ],
          [
            80.1259457,
            13.0178138
          ],
          [
            80.1264232,
            13.0176518
          ],
          [
            80.1268416,
            13.0173068
          ],
          [
            80.127421,
            13.0168992
          ],
          [
            80.1280969,
            13.0161413
          ],
          [
            80.1286011,
            13.0157911
          ],
          [
            80.1289284,
            13.0156082
          ],
          [
            80.1292472,
            13.0157114
          ],
          [
            80.1295471,
            13.0160198
          ],
          [
            80.1296847,
            13.0160734
          ],
          [
            80.1306209,
            13.0160478
          ]
        ]
      },
      "id": "way/1151035773"
    },
    {
      "type": "Feature",
      "properties": {
        "@id": "way/1151035774",
        "layer": "-1",
        "name": "Chembarambakkam irrigation canal",
        "tunnel": "culvert",
        "waterway": "canal"
      },
      "geometry": {
        "type": "LineString",
        "coordinates": [
          [
            80.1117225,
            13.0179909
          ],
          [
            80.1118243,
            13.0179893
          ]
        ]
      },
      "id": "way/1151035774"
    },
    {
      "type": "Feature",
      "properties": {
        "@id": "way/1151035775",
        "layer": "-1",
        "name": "Chembarambakkam irrigation canal",
        "waterway": "canal"
      },
      "geometry": {
        "type": "LineString",
        "coordinates": [
          [
            80.1118243,
            13.0179893
          ],
          [
            80.1118507,
            13.0179889
          ],
          [
            80.1120251,
            13.0179758
          ],
          [
            80.1122128,
            13.0179236
          ],
          [
            80.1124221,
            13.0178922
          ],
          [
            80.1126018,
            13.0177877
          ],
          [
            80.1126769,
            13.0177851
          ],
          [
            80.1127305,
            13.0177615
          ],
          [
            80.1128029,
            13.0177041
          ],
          [
            80.1128351,
            13.0176413
          ],
          [
            80.1129451,
            13.0175995
          ],
          [
            80.1129719,
            13.0175577
          ],
          [
            80.1130202,
            13.0175133
          ],
          [
            80.1131007,
            13.0175081
          ],
          [
            80.1131355,
            13.0175237
          ],
          [
            80.1131918,
            13.0175682
          ],
          [
            80.1132294,
            13.0176126
          ],
          [
            80.1132562,
            13.017657
          ],
          [
            80.1133045,
            13.017691
          ],
          [
            80.113393,
            13.0176988
          ],
          [
            80.1135432,
            13.017657
          ],
          [
            80.113629,
            13.0176021
          ],
          [
            80.1136881,
            13.0175211
          ],
          [
            80.1137953,
            13.0174558
          ],
          [
            80.1138517,
            13.0174532
          ],
          [
            80.1139536,
            13.0174872
          ],
          [
            80.1140233,
            13.0175237
          ],
          [
            80.1141226,
            13.0175734
          ],
          [
            80.1141896,
            13.0176048
          ],
          [
            80.1142996,
            13.0176152
          ],
          [
            80.1144391,
            13.0175603
          ],
          [
            80.1145517,
            13.0175159
          ],
          [
            80.1146617,
            13.0175499
          ],
          [
            80.1147583,
            13.0174898
          ],
          [
            80.1151284,
            13.017448
          ],
          [
            80.115343,
            13.0174767
          ],
          [
            80.115469,
            13.0174506
          ],
          [
            80.1155549,
            13.0173565
          ],
          [
            80.1157158,
            13.0172572
          ],
          [
            80.1157909,
            13.0171683
          ],
          [
            80.1158386,
            13.0171538
          ]
        ]
      },
      "id": "way/1151035775"
    },
    {
      "type": "Feature",
      "properties": {
        "@id": "way/1151035776",
        "layer": "-1",
        "name": "Chembarambakkam irrigation canal",
        "tunnel": "culvert",
        "waterway": "canal"
      },
      "geometry": {
        "type": "LineString",
        "coordinates": [
          [
            80.1158386,
            13.0171538
          ],
          [
            80.1159465,
            13.017121
          ]
        ]
      },
      "id": "way/1151035776"
    },
    {
      "type": "Feature",
      "properties": {
        "@id": "way/1151035777",
        "layer": "-1",
        "name": "Chembarambakkam irrigation canal",
        "waterway": "canal"
      },
      "geometry": {
        "type": "LineString",
        "coordinates": [
          [
            80.1159465,
            13.017121
          ],
          [
            80.1160055,
            13.017103
          ],
          [
            80.1161691,
            13.0171161
          ],
          [
            80.1163193,
            13.0171135
          ],
          [
            80.1165151,
            13.0170507
          ],
          [
            80.1167377,
            13.0169932
          ],
          [
            80.1168933,
            13.0170063
          ],
          [
            80.1169228,
            13.0169384
          ],
          [
            80.1170435,
            13.0169567
          ],
          [
            80.1171776,
            13.0170246
          ],
          [
            80.1173037,
            13.0171971
          ],
          [
            80.1175102,
            13.0173199
          ],
          [
            80.1178401,
            13.0174009
          ],
          [
            80.1179563,
            13.0174235
          ]
        ]
      },
      "id": "way/1151035777"
    },
    {
      "type": "Feature",
      "properties": {
        "@id": "way/1151035778",
        "layer": "-1",
        "name": "Chembarambakkam irrigation canal",
        "tunnel": "culvert",
        "waterway": "canal"
      },
      "geometry": {
        "type": "LineString",
        "coordinates": [
          [
            80.1179563,
            13.0174235
          ],
          [
            80.1180652,
            13.0174448
          ]
        ]
      },
      "id": "way/1151035778"
    },
    {
      "type": "Feature",
      "properties": {
        "@id": "way/1151035779",
        "layer": "-1",
        "name": "Chembarambakkam irrigation canal",
        "waterway": "canal"
      },
      "geometry": {
        "type": "LineString",
        "coordinates": [
          [
            80.1180652,
            13.0174448
          ],
          [
            80.1181352,
            13.0174584
          ],
          [
            80.1182773,
            13.0175629
          ],
          [
            80.1184061,
            13.0175969
          ],
          [
            80.1185963,
            13.0176317
          ],
          [
            80.119031,
            13.0175473
          ],
          [
            80.1193261,
            13.0173486
          ],
          [
            80.1197123,
            13.0171866
          ],
          [
            80.1199108,
            13.0170664
          ],
          [
            80.1199912,
            13.0169567
          ],
          [
            80.1202058,
            13.0168626
          ],
          [
            80.120356,
            13.0169201
          ],
          [
            80.1205277,
            13.0168887
          ],
          [
            80.1207584,
            13.0167633
          ],
          [
            80.1209247,
            13.0166535
          ],
          [
            80.120989,
            13.0165124
          ],
          [
            80.1211086,
            13.0165271
          ]
        ]
      },
      "id": "way/1151035779"
    },
    {
      "type": "Feature",
      "properties": {
        "@id": "way/1151035780",
        "layer": "-1",
        "name": "Chembarambakkam irrigation canal",
        "tunnel": "culvert",
        "waterway": "canal"
      },
      "geometry": {
        "type": "LineString",
        "coordinates": [
          [
            80.1211086,
            13.0165271
          ],
          [
            80.1212283,
            13.0165417
          ]
        ]
      },
      "id": "way/1151035780"
    },
    {
      "type": "Feature",
      "properties": {
        "@id": "way/1151570507",
        "waterway": "drain"
      },
      "geometry": {
        "type": "LineString",
        "coordinates": [
          [
            80.0535048,
            12.8501769
          ],
          [
            80.0535946,
            12.8506343
          ],
          [
            80.05362,
            12.8515884
          ],
          [
            80.0533383,
            12.8523049
          ],
          [
            80.0528518,
            12.8529049
          ],
          [
            80.0528038,
            12.8531082
          ],
          [
            80.0525024,
            12.8533055
          ]
        ]
      },
      "id": "way/1151570507"
    },
    {
      "type": "Feature",
      "properties": {
        "@id": "way/1151570508",
        "layer": "-1",
        "tunnel": "culvert",
        "waterway": "drain"
      },
      "geometry": {
        "type": "LineString",
        "coordinates": [
          [
            80.0525024,
            12.8533055
          ],
          [
            80.0524206,
            12.8534011
          ]
        ]
      },
      "id": "way/1151570508"
    },
    {
      "type": "Feature",
      "properties": {
        "@id": "way/1151570509",
        "waterway": "drain"
      },
      "geometry": {
        "type": "LineString",
        "coordinates": [
          [
            80.0524206,
            12.8534011
          ],
          [
            80.0522568,
            12.8538008
          ],
          [
            80.0525104,
            12.8553192
          ]
        ]
      },
      "id": "way/1151570509"
    },
    {
      "type": "Feature",
      "properties": {
        "@id": "way/1151570510",
        "layer": "-1",
        "tunnel": "culvert",
        "waterway": "drain"
      },
      "geometry": {
        "type": "LineString",
        "coordinates": [
          [
            80.0525104,
            12.8553192
          ],
          [
            80.0525238,
            12.8553989
          ]
        ]
      },
      "id": "way/1151570510"
    },
    {
      "type": "Feature",
      "properties": {
        "@id": "way/1151570511",
        "waterway": "drain"
      },
      "geometry": {
        "type": "LineString",
        "coordinates": [
          [
            80.0525238,
            12.8553989
          ],
          [
            80.0525518,
            12.8555668
          ],
          [
            80.0525652,
            12.8557224
          ],
          [
            80.0525464,
            12.8558087
          ],
          [
            80.0525169,
            12.855874
          ],
          [
            80.0524512,
            12.8559852
          ],
          [
            80.0523707,
            12.8562571
          ],
          [
            80.0523332,
            12.8564925
          ],
          [
            80.0523171,
            12.8568937
          ]
        ]
      },
      "id": "way/1151570511"
    },
    {
      "type": "Feature",
      "properties": {
        "@id": "way/1151570512",
        "layer": "-1",
        "tunnel": "culvert",
        "waterway": "drain"
      },
      "geometry": {
        "type": "LineString",
        "coordinates": [
          [
            80.0523171,
            12.8568937
          ],
          [
            80.0523144,
            12.8569605
          ]
        ]
      },
      "id": "way/1151570512"
    },
    {
      "type": "Feature",
      "properties": {
        "@id": "way/1151570513",
        "waterway": "drain"
      },
      "geometry": {
        "type": "LineString",
        "coordinates": [
          [
            80.0523144,
            12.8569605
          ],
          [
            80.0522983,
            12.8575306
          ],
          [
            80.0522822,
            12.8578889
          ],
          [
            80.0522473,
            12.8580379
          ],
          [
            80.0521857,
            12.8581687
          ],
          [
            80.0519743,
            12.85857
          ]
        ]
      },
      "id": "way/1151570513"
    },
    {
      "type": "Feature",
      "properties": {
        "@id": "way/1151570514",
        "layer": "-1",
        "tunnel": "culvert",
        "waterway": "drain"
      },
      "geometry": {
        "type": "LineString",
        "coordinates": [
          [
            80.0519743,
            12.85857
          ],
          [
            80.0519406,
            12.8586687
          ]
        ]
      },
      "id": "way/1151570514"
    },
    {
      "type": "Feature",
      "properties": {
        "@id": "way/1151570515",
        "waterway": "drain"
      },
      "geometry": {
        "type": "LineString",
        "coordinates": [
          [
            80.052553,
            12.8561915
          ],
          [
            80.0525337,
            12.8562461
          ],
          [
            80.0524809,
            12.8565751
          ],
          [
            80.0524657,
            12.8567737
          ]
        ]
      },
      "id": "way/1151570515"
    },
    {
      "type": "Feature",
      "properties": {
        "@id": "way/1151570516",
        "waterway": "drain"
      },
      "geometry": {
        "type": "LineString",
        "coordinates": [
          [
            80.0547125,
            12.8669104
          ],
          [
            80.0546995,
            12.8669847
          ],
          [
            80.0546272,
            12.8672714
          ]
        ]
      },
      "id": "way/1151570516"
    },
    {
      "type": "Feature",
      "properties": {
        "@id": "way/1151570517",
        "layer": "-1",
        "tunnel": "culvert",
        "waterway": "drain"
      },
      "geometry": {
        "type": "LineString",
        "coordinates": [
          [
            80.0547122,
            12.8668396
          ],
          [
            80.0547125,
            12.8669104
          ]
        ]
      },
      "id": "way/1151570517"
    },
    {
      "type": "Feature",
      "properties": {
        "@id": "way/1151570518",
        "waterway": "drain"
      },
      "geometry": {
        "type": "LineString",
        "coordinates": [
          [
            80.0546898,
            12.8664855
          ],
          [
            80.0547122,
            12.8668396
          ]
        ]
      },
      "id": "way/1151570518"
    },
    {
      "type": "Feature",
      "properties": {
        "@id": "way/1151570519",
        "layer": "-1",
        "tunnel": "culvert",
        "waterway": "drain"
      },
      "geometry": {
        "type": "LineString",
        "coordinates": [
          [
            80.0546885,
            12.8664087
          ],
          [
            80.0546898,
            12.8664855
          ]
        ]
      },
      "id": "way/1151570519"
    },
    {
      "type": "Feature",
      "properties": {
        "@id": "way/1151570520",
        "waterway": "drain"
      },
      "geometry": {
        "type": "LineString",
        "coordinates": [
          [
            80.0546855,
            12.86611
          ],
          [
            80.0546859,
            12.8662137
          ],
          [
            80.0546885,
            12.8664087
          ]
        ]
      },
      "id": "way/1151570520"
    },
    {
      "type": "Feature",
      "properties": {
        "@id": "way/1151570521",
        "layer": "-1",
        "tunnel": "culvert",
        "waterway": "drain"
      },
      "geometry": {
        "type": "LineString",
        "coordinates": [
          [
            80.0546853,
            12.8660474
          ],
          [
            80.0546855,
            12.86611
          ]
        ]
      },
      "id": "way/1151570521"
    },
    {
      "type": "Feature",
      "properties": {
        "@id": "way/1151570522",
        "waterway": "drain"
      },
      "geometry": {
        "type": "LineString",
        "coordinates": [
          [
            80.0545816,
            12.8653354
          ],
          [
            80.0546131,
            12.8654797
          ],
          [
            80.0546848,
            12.8658971
          ],
          [
            80.0546853,
            12.8660474
          ]
        ]
      },
      "id": "way/1151570522"
    },
    {
      "type": "Feature",
      "properties": {
        "@id": "way/1151570523",
        "layer": "-1",
        "tunnel": "culvert",
        "waterway": "drain"
      },
      "geometry": {
        "type": "LineString",
        "coordinates": [
          [
            80.0545641,
            12.8652547
          ],
          [
            80.0545816,
            12.8653354
          ]
        ]
      },
      "id": "way/1151570523"
    },
    {
      "type": "Feature",
      "properties": {
        "@id": "way/1151570524",
        "waterway": "drain"
      },
      "geometry": {
        "type": "LineString",
        "coordinates": [
          [
            80.05449,
            12.8649667
          ],
          [
            80.0545329,
            12.8651117
          ],
          [
            80.0545641,
            12.8652547
          ]
        ]
      },
      "id": "way/1151570524"
    },
    {
      "type": "Feature",
      "properties": {
        "@id": "way/1151570525",
        "layer": "-1",
        "tunnel": "culvert",
        "waterway": "drain"
      },
      "geometry": {
        "type": "LineString",
        "coordinates": [
          [
            80.0544633,
            12.8648979
          ],
          [
            80.05449,
            12.8649667
          ]
        ]
      },
      "id": "way/1151570525"
    },
    {
      "type": "Feature",
      "properties": {
        "@id": "way/1151570526",
        "waterway": "drain"
      },
      "geometry": {
        "type": "LineString",
        "coordinates": [
          [
            80.0543093,
            12.8645751
          ],
          [
            80.0544633,
            12.8648979
          ]
        ]
      },
      "id": "way/1151570526"
    },
    {
      "type": "Feature",
      "properties": {
        "@id": "way/1151570527",
        "layer": "-1",
        "tunnel": "culvert",
        "waterway": "drain"
      },
      "geometry": {
        "type": "LineString",
        "coordinates": [
          [
            80.0542799,
            12.8645134
          ],
          [
            80.0543093,
            12.8645751
          ]
        ]
      },
      "id": "way/1151570527"
    },
    {
      "type": "Feature",
      "properties": {
        "@id": "way/1151570528",
        "waterway": "drain"
      },
      "geometry": {
        "type": "LineString",
        "coordinates": [
          [
            80.0538852,
            12.8639613
          ],
          [
            80.0539762,
            12.8641146
          ],
          [
            80.0542799,
            12.8645134
          ]
        ]
      },
      "id": "way/1151570528"
    },
    {
      "type": "Feature",
      "properties": {
        "@id": "way/1151570529",
        "layer": "-1",
        "tunnel": "culvert",
        "waterway": "drain"
      },
      "geometry": {
        "type": "LineString",
        "coordinates": [
          [
            80.053837,
            12.8638802
          ],
          [
            80.0538852,
            12.8639613
          ]
        ]
      },
      "id": "way/1151570529"
    },
    {
      "type": "Feature",
      "properties": {
        "@id": "way/1151570530",
        "waterway": "drain"
      },
      "geometry": {
        "type": "LineString",
        "coordinates": [
          [
            80.0536593,
            12.8635131
          ],
          [
            80.0537315,
            12.8637157
          ],
          [
            80.053837,
            12.8638802
          ]
        ]
      },
      "id": "way/1151570530"
    },
    {
      "type": "Feature",
      "properties": {
        "@id": "way/1151570531",
        "layer": "-1",
        "tunnel": "culvert",
        "waterway": "drain"
      },
      "geometry": {
        "type": "LineString",
        "coordinates": [
          [
            80.0536394,
            12.8634515
          ],
          [
            80.0536593,
            12.8635131
          ]
        ]
      },
      "id": "way/1151570531"
    },
    {
      "type": "Feature",
      "properties": {
        "@id": "way/1151570532",
        "waterway": "drain"
      },
      "geometry": {
        "type": "LineString",
        "coordinates": [
          [
            80.0531533,
            12.8623651
          ],
          [
            80.053198,
            12.8624924
          ],
          [
            80.0535396,
            12.863212
          ],
          [
            80.0536394,
            12.8634515
          ]
        ]
      },
      "id": "way/1151570532"
    },
    {
      "type": "Feature",
      "properties": {
        "@id": "way/1151570533",
        "layer": "-1",
        "tunnel": "culvert",
        "waterway": "drain"
      },
      "geometry": {
        "type": "LineString",
        "coordinates": [
          [
            80.0531087,
            12.8622378
          ],
          [
            80.0531533,
            12.8623651
          ]
        ]
      },
      "id": "way/1151570533"
    },
    {
      "type": "Feature",
      "properties": {
        "@id": "way/1151570534",
        "waterway": "drain"
      },
      "geometry": {
        "type": "LineString",
        "coordinates": [
          [
            80.0520096,
            12.860204
          ],
          [
            80.0520507,
            12.8602863
          ],
          [
            80.0524598,
            12.8610408
          ],
          [
            80.0527699,
            12.8615877
          ],
          [
            80.0529027,
            12.8618015
          ],
          [
            80.0531087,
            12.8622378
          ]
        ]
      },
      "id": "way/1151570534"
    },
    {
      "type": "Feature",
      "properties": {
        "@id": "way/1151570535",
        "layer": "-1",
        "tunnel": "culvert",
        "waterway": "drain"
      },
      "geometry": {
        "type": "LineString",
        "coordinates": [
          [
            80.0519685,
            12.8601218
          ],
          [
            80.0520096,
            12.860204
          ]
        ]
      },
      "id": "way/1151570535"
    },
    {
      "type": "Feature",
      "properties": {
        "@id": "way/1151570536",
        "waterway": "drain"
      },
      "geometry": {
        "type": "LineString",
        "coordinates": [
          [
            80.0519743,
            12.8598358
          ],
          [
            80.0519685,
            12.8599964
          ],
          [
            80.0519685,
            12.8601218
          ]
        ]
      },
      "id": "way/1151570536"
    },
    {
      "type": "Feature",
      "properties": {
        "@id": "way/1151570537",
        "layer": "-1",
        "tunnel": "culvert",
        "waterway": "drain"
      },
      "geometry": {
        "type": "LineString",
        "coordinates": [
          [
            80.0519769,
            12.8597661
          ],
          [
            80.0519743,
            12.8598358
          ]
        ]
      },
      "id": "way/1151570537"
    },
    {
      "type": "Feature",
      "properties": {
        "@id": "way/1151570538",
        "waterway": "drain"
      },
      "geometry": {
        "type": "LineString",
        "coordinates": [
          [
            80.0521634,
            12.8587874
          ],
          [
            80.0521098,
            12.8590506
          ],
          [
            80.0519769,
            12.8597661
          ]
        ]
      },
      "id": "way/1151570538"
    },
    {
      "type": "Feature",
      "properties": {
        "@id": "way/1151570539",
        "layer": "-1",
        "tunnel": "culvert",
        "waterway": "drain"
      },
      "geometry": {
        "type": "LineString",
        "coordinates": [
          [
            80.0521759,
            12.8587246
          ],
          [
            80.0521634,
            12.8587874
          ]
        ]
      },
      "id": "way/1151570539"
    },
    {
      "type": "Feature",
      "properties": {
        "@id": "way/1151570540",
        "waterway": "drain"
      },
      "geometry": {
        "type": "LineString",
        "coordinates": [
          [
            80.0524901,
            12.8578569
          ],
          [
            80.0524852,
            12.8579753
          ],
          [
            80.0523461,
            12.8582038
          ]
        ]
      },
      "id": "way/1151570540"
    },
    {
      "type": "Feature",
      "properties": {
        "@id": "way/1151570541",
        "layer": "-1",
        "tunnel": "culvert",
        "waterway": "drain"
      },
      "geometry": {
        "type": "LineString",
        "coordinates": [
          [
            80.0524929,
            12.8577914
          ],
          [
            80.0524901,
            12.8578569
          ]
        ]
      },
      "id": "way/1151570541"
    },
    {
      "type": "Feature",
      "properties": {
        "@id": "way/1151570542",
        "waterway": "drain"
      },
      "geometry": {
        "type": "LineString",
        "coordinates": [
          [
            80.0525031,
            12.8574222
          ],
          [
            80.0525041,
            12.857525
          ],
          [
            80.0524929,
            12.8577914
          ]
        ]
      },
      "id": "way/1151570542"
    },
    {
      "type": "Feature",
      "properties": {
        "@id": "way/1151570543",
        "layer": "-1",
        "tunnel": "culvert",
        "waterway": "drain"
      },
      "geometry": {
        "type": "LineString",
        "coordinates": [
          [
            80.0525039,
            12.8573419
          ],
          [
            80.0525031,
            12.8574222
          ]
        ]
      },
      "id": "way/1151570543"
    },
    {
      "type": "Feature",
      "properties": {
        "@id": "way/1151570544",
        "waterway": "drain"
      },
      "geometry": {
        "type": "LineString",
        "coordinates": [
          [
            80.0524871,
            12.8571728
          ],
          [
            80.0525039,
            12.8573419
          ]
        ]
      },
      "id": "way/1151570544"
    },
    {
      "type": "Feature",
      "properties": {
        "@id": "way/1151570545",
        "layer": "-1",
        "tunnel": "culvert",
        "waterway": "drain"
      },
      "geometry": {
        "type": "LineString",
        "coordinates": [
          [
            80.0524809,
            12.8571106
          ],
          [
            80.0524871,
            12.8571728
          ]
        ]
      },
      "id": "way/1151570545"
    },
    {
      "type": "Feature",
      "properties": {
        "@id": "way/1151570546",
        "waterway": "drain"
      },
      "geometry": {
        "type": "LineString",
        "coordinates": [
          [
            80.0524607,
            12.8568391
          ],
          [
            80.0524577,
            12.8568773
          ],
          [
            80.0524809,
            12.8571106
          ]
        ]
      },
      "id": "way/1151570546"
    },
    {
      "type": "Feature",
      "properties": {
        "@id": "way/1151570547",
        "layer": "-1",
        "tunnel": "culvert",
        "waterway": "drain"
      },
      "geometry": {
        "type": "LineString",
        "coordinates": [
          [
            80.0524657,
            12.8567737
          ],
          [
            80.0524607,
            12.8568391
          ]
        ]
      },
      "id": "way/1151570547"
    },
    {
      "type": "Feature",
      "properties": {
        "@id": "way/1151570548",
        "waterway": "drain"
      },
      "geometry": {
        "type": "LineString",
        "coordinates": [
          [
            80.0527024,
            12.8557115
          ],
          [
            80.0526412,
            12.8559418
          ],
          [
            80.0525861,
            12.8560979
          ]
        ]
      },
      "id": "way/1151570548"
    },
    {
      "type": "Feature",
      "properties": {
        "@id": "way/1151570549",
        "layer": "-1",
        "tunnel": "culvert",
        "waterway": "drain"
      },
      "geometry": {
        "type": "LineString",
        "coordinates": [
          [
            80.0525861,
            12.8560979
          ],
          [
            80.052553,
            12.8561915
          ]
        ]
      },
      "id": "way/1151570549"
    },
    {
      "type": "Feature",
      "properties": {
        "@id": "way/1151629361",
        "waterway": "canal"
      },
      "geometry": {
        "type": "LineString",
        "coordinates": [
          [
            80.0819675,
            13.0195063
          ],
          [
            80.0822671,
            13.0195504
          ],
          [
            80.0823681,
            13.0196448
          ],
          [
            80.0825094,
            13.0196841
          ],
          [
            80.0827355,
            13.0196212
          ],
          [
            80.0830788,
            13.0196526
          ],
          [
            80.0830989,
            13.0197195
          ],
          [
            80.0830222,
            13.0199477
          ],
          [
            80.0831434,
            13.0201129
          ],
          [
            80.0839348,
            13.0204277
          ],
          [
            80.0840639,
            13.0203968
          ],
          [
            80.0842519,
            13.0203188
          ],
          [
            80.084372,
            13.0203954
          ],
          [
            80.0844759,
            13.0204355
          ],
          [
            80.0846212,
            13.020408
          ],
          [
            80.0849062,
            13.0203435
          ]
        ]
      },
      "id": "way/1151629361"
    },
    {
      "type": "Feature",
      "properties": {
        "@id": "way/1151629362",
        "layer": "-1",
        "tunnel": "culvert",
        "waterway": "canal"
      },
      "geometry": {
        "type": "LineString",
        "coordinates": [
          [
            80.0849062,
            13.0203435
          ],
          [
            80.0850317,
            13.0203368
          ]
        ]
      },
      "id": "way/1151629362"
    },
    {
      "type": "Feature",
      "properties": {
        "@id": "way/1151629363",
        "layer": "-1",
        "name": "Chembarambakkam Irrigation canal",
        "waterway": "drain"
      },
      "geometry": {
        "type": "LineString",
        "coordinates": [
          [
            80.0865834,
            13.0181972
          ],
          [
            80.0869498,
            13.01847
          ],
          [
            80.087031,
            13.0186343
          ],
          [
            80.0871063,
            13.0187077
          ],
          [
            80.0873744,
            13.0189688
          ],
          [
            80.0873851,
            13.0189688
          ],
          [
            80.087707,
            13.019136
          ],
          [
            80.0879537,
            13.0193137
          ],
          [
            80.0885009,
            13.0195855
          ],
          [
            80.0885438,
            13.0196064
          ],
          [
            80.0889193,
            13.0198155
          ],
          [
            80.0894332,
            13.0199451
          ],
          [
            80.0903208,
            13.019975
          ],
          [
            80.0907432,
            13.020035
          ],
          [
            80.0909042,
            13.02015
          ],
          [
            80.0910973,
            13.0203277
          ],
          [
            80.091505,
            13.0206412
          ],
          [
            80.0915264,
            13.0206622
          ],
          [
            80.0920414,
            13.0210803
          ],
          [
            80.0922238,
            13.0213102
          ],
          [
            80.0924706,
            13.0214566
          ],
          [
            80.0925992,
            13.0214005
          ]
        ]
      },
      "id": "way/1151629363"
    },
    {
      "type": "Feature",
      "properties": {
        "@id": "way/1151629364",
        "layer": "-1",
        "name": "Chembarambakkam Irrigation canal",
        "tunnel": "culvert",
        "waterway": "drain"
      },
      "geometry": {
        "type": "LineString",
        "coordinates": [
          [
            80.0864901,
            13.0181246
          ],
          [
            80.0865834,
            13.0181972
          ]
        ]
      },
      "id": "way/1151629364"
    },
    {
      "type": "Feature",
      "properties": {
        "@id": "way/1151629365",
        "name": "Chembarampakkam water for irrigation",
        "waterway": "stream"
      },
      "geometry": {
        "type": "LineString",
        "coordinates": [
          [
            80.0867673,
            13.0093125
          ],
          [
            80.0870486,
            13.0090972
          ],
          [
            80.0875318,
            13.0088807
          ],
          [
            80.0882539,
            13.0085511
          ]
        ]
      },
      "id": "way/1151629365"
    },
    {
      "type": "Feature",
      "properties": {
        "@id": "way/1151629366",
        "layer": "-1",
        "name": "Chembarampakkam water for irrigation",
        "tunnel": "culvert",
        "waterway": "stream"
      },
      "geometry": {
        "type": "LineString",
        "coordinates": [
          [
            80.0882539,
            13.0085511
          ],
          [
            80.0883577,
            13.0085046
          ]
        ]
      },
      "id": "way/1151629366"
    },
    {
      "type": "Feature",
      "properties": {
        "@id": "way/1151629367",
        "waterway": "canal"
      },
      "geometry": {
        "type": "LineString",
        "coordinates": [
          [
            80.0850317,
            13.0203368
          ],
          [
            80.0851706,
            13.0203994
          ],
          [
            80.086188,
            13.020227
          ],
          [
            80.0862203,
            13.0201562
          ],
          [
            80.0863656,
            13.0197038
          ],
          [
            80.0866039,
            13.019334
          ],
          [
            80.0866766,
            13.0190665
          ],
          [
            80.0870291,
            13.0187827
          ]
        ]
      },
      "id": "way/1151629367"
    },
    {
      "type": "Feature",
      "properties": {
        "@id": "way/1151629368",
        "bridge": "yes",
        "layer": "1",
        "waterway": "canal"
      },
      "geometry": {
        "type": "LineString",
        "coordinates": [
          [
            80.0870291,
            13.0187827
          ],
          [
            80.0871542,
            13.0186318
          ]
        ]
      },
      "id": "way/1151629368"
    },
    {
      "type": "Feature",
      "properties": {
        "@id": "way/1151629369",
        "waterway": "canal"
      },
      "geometry": {
        "type": "LineString",
        "coordinates": [
          [
            80.0871542,
            13.0186318
          ],
          [
            80.0872015,
            13.0184095
          ],
          [
            80.0873711,
            13.0182836
          ],
          [
            80.0874882,
            13.0182167
          ],
          [
            80.087564,
            13.0182008
          ]
        ]
      },
      "id": "way/1151629369"
    },
    {
      "type": "Feature",
      "properties": {
        "@id": "way/1151629370",
        "bridge": "yes",
        "layer": "1",
        "waterway": "canal"
      },
      "geometry": {
        "type": "LineString",
        "coordinates": [
          [
            80.087564,
            13.0182008
          ],
          [
            80.08767,
            13.0181804
          ]
        ]
      },
      "id": "way/1151629370"
    },
    {
      "type": "Feature",
      "properties": {
        "@id": "way/1152278960",
        "waterway": "drain"
      },
      "geometry": {
        "type": "LineString",
        "coordinates": [
          [
            80.0173767,
            12.8358098
          ],
          [
            80.0173422,
            12.8359769
          ],
          [
            80.0172279,
            12.8366736
          ],
          [
            80.0172301,
            12.8367824
          ]
        ]
      },
      "id": "way/1152278960"
    },
    {
      "type": "Feature",
      "properties": {
        "@id": "way/1152278961",
        "waterway": "drain"
      },
      "geometry": {
        "type": "LineString",
        "coordinates": [
          [
            80.0172323,
            12.8368932
          ],
          [
            80.0172358,
            12.8370685
          ]
        ]
      },
      "id": "way/1152278961"
    },
    {
      "type": "Feature",
      "properties": {
        "@id": "way/1152278962",
        "layer": "-1",
        "tunnel": "culvert",
        "waterway": "drain"
      },
      "geometry": {
        "type": "LineString",
        "coordinates": [
          [
            80.0172301,
            12.8367824
          ],
          [
            80.0172323,
            12.8368932
          ]
        ]
      },
      "id": "way/1152278962"
    },
    {
      "type": "Feature",
      "properties": {
        "@id": "way/1152278963",
        "waterway": "drain"
      },
      "geometry": {
        "type": "LineString",
        "coordinates": [
          [
            80.0172898,
            12.8349643
          ],
          [
            80.0173994,
            12.8353405
          ],
          [
            80.0173894,
            12.8357116
          ]
        ]
      },
      "id": "way/1152278963"
    },
    {
      "type": "Feature",
      "properties": {
        "@id": "way/1152278964",
        "layer": "-1",
        "tunnel": "culvert",
        "waterway": "drain"
      },
      "geometry": {
        "type": "LineString",
        "coordinates": [
          [
            80.0173894,
            12.8357116
          ],
          [
            80.0173767,
            12.8358098
          ]
        ]
      },
      "id": "way/1152278964"
    },
    {
      "type": "Feature",
      "properties": {
        "@id": "way/1152278965",
        "waterway": "drain"
      },
      "geometry": {
        "type": "LineString",
        "coordinates": [
          [
            80.0195185,
            12.8370811
          ],
          [
            80.0195725,
            12.8371147
          ],
          [
            80.0195916,
            12.8375583
          ]
        ]
      },
      "id": "way/1152278965"
    },
    {
      "type": "Feature",
      "properties": {
        "@id": "way/1152278966",
        "waterway": "drain"
      },
      "geometry": {
        "type": "LineString",
        "coordinates": [
          [
            80.0193396,
            12.8369761
          ],
          [
            80.0194216,
            12.837015
          ]
        ]
      },
      "id": "way/1152278966"
    },
    {
      "type": "Feature",
      "properties": {
        "@id": "way/1152278967",
        "layer": "-1",
        "tunnel": "culvert",
        "waterway": "drain"
      },
      "geometry": {
        "type": "LineString",
        "coordinates": [
          [
            80.0194216,
            12.837015
          ],
          [
            80.0195185,
            12.8370811
          ]
        ]
      },
      "id": "way/1152278967"
    },
    {
      "type": "Feature",
      "properties": {
        "@id": "way/1153686626",
        "waterway": "drain"
      },
      "geometry": {
        "type": "LineString",
        "coordinates": [
          [
            80.124321,
            12.8105003
          ],
          [
            80.1246884,
            12.8105012
          ]
        ]
      },
      "id": "way/1153686626"
    },
    {
      "type": "Feature",
      "properties": {
        "@id": "way/1153686627",
        "waterway": "drain"
      },
      "geometry": {
        "type": "LineString",
        "coordinates": [
          [
            80.123767,
            12.8105379
          ],
          [
            80.1242242,
            12.8105082
          ]
        ]
      },
      "id": "way/1153686627"
    },
    {
      "type": "Feature",
      "properties": {
        "@id": "way/1153686628",
        "layer": "-1",
        "tunnel": "culvert",
        "waterway": "drain"
      },
      "geometry": {
        "type": "LineString",
        "coordinates": [
          [
            80.1242242,
            12.8105082
          ],
          [
            80.124321,
            12.8105003
          ]
        ]
      },
      "id": "way/1153686628"
    },
    {
      "type": "Feature",
      "properties": {
        "@id": "way/1185985042",
        "layer": "-1",
        "maxspeed": "30",
        "waterway": "drain"
      },
      "geometry": {
        "type": "LineString",
        "coordinates": [
          [
            80.0939216,
            12.9069768
          ],
          [
            80.0937298,
            12.9071154
          ],
          [
            80.0934421,
            12.907371
          ],
          [
            80.093308,
            12.907522
          ],
          [
            80.0930955,
            12.9078239
          ],
          [
            80.0928655,
            12.9081383
          ],
          [
            80.0926466,
            12.9084212
          ]
        ]
      },
      "id": "way/1185985042"
    },
    {
      "type": "Feature",
      "properties": {
        "@id": "way/1185985043",
        "layer": "-1",
        "maxspeed": "30",
        "tunnel": "culvert",
        "waterway": "drain"
      },
      "geometry": {
        "type": "LineString",
        "coordinates": [
          [
            80.0926466,
            12.9084212
          ],
          [
            80.0923397,
            12.9088331
          ],
          [
            80.0922311,
            12.9089553
          ]
        ]
      },
      "id": "way/1185985043"
    },
    {
      "type": "Feature",
      "properties": {
        "@id": "way/1188575627",
        "intermittent": "yes",
        "layer": "-1",
        "name": "Ainsley Canal",
        "waterway": "drain"
      },
      "geometry": {
        "type": "LineString",
        "coordinates": [
          [
            80.2196662,
            13.1040213
          ],
          [
            80.2205576,
            13.1038526
          ]
        ]
      },
      "id": "way/1188575627"
    },
    {
      "type": "Feature",
      "properties": {
        "@id": "way/1188575628",
        "intermittent": "yes",
        "layer": "-1",
        "name": "Ainsley Canal",
        "tunnel": "culvert",
        "waterway": "drain"
      },
      "geometry": {
        "type": "LineString",
        "coordinates": [
          [
            80.2205576,
            13.1038526
          ],
          [
            80.220667,
            13.1038319
          ]
        ]
      },
      "id": "way/1188575628"
    },
    {
      "type": "Feature",
      "properties": {
        "@id": "way/1188575631",
        "intermittent": "yes",
        "layer": "-1",
        "name": "Ainsley Canal",
        "waterway": "drain"
      },
      "geometry": {
        "type": "LineString",
        "coordinates": [
          [
            80.220667,
            13.1038319
          ],
          [
            80.2206836,
            13.1038288
          ],
          [
            80.2227084,
            13.1035221
          ],
          [
            80.226997,
            13.1030175
          ]
        ]
      },
      "id": "way/1188575631"
    },
    {
      "type": "Feature",
      "properties": {
        "@id": "way/1188575632",
        "intermittent": "yes",
        "layer": "-1",
        "name": "Ainsley Canal",
        "tunnel": "culvert",
        "waterway": "drain"
      },
      "geometry": {
        "type": "LineString",
        "coordinates": [
          [
            80.226997,
            13.1030175
          ],
          [
            80.2271073,
            13.1030045
          ]
        ]
      },
      "id": "way/1188575632"
    },
    {
      "type": "Feature",
      "properties": {
        "@id": "way/1188575635",
        "intermittent": "yes",
        "layer": "-1",
        "name": "Ainsley Canal",
        "waterway": "drain"
      },
      "geometry": {
        "type": "LineString",
        "coordinates": [
          [
            80.2271073,
            13.1030045
          ],
          [
            80.2289117,
            13.1027922
          ],
          [
            80.229624,
            13.1025686
          ],
          [
            80.2309907,
            13.1024218
          ]
        ]
      },
      "id": "way/1188575635"
    },
    {
      "type": "Feature",
      "properties": {
        "@id": "way/1188575636",
        "intermittent": "yes",
        "layer": "-1",
        "name": "Ainsley Canal",
        "tunnel": "culvert",
        "waterway": "drain"
      },
      "geometry": {
        "type": "LineString",
        "coordinates": [
          [
            80.2309907,
            13.1024218
          ],
          [
            80.2311011,
            13.1024099
          ]
        ]
      },
      "id": "way/1188575636"
    },
    {
      "type": "Feature",
      "properties": {
        "@id": "way/1190764124",
        "waterway": "drain"
      },
      "geometry": {
        "type": "LineString",
        "coordinates": [
          [
            80.0764704,
            13.1102844
          ],
          [
            80.0774145,
            13.1162038
          ],
          [
            80.0777098,
            13.1180809
          ]
        ]
      },
      "id": "way/1190764124"
    },
    {
      "type": "Feature",
      "properties": {
        "@id": "way/1190764125",
        "layer": "-1",
        "tunnel": "culvert",
        "waterway": "drain"
      },
      "geometry": {
        "type": "LineString",
        "coordinates": [
          [
            80.0777098,
            13.1180809
          ],
          [
            80.0777256,
            13.1181813
          ]
        ]
      },
      "id": "way/1190764125"
    },
    {
      "type": "Feature",
      "properties": {
        "@id": "way/1191351265",
        "layer": "-1",
        "waterway": "ditch"
      },
      "geometry": {
        "type": "LineString",
        "coordinates": [
          [
            80.0837498,
            12.9736109
          ],
          [
            80.0839735,
            12.9734372
          ],
          [
            80.0840923,
            12.972824
          ],
          [
            80.084323,
            12.9715978
          ],
          [
            80.0840434,
            12.9692679
          ],
          [
            80.0838686,
            12.9681371
          ],
          [
            80.0842742,
            12.9680956
          ],
          [
            80.0849196,
            12.9680673
          ],
          [
            80.0853401,
            12.9678812
          ],
          [
            80.0854345,
            12.9673012
          ],
          [
            80.0854618,
            12.9671715
          ],
          [
            80.0863713,
            12.9671622
          ],
          [
            80.0869888,
            12.966803
          ],
          [
            80.0877833,
            12.9665791
          ],
          [
            80.0888651,
            12.9663645
          ],
          [
            80.0893198,
            12.9663832
          ],
          [
            80.0896597,
            12.9665371
          ]
        ]
      },
      "id": "way/1191351265"
    },
    {
      "type": "Feature",
      "properties": {
        "@id": "way/1191351266",
        "layer": "-1",
        "tunnel": "culvert",
        "waterway": "ditch"
      },
      "geometry": {
        "type": "LineString",
        "coordinates": [
          [
            80.0896597,
            12.9665371
          ],
          [
            80.0897011,
            12.9665322
          ]
        ]
      },
      "id": "way/1191351266"
    },
    {
      "type": "Feature",
      "properties": {
        "@id": "way/1191352299",
        "waterway": "canal"
      },
      "geometry": {
        "type": "LineString",
        "coordinates": [
          [
            80.0915441,
            13.2186024
          ],
          [
            80.0946202,
            13.2206315
          ],
          [
            80.1038041,
            13.22008
          ],
          [
            80.1137347,
            13.2195202
          ],
          [
            80.1174168,
            13.2184005
          ],
          [
            80.1209616,
            13.2192194
          ],
          [
            80.1229357,
            13.22069
          ],
          [
            80.1263604,
            13.2202555
          ],
          [
            80.1311497,
            13.2184924
          ],
          [
            80.1328498,
            13.2178641
          ],
          [
            80.1347079,
            13.2171774
          ],
          [
            80.1351049,
            13.2170834
          ],
          [
            80.1355019,
            13.216885
          ],
          [
            80.1362314,
            13.2166656
          ],
          [
            80.1369502,
            13.216509
          ],
          [
            80.137594,
            13.2162478
          ],
          [
            80.1381626,
            13.2161956
          ],
          [
            80.1385596,
            13.2163314
          ],
          [
            80.1389029,
            13.2165821
          ],
          [
            80.1393213,
            13.2166865
          ],
          [
            80.1399865,
            13.2169267
          ],
          [
            80.1408555,
            13.2172505
          ],
          [
            80.1412632,
            13.2175116
          ],
          [
            80.1419606,
            13.2178772
          ],
          [
            80.1428833,
            13.2183107
          ],
          [
            80.1433983,
            13.2187127
          ],
          [
            80.1442619,
            13.2189896
          ],
          [
            80.1465208,
            13.2193327
          ],
          [
            80.148334,
            13.2196722
          ],
          [
            80.1504261,
            13.2201265
          ],
          [
            80.1506728,
            13.2201213
          ],
          [
            80.150984,
            13.2201683
          ],
          [
            80.1511878,
            13.2203615
          ],
          [
            80.1514614,
            13.220654
          ],
          [
            80.1520944,
            13.2213642
          ],
          [
            80.1522393,
            13.2214216
          ],
          [
            80.1529956,
            13.221453
          ],
          [
            80.1538486,
            13.2214686
          ],
          [
            80.1541409,
            13.2214543
          ],
          [
            80.154377,
            13.2214491
          ],
          [
            80.1544548,
            13.2214987
          ],
          [
            80.1545084,
            13.2215979
          ]
        ]
      },
      "id": "way/1191352299"
    },
    {
      "type": "Feature",
      "properties": {
        "@id": "way/1191352300",
        "layer": "-1",
        "tunnel": "culvert",
        "waterway": "canal"
      },
      "geometry": {
        "type": "LineString",
        "coordinates": [
          [
            80.0914521,
            13.2185417
          ],
          [
            80.0915441,
            13.2186024
          ]
        ]
      },
      "id": "way/1191352300"
    },
    {
      "type": "Feature",
      "properties": {
        "@id": "way/1191369636",
        "waterway": "ditch"
      },
      "geometry": {
        "type": "LineString",
        "coordinates": [
          [
            80.0793933,
            12.9612598
          ],
          [
            80.0792759,
            12.9612668
          ],
          [
            80.0788159,
            12.9612103
          ],
          [
            80.0785006,
            12.9612985
          ],
          [
            80.0781036,
            12.9612985
          ],
          [
            80.0774993,
            12.9611562
          ]
        ]
      },
      "id": "way/1191369636"
    },
    {
      "type": "Feature",
      "properties": {
        "@id": "way/1191369637",
        "layer": "-1",
        "tunnel": "culvert",
        "waterway": "ditch"
      },
      "geometry": {
        "type": "LineString",
        "coordinates": [
          [
            80.0795062,
            12.961253
          ],
          [
            80.0793933,
            12.9612598
          ]
        ]
      },
      "id": "way/1191369637"
    },
    {
      "type": "Feature",
      "properties": {
        "@id": "way/1191369640",
        "waterway": "ditch"
      },
      "geometry": {
        "type": "LineString",
        "coordinates": [
          [
            80.0799621,
            12.9617377
          ],
          [
            80.0799638,
            12.9617331
          ],
          [
            80.0798554,
            12.9616708
          ],
          [
            80.0798122,
            12.9613802
          ],
          [
            80.0797422,
            12.9612388
          ],
          [
            80.0795062,
            12.961253
          ]
        ]
      },
      "id": "way/1191369640"
    },
    {
      "type": "Feature",
      "properties": {
        "@id": "way/1191369641",
        "layer": "-1",
        "tunnel": "culvert",
        "waterway": "ditch"
      },
      "geometry": {
        "type": "LineString",
        "coordinates": [
          [
            80.0799312,
            12.961821
          ],
          [
            80.0799621,
            12.9617377
          ]
        ]
      },
      "id": "way/1191369641"
    },
    {
      "type": "Feature",
      "properties": {
        "@id": "way/1201028111",
        "layer": "-1",
        "waterway": "drain"
      },
      "geometry": {
        "type": "LineString",
        "coordinates": [
          [
            80.2517377,
            13.1667569
          ],
          [
            80.2515813,
            13.166461
          ]
        ]
      },
      "id": "way/1201028111"
    },
    {
      "type": "Feature",
      "properties": {
        "@id": "way/1201028112",
        "layer": "-1",
        "tunnel": "culvert",
        "waterway": "drain"
      },
      "geometry": {
        "type": "LineString",
        "coordinates": [
          [
            80.2515813,
            13.166461
          ],
          [
            80.2515306,
            13.1663649
          ]
        ]
      },
      "id": "way/1201028112"
    },
    {
      "type": "Feature",
      "properties": {
        "@id": "way/1201589647",
        "layer": "-1",
        "tunnel": "culvert",
        "waterway": "ditch"
      },
      "geometry": {
        "type": "LineString",
        "coordinates": [
          [
            80.0897999,
            12.9665205
          ],
          [
            80.0899754,
            12.9664998
          ]
        ]
      },
      "id": "way/1201589647"
    },
    {
      "type": "Feature",
      "properties": {
        "@id": "way/1201589648",
        "layer": "-1",
        "waterway": "ditch"
      },
      "geometry": {
        "type": "LineString",
        "coordinates": [
          [
            80.0897011,
            12.9665322
          ],
          [
            80.0897999,
            12.9665205
          ]
        ]
      },
      "id": "way/1201589648"
    },
    {
      "type": "Feature",
      "properties": {
        "@id": "way/1201589649",
        "layer": "-1",
        "waterway": "ditch"
      },
      "geometry": {
        "type": "LineString",
        "coordinates": [
          [
            80.0899754,
            12.9664998
          ],
          [
            80.0901527,
            12.9664788
          ]
        ]
      },
      "id": "way/1201589649"
    },
    {
      "type": "Feature",
      "properties": {
        "@id": "way/1201589650",
        "layer": "-1",
        "tunnel": "culvert",
        "waterway": "ditch"
      },
      "geometry": {
        "type": "LineString",
        "coordinates": [
          [
            80.0901527,
            12.9664788
          ],
          [
            80.0903283,
            12.966458
          ]
        ]
      },
      "id": "way/1201589650"
    },
    {
      "type": "Feature",
      "properties": {
        "@id": "way/1201589651",
        "layer": "-1",
        "waterway": "ditch"
      },
      "geometry": {
        "type": "LineString",
        "coordinates": [
          [
            80.0903283,
            12.966458
          ],
          [
            80.0904364,
            12.9664453
          ]
        ]
      },
      "id": "way/1201589651"
    },
    {
      "type": "Feature",
      "properties": {
        "@id": "way/1201589652",
        "layer": "-1",
        "tunnel": "culvert",
        "waterway": "ditch"
      },
      "geometry": {
        "type": "LineString",
        "coordinates": [
          [
            80.0904364,
            12.9664453
          ],
          [
            80.0905142,
            12.9664361
          ]
        ]
      },
      "id": "way/1201589652"
    },
    {
      "type": "Feature",
      "properties": {
        "@id": "way/1201589653",
        "layer": "-1",
        "tunnel": "culvert",
        "waterway": "ditch"
      },
      "geometry": {
        "type": "LineString",
        "coordinates": [
          [
            80.0905381,
            12.9664332
          ],
          [
            80.0906247,
            12.966423
          ]
        ]
      },
      "id": "way/1201589653"
    },
    {
      "type": "Feature",
      "properties": {
        "@id": "way/1201589654",
        "layer": "-1",
        "waterway": "ditch"
      },
      "geometry": {
        "type": "LineString",
        "coordinates": [
          [
            80.0905142,
            12.9664361
          ],
          [
            80.0905381,
            12.9664332
          ]
        ]
      },
      "id": "way/1201589654"
    },
    {
      "type": "Feature",
      "properties": {
        "@id": "way/1202685097",
        "layer": "-1",
        "name": "Egankipuram Canal",
        "osm_id": "25368787",
        "waterway": "drain"
      },
      "geometry": {
        "type": "LineString",
        "coordinates": [
          [
            80.2473906,
            13.0970297
          ],
          [
            80.2474344,
            13.0970078
          ],
          [
            80.2476411,
            13.0970475
          ],
          [
            80.2494263,
            13.0975014
          ]
        ]
      },
      "id": "way/1202685097"
    },
    {
      "type": "Feature",
      "properties": {
        "@id": "way/1202685098",
        "layer": "-1",
        "name": "Egankipuram Canal",
        "osm_id": "25368787",
        "tunnel": "culvert",
        "waterway": "drain"
      },
      "geometry": {
        "type": "LineString",
        "coordinates": [
          [
            80.2473087,
            13.0972026
          ],
          [
            80.2473906,
            13.0970297
          ]
        ]
      },
      "id": "way/1202685098"
    },
    {
      "type": "Feature",
      "properties": {
        "@id": "way/1202685099",
        "layer": "-1",
        "name": "Egankipuram Canal",
        "osm_id": "25368787",
        "waterway": "drain"
      },
      "geometry": {
        "type": "LineString",
        "coordinates": [
          [
            80.2503175,
            13.0977301
          ],
          [
            80.2510566,
            13.0979462
          ]
        ]
      },
      "id": "way/1202685099"
    },
    {
      "type": "Feature",
      "properties": {
        "@id": "way/1202685100",
        "layer": "-1",
        "name": "Egankipuram Canal",
        "osm_id": "25368787",
        "tunnel": "culvert",
        "waterway": "drain"
      },
      "geometry": {
        "type": "LineString",
        "coordinates": [
          [
            80.2502602,
            13.0977168
          ],
          [
            80.2503175,
            13.0977301
          ]
        ]
      },
      "id": "way/1202685100"
    },
    {
      "type": "Feature",
      "properties": {
        "@id": "way/1202685103",
        "layer": "-1",
        "name": "Egankipuram Canal",
        "osm_id": "25368787",
        "waterway": "drain"
      },
      "geometry": {
        "type": "LineString",
        "coordinates": [
          [
            80.2495317,
            13.0975206
          ],
          [
            80.2501206,
            13.097668
          ],
          [
            80.2502602,
            13.0977168
          ]
        ]
      },
      "id": "way/1202685103"
    },
    {
      "type": "Feature",
      "properties": {
        "@id": "way/1202685104",
        "layer": "-1",
        "name": "Egankipuram Canal",
        "osm_id": "25368787",
        "tunnel": "culvert",
        "waterway": "drain"
      },
      "geometry": {
        "type": "LineString",
        "coordinates": [
          [
            80.2494263,
            13.0975014
          ],
          [
            80.2495317,
            13.0975206
          ]
        ]
      },
      "id": "way/1202685104"
    },
    {
      "type": "Feature",
      "properties": {
        "@id": "way/1202708871",
        "layer": "-1",
        "name": "Vyasarpadi Canal",
        "waterway": "drain"
      },
      "geometry": {
        "type": "LineString",
        "coordinates": [
          [
            80.2570515,
            13.1183964
          ],
          [
            80.2574914,
            13.1181783
          ],
          [
            80.2588561,
            13.1179777
          ],
          [
            80.2591651,
            13.1179024
          ],
          [
            80.2605316,
            13.1179024
          ]
        ]
      },
      "id": "way/1202708871"
    },
    {
      "type": "Feature",
      "properties": {
        "@id": "way/1202708872",
        "layer": "-1",
        "name": "Vyasarpadi Canal",
        "tunnel": "culvert",
        "waterway": "drain"
      },
      "geometry": {
        "type": "LineString",
        "coordinates": [
          [
            80.2569602,
            13.1184416
          ],
          [
            80.2570515,
            13.1183964
          ]
        ]
      },
      "id": "way/1202708872"
    },
    {
      "type": "Feature",
      "properties": {
        "@id": "way/1202708875",
        "layer": "-1",
        "name": "Vyasarpadi Canal",
        "waterway": "drain"
      },
      "geometry": {
        "type": "LineString",
        "coordinates": [
          [
            80.2606331,
            13.1179024
          ],
          [
            80.2608903,
            13.1179024
          ],
          [
            80.2612169,
            13.1178338
          ],
          [
            80.2616299,
            13.1176816
          ],
          [
            80.2617899,
            13.1175294
          ]
        ]
      },
      "id": "way/1202708875"
    },
    {
      "type": "Feature",
      "properties": {
        "@id": "way/1202708876",
        "layer": "-1",
        "name": "Vyasarpadi Canal",
        "tunnel": "culvert",
        "waterway": "drain"
      },
      "geometry": {
        "type": "LineString",
        "coordinates": [
          [
            80.2605316,
            13.1179024
          ],
          [
            80.2606331,
            13.1179024
          ]
        ]
      },
      "id": "way/1202708876"
    },
    {
      "type": "Feature",
      "properties": {
        "@id": "way/1202708879",
        "layer": "-1",
        "name": "Vyasarpadi Canal",
        "waterway": "drain"
      },
      "geometry": {
        "type": "LineString",
        "coordinates": [
          [
            80.2500589,
            13.122157
          ],
          [
            80.2508137,
            13.121898
          ],
          [
            80.2513349,
            13.1215049
          ]
        ]
      },
      "id": "way/1202708879"
    },
    {
      "type": "Feature",
      "properties": {
        "@id": "way/1202708880",
        "layer": "-1",
        "name": "Vyasarpadi Canal",
        "tunnel": "culvert",
        "waterway": "drain"
      },
      "geometry": {
        "type": "LineString",
        "coordinates": [
          [
            80.2513349,
            13.1215049
          ],
          [
            80.2514231,
            13.1214383
          ]
        ]
      },
      "id": "way/1202708880"
    },
    {
      "type": "Feature",
      "properties": {
        "@id": "way/1202708881",
        "layer": "-1",
        "name": "Vyasarpadi Canal",
        "waterway": "drain"
      },
      "geometry": {
        "type": "LineString",
        "coordinates": [
          [
            80.2491572,
            13.1224665
          ],
          [
            80.2499545,
            13.1221929
          ]
        ]
      },
      "id": "way/1202708881"
    },
    {
      "type": "Feature",
      "properties": {
        "@id": "way/1202708882",
        "layer": "-1",
        "name": "Vyasarpadi Canal",
        "tunnel": "culvert",
        "waterway": "drain"
      },
      "geometry": {
        "type": "LineString",
        "coordinates": [
          [
            80.2499545,
            13.1221929
          ],
          [
            80.2500589,
            13.122157
          ]
        ]
      },
      "id": "way/1202708882"
    },
    {
      "type": "Feature",
      "properties": {
        "@id": "way/1205852871",
        "layer": "-1",
        "waterway": "drain"
      },
      "geometry": {
        "type": "LineString",
        "coordinates": [
          [
            80.2139517,
            13.1306212
          ],
          [
            80.213938,
            13.1306301
          ],
          [
            80.21381,
            13.1306317
          ],
          [
            80.2137223,
            13.1306394
          ],
          [
            80.2133488,
            13.1306556
          ],
          [
            80.2129429,
            13.1308808
          ],
          [
            80.2128425,
            13.1314079
          ]
        ]
      },
      "id": "way/1205852871"
    },
    {
      "type": "Feature",
      "properties": {
        "@id": "way/1205852872",
        "layer": "-1",
        "tunnel": "culvert",
        "waterway": "drain"
      },
      "geometry": {
        "type": "LineString",
        "coordinates": [
          [
            80.2140131,
            13.1305812
          ],
          [
            80.2139517,
            13.1306212
          ]
        ]
      },
      "id": "way/1205852872"
    },
    {
      "type": "Feature",
      "properties": {
        "@id": "way/1205852875",
        "layer": "-1",
        "waterway": "drain"
      },
      "geometry": {
        "type": "LineString",
        "coordinates": [
          [
            80.214184,
            13.1304698
          ],
          [
            80.2140131,
            13.1305812
          ]
        ]
      },
      "id": "way/1205852875"
    },
    {
      "type": "Feature",
      "properties": {
        "@id": "way/1205852876",
        "layer": "-1",
        "tunnel": "culvert",
        "waterway": "drain"
      },
      "geometry": {
        "type": "LineString",
        "coordinates": [
          [
            80.2142455,
            13.1304297
          ],
          [
            80.214184,
            13.1304698
          ]
        ]
      },
      "id": "way/1205852876"
    },
    {
      "type": "Feature",
      "properties": {
        "@id": "way/1205852879",
        "layer": "-1",
        "waterway": "drain"
      },
      "geometry": {
        "type": "LineString",
        "coordinates": [
          [
            80.2382655,
            13.1311647
          ],
          [
            80.2379826,
            13.1311326
          ],
          [
            80.2376785,
            13.1312915
          ],
          [
            80.2358044,
            13.1310655
          ],
          [
            80.2357123,
            13.1309553
          ],
          [
            80.235708,
            13.130872
          ],
          [
            80.235729,
            13.1305135
          ],
          [
            80.2357431,
            13.130416
          ],
          [
            80.2357335,
            13.130172
          ],
          [
            80.2357415,
            13.1300479
          ],
          [
            80.2357643,
            13.1295398
          ],
          [
            80.2356395,
            13.1294468
          ],
          [
            80.2342425,
            13.1293857
          ],
          [
            80.2334614,
            13.1293522
          ],
          [
            80.2326954,
            13.1292687
          ],
          [
            80.2312816,
            13.1284111
          ]
        ]
      },
      "id": "way/1205852879"
    },
    {
      "type": "Feature",
      "properties": {
        "@id": "way/1205852880",
        "layer": "-1",
        "tunnel": "culvert",
        "waterway": "drain"
      },
      "geometry": {
        "type": "LineString",
        "coordinates": [
          [
            80.2312816,
            13.1284111
          ],
          [
            80.2311931,
            13.1283575
          ]
        ]
      },
      "id": "way/1205852880"
    },
    {
      "type": "Feature",
      "properties": {
        "@id": "way/1225579228",
        "boat": "no",
        "layer": "-1",
        "name": "Jafferkhanpet Canal",
        "tunnel": "culvert",
        "waterway": "canal"
      },
      "geometry": {
        "type": "LineString",
        "coordinates": [
          [
            80.2122399,
            13.0252143
          ],
          [
            80.2120533,
            13.0252067
          ],
          [
            80.2115879,
            13.0250356
          ],
          [
            80.2115879,
            13.0249102
          ],
          [
            80.2110514,
            13.0246121
          ]
        ]
      },
      "id": "way/1225579228"
    },
    {
      "type": "Feature",
      "properties": {
        "@id": "way/1225579229",
        "boat": "no",
        "layer": "-1",
        "name": "Jafferkhanpet Canal",
        "tunnel": "culvert",
        "waterway": "canal"
      },
      "geometry": {
        "type": "LineString",
        "coordinates": [
          [
            80.2123777,
            13.0251977
          ],
          [
            80.2122399,
            13.0252143
          ]
        ]
      },
      "id": "way/1225579229"
    },
    {
      "type": "Feature",
      "properties": {
        "@id": "way/1229272623",
        "layer": "-1",
        "waterway": "drain"
      },
      "geometry": {
        "type": "LineString",
        "coordinates": [
          [
            80.2409961,
            13.0287581
          ],
          [
            80.2409894,
            13.0287325
          ],
          [
            80.2403778,
            13.0260984
          ]
        ]
      },
      "id": "way/1229272623"
    },
    {
      "type": "Feature",
      "properties": {
        "@id": "way/1229272624",
        "layer": "-1",
        "tunnel": "culvert",
        "waterway": "drain"
      },
      "geometry": {
        "type": "LineString",
        "coordinates": [
          [
            80.2410215,
            13.0288542
          ],
          [
            80.2409961,
            13.0287581
          ]
        ]
      },
      "id": "way/1229272624"
    },
    {
      "type": "Feature",
      "properties": {
        "@id": "way/1229272625",
        "layer": "-1",
        "waterway": "drain"
      },
      "geometry": {
        "type": "LineString",
        "coordinates": [
          [
            80.241806,
            13.0315962
          ],
          [
            80.2414479,
            13.0304369
          ]
        ]
      },
      "id": "way/1229272625"
    },
    {
      "type": "Feature",
      "properties": {
        "@id": "way/1229272626",
        "layer": "-1",
        "tunnel": "culvert",
        "waterway": "drain"
      },
      "geometry": {
        "type": "LineString",
        "coordinates": [
          [
            80.2414479,
            13.0304369
          ],
          [
            80.2414312,
            13.0303828
          ],
          [
            80.2414098,
            13.0303135
          ]
        ]
      },
      "id": "way/1229272626"
    },
    {
      "type": "Feature",
      "properties": {
        "@id": "way/1232632860",
        "intermittent": "yes",
        "name": "Veerangal Canal",
        "waterway": "drain"
      },
      "geometry": {
        "type": "LineString",
        "coordinates": [
          [
            80.1911155,
            12.9749956
          ],
          [
            80.191204,
            12.9753098
          ],
          [
            80.1912327,
            12.9753465
          ]
        ]
      },
      "id": "way/1232632860"
    },
    {
      "type": "Feature",
      "properties": {
        "@id": "way/1232632861",
        "intermittent": "yes",
        "layer": "-1",
        "name": "Veerangal Canal",
        "tunnel": "culvert",
        "waterway": "drain"
      },
      "geometry": {
        "type": "LineString",
        "coordinates": [
          [
            80.1912327,
            12.9753465
          ],
          [
            80.1912645,
            12.9753871
          ]
        ]
      },
      "id": "way/1232632861"
    },
    {
      "type": "Feature",
      "properties": {
        "@id": "way/1236014622",
        "waterway": "drain"
      },
      "geometry": {
        "type": "LineString",
        "coordinates": [
          [
            80.1079471,
            13.0653764
          ],
          [
            80.1083927,
            13.0650413
          ],
          [
            80.1086532,
            13.064889
          ],
          [
            80.1089212,
            13.0647802
          ],
          [
            80.1092116,
            13.0644902
          ],
          [
            80.1094275,
            13.0642943
          ],
          [
            80.1096806,
            13.064113
          ],
          [
            80.1100943,
            13.0641093
          ],
          [
            80.1104069,
            13.0641093
          ],
          [
            80.1110323,
            13.0642253
          ],
          [
            80.1115981,
            13.0642761
          ],
          [
            80.1121193,
            13.0643051
          ],
          [
            80.1127,
            13.0643196
          ],
          [
            80.1129084,
            13.0643196
          ],
          [
            80.1139507,
            13.0641673
          ],
          [
            80.1145091,
            13.0641673
          ],
          [
            80.1152759,
            13.0642326
          ],
          [
            80.1160312,
            13.06469
          ]
        ]
      },
      "id": "way/1236014622"
    },
    {
      "type": "Feature",
      "properties": {
        "@id": "way/1236014623",
        "waterway": "stream"
      },
      "geometry": {
        "type": "LineString",
        "coordinates": [
          [
            80.0995227,
            13.0711366
          ],
          [
            80.0996112,
            13.0711262
          ],
          [
            80.0997139,
            13.0711297
          ],
          [
            80.0998554,
            13.0711573
          ],
          [
            80.0999368,
            13.0711952
          ],
          [
            80.0999758,
            13.0712124
          ],
          [
            80.1000607,
            13.0712159
          ],
          [
            80.1001279,
            13.0712124
          ],
          [
            80.1001916,
            13.0711986
          ],
          [
            80.1002907,
            13.0711607
          ],
          [
            80.1004535,
            13.0710987
          ],
          [
            80.1006022,
            13.0710469
          ],
          [
            80.1007331,
            13.0710125
          ],
          [
            80.1008287,
            13.0709952
          ],
          [
            80.1009172,
            13.0709608
          ],
          [
            80.1009703,
            13.0709263
          ],
          [
            80.1010446,
            13.0708504
          ],
          [
            80.1011543,
            13.0707849
          ],
          [
            80.1012676,
            13.0707332
          ],
          [
            80.1015283,
            13.070634
          ],
          [
            80.1018395,
            13.0705079
          ],
          [
            80.1020582,
            13.0704269
          ],
          [
            80.1022277,
            13.0703849
          ],
          [
            80.1023324,
            13.0703759
          ],
          [
            80.1025728,
            13.0703969
          ],
          [
            80.1028192,
            13.0704389
          ],
          [
            80.1029456,
            13.0704629
          ],
          [
            80.1030103,
            13.0704599
          ],
          [
            80.1030873,
            13.0704299
          ],
          [
            80.103115,
            13.0703789
          ],
          [
            80.1031577,
            13.0701513
          ],
          [
            80.1031857,
            13.0699511
          ],
          [
            80.1032558,
            13.0698101
          ],
          [
            80.1033538,
            13.0697146
          ],
          [
            80.1034519,
            13.0696554
          ],
          [
            80.1035266,
            13.0696418
          ],
          [
            80.1036994,
            13.0696372
          ],
          [
            80.1038675,
            13.0696418
          ],
          [
            80.1039563,
            13.069619
          ],
          [
            80.1041244,
            13.0695417
          ],
          [
            80.104623,
            13.0693204
          ],
          [
            80.1047724,
            13.0692613
          ],
          [
            80.1048938,
            13.0692203
          ],
          [
            80.1050573,
            13.0692067
          ],
          [
            80.1052768,
            13.069234
          ],
          [
            80.105515,
            13.0692658
          ],
          [
            80.1056737,
            13.0692613
          ],
          [
            80.1058092,
            13.0692294
          ],
          [
            80.1060567,
            13.0691202
          ],
          [
            80.1063681,
            13.0689381
          ],
          [
            80.1064451,
            13.0688811
          ],
          [
            80.1065314,
            13.0688151
          ],
          [
            80.1066669,
            13.0687551
          ],
          [
            80.1067655,
            13.068719
          ],
          [
            80.1069165,
            13.068701
          ],
          [
            80.1071476,
            13.068698
          ],
          [
            80.107317,
            13.068692
          ],
          [
            80.1073633,
            13.068686
          ],
          [
            80.1074341,
            13.068644
          ],
          [
            80.1075142,
            13.068554
          ],
          [
            80.1075851,
            13.0684519
          ],
          [
            80.107659,
            13.0683409
          ],
          [
            80.107773,
            13.0682328
          ],
          [
            80.1078593,
            13.0681788
          ],
          [
            80.1078932,
            13.0681248
          ],
          [
            80.1079117,
            13.0680708
          ],
          [
            80.1079548,
            13.0680167
          ],
          [
            80.1080195,
            13.0679567
          ],
          [
            80.1080966,
            13.0678847
          ],
          [
            80.108152,
            13.0678277
          ],
          [
            80.1082044,
            13.0677766
          ],
          [
            80.1082414,
            13.0676956
          ],
          [
            80.1082414,
            13.0676146
          ],
          [
            80.108229,
            13.0675095
          ],
          [
            80.1082198,
            13.0674405
          ],
          [
            80.108229,
            13.0673955
          ],
          [
            80.1082722,
            13.0673535
          ],
          [
            80.108343,
            13.0672934
          ],
          [
            80.1083584,
            13.0672394
          ],
          [
            80.1083584,
            13.0671584
          ],
          [
            80.1083708,
            13.0670533
          ],
          [
            80.1083554,
            13.0669543
          ],
          [
            80.1083184,
            13.0668823
          ],
          [
            80.1082892,
            13.0668534
          ],
          [
            80.108245,
            13.0668276
          ],
          [
            80.1082096,
            13.0667827
          ],
          [
            80.108183,
            13.0667328
          ],
          [
            80.1081229,
            13.0666897
          ],
          [
            80.1080556,
            13.0666776
          ],
          [
            80.1079211,
            13.0666845
          ],
          [
            80.1077849,
            13.0666931
          ],
          [
            80.1076755,
            13.0666931
          ],
          [
            80.1075914,
            13.066684
          ],
          [
            80.1074957,
            13.0666704
          ],
          [
            80.1074396,
            13.0666454
          ],
          [
            80.1073859,
            13.0666044
          ],
          [
            80.1073579,
            13.0665476
          ],
          [
            80.1073532,
            13.0664907
          ],
          [
            80.1073579,
            13.0664407
          ],
          [
            80.1073602,
            13.0663906
          ],
          [
            80.1073766,
            13.066352
          ],
          [
            80.1074093,
            13.0663042
          ],
          [
            80.1074326,
            13.0662405
          ],
          [
            80.107456,
            13.0661654
          ],
          [
            80.1075003,
            13.066079
          ],
          [
            80.1075891,
            13.0658925
          ],
          [
            80.1076888,
            13.0657005
          ],
          [
            80.1077206,
            13.0656143
          ],
          [
            80.1077277,
            13.0655488
          ],
          [
            80.1077418,
            13.0655212
          ],
          [
            80.1077808,
            13.0654798
          ],
          [
            80.1078445,
            13.0654385
          ],
          [
            80.1079471,
            13.0653764
          ]
        ]
      },
      "id": "way/1236014623"
    },
    {
      "type": "Feature",
      "properties": {
        "@id": "way/1236014624",
        "waterway": "drain"
      },
      "geometry": {
        "type": "LineString",
        "coordinates": [
          [
            80.0987032,
            13.0715514
          ],
          [
            80.0988512,
            13.071523
          ],
          [
            80.0992782,
            13.0711965
          ],
          [
            80.0995227,
            13.0711366
          ]
        ]
      },
      "id": "way/1236014624"
    },
    {
      "type": "Feature",
      "properties": {
        "@id": "way/1255150773",
        "layer": "-1",
        "waterway": "drain"
      },
      "geometry": {
        "type": "LineString",
        "coordinates": [
          [
            80.1207919,
            13.0037907
          ],
          [
            80.121483,
            13.0039161
          ],
          [
            80.1217607,
            13.0040151
          ],
          [
            80.1219911,
            13.0040349
          ],
          [
            80.1221333,
            13.0039425
          ],
          [
            80.1221672,
            13.0039029
          ],
          [
            80.122445,
            13.0039689
          ],
          [
            80.1226415,
            13.0041471
          ],
          [
            80.122926,
            13.0041999
          ],
          [
            80.1231564,
            13.0042065
          ],
          [
            80.1233257,
            13.0043518
          ],
          [
            80.1235899,
            13.0044706
          ],
          [
            80.1238677,
            13.0045168
          ],
          [
            80.1240235,
            13.0046026
          ],
          [
            80.1242674,
            13.0047478
          ],
          [
            80.1245045,
            13.0048138
          ],
          [
            80.1248094,
            13.0050713
          ],
          [
            80.1250059,
            13.0051967
          ],
          [
            80.1251546,
            13.0052046
          ]
        ]
      },
      "id": "way/1255150773"
    },
    {
      "type": "Feature",
      "properties": {
        "@id": "way/1255150774",
        "layer": "-1",
        "tunnel": "culvert",
        "waterway": "drain"
      },
      "geometry": {
        "type": "LineString",
        "coordinates": [
          [
            80.1270492,
            13.0058473
          ],
          [
            80.1271588,
            13.0058966
          ]
        ]
      },
      "id": "way/1255150774"
    },
    {
      "type": "Feature",
      "properties": {
        "@id": "way/1255150777",
        "layer": "-1",
        "waterway": "drain"
      },
      "geometry": {
        "type": "LineString",
        "coordinates": [
          [
            80.1252559,
            13.00521
          ],
          [
            80.1253235,
            13.0052136
          ],
          [
            80.1255663,
            13.0053488
          ],
          [
            80.1258395,
            13.0054755
          ],
          [
            80.1261343,
            13.0055474
          ],
          [
            80.1263077,
            13.0056572
          ],
          [
            80.1265072,
            13.0057206
          ],
          [
            80.1266503,
            13.0057206
          ],
          [
            80.1268627,
            13.0057586
          ],
          [
            80.1270492,
            13.0058473
          ]
        ]
      },
      "id": "way/1255150777"
    },
    {
      "type": "Feature",
      "properties": {
        "@id": "way/1255150778",
        "layer": "-1",
        "tunnel": "culvert",
        "waterway": "drain"
      },
      "geometry": {
        "type": "LineString",
        "coordinates": [
          [
            80.1251546,
            13.0052046
          ],
          [
            80.1252559,
            13.00521
          ]
        ]
      },
      "id": "way/1255150778"
    },
    {
      "type": "Feature",
      "properties": {
        "@id": "way/1255150780",
        "layer": "-1",
        "tunnel": "culvert",
        "waterway": "drain"
      },
      "geometry": {
        "type": "LineString",
        "coordinates": [
          [
            80.1271588,
            13.0058966
          ],
          [
            80.1274415,
            13.0060237
          ]
        ]
      },
      "id": "way/1255150780"
    },
    {
      "type": "Feature",
      "properties": {
        "@id": "way/1267739072",
        "layer": "-1",
        "name": "Mambalam Canal",
        "name:ml": "മാമ്പലം കനാൽ",
        "name:ta": "மாம்பலம் கால்வாய்",
        "tunnel": "culvert",
        "waterway": "canal",
        "width": "6"
      },
      "geometry": {
        "type": "LineString",
        "coordinates": [
          [
            80.2456702,
            13.0514703
          ],
          [
            80.245747,
            13.0514485
          ]
        ]
      },
      "id": "way/1267739072"
    },
    {
      "type": "Feature",
      "properties": {
        "@id": "way/1267739073",
        "name": "Mambalam Canal",
        "name:ml": "മാമ്പലം കനാൽ",
        "name:ta": "மாம்பலம் கால்வாய்",
        "waterway": "canal",
        "width": "6"
      },
      "geometry": {
        "type": "LineString",
        "coordinates": [
          [
            80.243193,
            13.0524103
          ],
          [
            80.2448212,
            13.0519358
          ],
          [
            80.2450061,
            13.0518017
          ],
          [
            80.2456702,
            13.0514703
          ]
        ]
      },
      "id": "way/1267739073"
    },
    {
      "type": "Feature",
      "properties": {
        "@id": "way/1271899737",
        "waterway": "ditch"
      },
      "geometry": {
        "type": "LineString",
        "coordinates": [
          [
            80.1158717,
            13.1348419
          ],
          [
            80.1160666,
            13.1347965
          ]
        ]
      },
      "id": "way/1271899737"
    },
    {
      "type": "Feature",
      "properties": {
        "@id": "way/1271899738",
        "layer": "-1",
        "tunnel": "culvert",
        "waterway": "ditch"
      },
      "geometry": {
        "type": "LineString",
        "coordinates": [
          [
            80.1160666,
            13.1347965
          ],
          [
            80.1161408,
            13.1347792
          ]
        ]
      },
      "id": "way/1271899738"
    },
    {
      "type": "Feature",
      "properties": {
        "@id": "way/1271899739",
        "layer": "-1",
        "tunnel": "culvert",
        "waterway": "ditch"
      },
      "geometry": {
        "type": "LineString",
        "coordinates": [
          [
            80.1161408,
            13.1347792
          ],
          [
            80.1164109,
            13.1347064
          ]
        ]
      },
      "id": "way/1271899739"
    },
    {
      "type": "Feature",
      "properties": {
        "@id": "way/1271899740",
        "layer": "-1",
        "tunnel": "culvert",
        "waterway": "ditch"
      },
      "geometry": {
        "type": "LineString",
        "coordinates": [
          [
            80.1165013,
            13.1346811
          ],
          [
            80.1165726,
            13.1346619
          ]
        ]
      },
      "id": "way/1271899740"
    },
    {
      "type": "Feature",
      "properties": {
        "@id": "way/1271899741",
        "waterway": "ditch"
      },
      "geometry": {
        "type": "LineString",
        "coordinates": [
          [
            80.1164109,
            13.1347064
          ],
          [
            80.1165013,
            13.1346811
          ]
        ]
      },
      "id": "way/1271899741"
    },
    {
      "type": "Feature",
      "properties": {
        "@id": "way/1272450537",
        "layer": "-1",
        "name": "Mambalam Canal",
        "name:ml": "മാമ്പലം കനാൽ",
        "name:ta": "மாம்பலம் கால்வாய்",
        "waterway": "canal",
        "width": "6"
      },
      "geometry": {
        "type": "LineString",
        "coordinates": [
          [
            80.2467588,
            13.0429537
          ],
          [
            80.2464322,
            13.0413913
          ],
          [
            80.2463936,
            13.0411727
          ],
          [
            80.2458751,
            13.0395267
          ]
        ]
      },
      "id": "way/1272450537"
    },
    {
      "type": "Feature",
      "properties": {
        "@id": "way/1272450538",
        "layer": "-1",
        "name": "Mambalam Canal",
        "name:ml": "മാമ്പലം കനാൽ",
        "name:ta": "மாம்பலம் கால்வாய்",
        "tunnel": "culvert",
        "waterway": "canal",
        "width": "6"
      },
      "geometry": {
        "type": "LineString",
        "coordinates": [
          [
            80.2467912,
            13.0430535
          ],
          [
            80.2467588,
            13.0429537
          ]
        ]
      },
      "id": "way/1272450538"
    },
    {
      "type": "Feature",
      "properties": {
        "@id": "way/1272450539",
        "layer": "-1",
        "name": "Mambalam Canal",
        "name:ml": "മാമ്പലം കനാൽ",
        "name:ta": "மாம்பலம் கால்வாய்",
        "tunnel": "culvert",
        "waterway": "canal",
        "width": "6"
      },
      "geometry": {
        "type": "LineString",
        "coordinates": [
          [
            80.2458751,
            13.0395267
          ],
          [
            80.2457923,
            13.0393161
          ]
        ]
      },
      "id": "way/1272450539"
    },
    {
      "type": "Feature",
      "properties": {
        "@id": "way/1272450540",
        "layer": "-1",
        "name": "Mambalam Canal",
        "name:ml": "മാമ്പലം കനാൽ",
        "name:ta": "மாம்பலம் கால்வாய்",
        "waterway": "canal",
        "width": "6"
      },
      "geometry": {
        "type": "LineString",
        "coordinates": [
          [
            80.245747,
            13.0514485
          ],
          [
            80.2463081,
            13.0512891
          ],
          [
            80.2466403,
            13.0511735
          ],
          [
            80.2467992,
            13.0509929
          ],
          [
            80.2472184,
            13.050012
          ],
          [
            80.2471976,
            13.0498216
          ],
          [
            80.2469932,
            13.0494763
          ],
          [
            80.2470507,
            13.0493951
          ],
          [
            80.2471327,
            13.0491891
          ],
          [
            80.2470421,
            13.049037
          ],
          [
            80.2469658,
            13.0488741
          ],
          [
            80.2468374,
            13.048725
          ],
          [
            80.2467208,
            13.0485566
          ],
          [
            80.2466443,
            13.0483717
          ],
          [
            80.2467396,
            13.0481491
          ],
          [
            80.2468931,
            13.0477715
          ],
          [
            80.2469955,
            13.0465482
          ],
          [
            80.2471399,
            13.0451029
          ],
          [
            80.2470395,
            13.0440574
          ],
          [
            80.2467912,
            13.0430535
          ]
        ]
      },
      "id": "way/1272450540"
    },
    {
      "type": "Feature",
      "properties": {
        "@id": "way/1281940340",
        "name": "Virugambakkam Canal",
        "waterway": "canal"
      },
      "geometry": {
        "type": "LineString",
        "coordinates": [
          [
            80.2170843,
            13.0630936
          ],
          [
            80.2170394,
            13.0634429
          ],
          [
            80.2171272,
            13.0636705
          ],
          [
            80.217201,
            13.0641651
          ],
          [
            80.2172131,
            13.0645651
          ],
          [
            80.2169933,
            13.0649773
          ],
          [
            80.216927,
            13.0651026
          ],
          [
            80.2168354,
            13.0652189
          ],
          [
            80.2167747,
            13.0653443
          ],
          [
            80.2167763,
            13.0654872
          ],
          [
            80.2168628,
            13.06567
          ],
          [
            80.2169843,
            13.0657035
          ],
          [
            80.217977,
            13.0655266
          ],
          [
            80.21808,
            13.0656688
          ],
          [
            80.2181074,
            13.0659862
          ],
          [
            80.2180628,
            13.0661704
          ],
          [
            80.2179598,
            13.0662457
          ],
          [
            80.2176681,
            13.0663585
          ],
          [
            80.2175759,
            13.0663886
          ],
          [
            80.2172085,
            13.066471
          ],
          [
            80.2171879,
            13.066627
          ],
          [
            80.2174105,
            13.0675583
          ],
          [
            80.2177968,
            13.0677519
          ],
          [
            80.2182246,
            13.0680871
          ],
          [
            80.2190212,
            13.0681197
          ],
          [
            80.2196936,
            13.0680767
          ],
          [
            80.2202429,
            13.0680014
          ],
          [
            80.220406,
            13.0682523
          ],
          [
            80.220509,
            13.0688375
          ],
          [
            80.2205462,
            13.068988
          ],
          [
            80.2208234,
            13.0691495
          ],
          [
            80.2211428,
            13.0690423
          ],
          [
            80.2216007,
            13.0686933
          ],
          [
            80.2218479,
            13.0681937
          ],
          [
            80.222526,
            13.0676921
          ],
          [
            80.2229036,
            13.06755
          ],
          [
            80.2231354,
            13.0677005
          ],
          [
            80.2234015,
            13.0677005
          ],
          [
            80.2243456,
            13.0673409
          ],
          [
            80.2245602,
            13.0673827
          ],
          [
            80.2259592,
            13.0669731
          ],
          [
            80.2261566,
            13.0670567
          ],
          [
            80.226839,
            13.067105
          ],
          [
            80.2271008,
            13.0671236
          ],
          [
            80.2272843,
            13.0670762
          ],
          [
            80.2275213,
            13.0670149
          ],
          [
            80.2278732,
            13.0669647
          ],
          [
            80.2281822,
            13.0672991
          ],
          [
            80.2283539,
            13.0677924
          ],
          [
            80.2284138,
            13.0680158
          ],
          [
            80.2284782,
            13.0681791
          ]
        ]
      },
      "id": "way/1281940340"
    },
    {
      "type": "Feature",
      "properties": {
        "@id": "way/1282455638",
        "intermittent": "yes",
        "waterway": "drain"
      },
      "geometry": {
        "type": "LineString",
        "coordinates": [
          [
            80.1994474,
            13.1200111
          ],
          [
            80.1995034,
            13.1199341
          ],
          [
            80.1997555,
            13.1197134
          ],
          [
            80.1997287,
            13.1192118
          ],
          [
            80.1992781,
            13.118465
          ],
          [
            80.1987229,
            13.1184624
          ]
        ]
      },
      "id": "way/1282455638"
    },
    {
      "type": "Feature",
      "properties": {
        "@id": "way/1282455639",
        "waterway": "drain"
      },
      "geometry": {
        "type": "LineString",
        "coordinates": [
          [
            80.1991234,
            13.1203734
          ],
          [
            80.1989777,
            13.1206538
          ],
          [
            80.1987631,
            13.1209045
          ],
          [
            80.1984627,
            13.1213225
          ],
          [
            80.1980765,
            13.1217875
          ]
        ]
      },
      "id": "way/1282455639"
    },
    {
      "type": "Feature",
      "properties": {
        "@id": "way/1282455640",
        "layer": "-1",
        "tunnel": "culvert",
        "waterway": "drain"
      },
      "geometry": {
        "type": "LineString",
        "coordinates": [
          [
            80.1991234,
            13.1203734
          ],
          [
            80.1992644,
            13.1201913
          ]
        ]
      },
      "id": "way/1282455640"
    },
    {
      "type": "Feature",
      "properties": {
        "@id": "way/1283482441",
        "layer": "-1",
        "tunnel": "covered",
        "waterway": "drain"
      },
      "geometry": {
        "type": "LineString",
        "coordinates": [
          [
            80.1930802,
            13.1300562
          ],
          [
            80.1927163,
            13.130942
          ],
          [
            80.1923569,
            13.1318263
          ],
          [
            80.1922416,
            13.1322592
          ],
          [
            80.1920082,
            13.1327403
          ],
          [
            80.1919529,
            13.132865
          ]
        ]
      },
      "id": "way/1283482441"
    },
    {
      "type": "Feature",
      "properties": {
        "@id": "way/1283482442",
        "layer": "-1",
        "tunnel": "culvert",
        "waterway": "drain"
      },
      "geometry": {
        "type": "LineString",
        "coordinates": [
          [
            80.1919116,
            13.132958
          ],
          [
            80.1918339,
            13.1331332
          ],
          [
            80.1917949,
            13.1337512
          ]
        ]
      },
      "id": "way/1283482442"
    },
    {
      "type": "Feature",
      "properties": {
        "@id": "way/1283482443",
        "layer": "-1",
        "tunnel": "culvert",
        "waterway": "drain"
      },
      "geometry": {
        "type": "LineString",
        "coordinates": [
          [
            80.1919529,
            13.132865
          ],
          [
            80.1919116,
            13.132958
          ]
        ]
      },
      "id": "way/1283482443"
    },
    {
      "type": "Feature",
      "properties": {
        "@id": "way/1283482444",
        "layer": "-1",
        "tunnel": "covered",
        "waterway": "drain"
      },
      "geometry": {
        "type": "LineString",
        "coordinates": [
          [
            80.1933374,
            13.1294301
          ],
          [
            80.1931185,
            13.1299629
          ]
        ]
      },
      "id": "way/1283482444"
    },
    {
      "type": "Feature",
      "properties": {
        "@id": "way/1283482445",
        "layer": "-1",
        "tunnel": "culvert",
        "waterway": "drain"
      },
      "geometry": {
        "type": "LineString",
        "coordinates": [
          [
            80.1930802,
            13.1300562
          ],
          [
            80.1931185,
            13.1299629
          ]
        ]
      },
      "id": "way/1283482445"
    },
    {
      "type": "Feature",
      "properties": {
        "@id": "way/1283482446",
        "layer": "-1",
        "tunnel": "covered",
        "waterway": "drain"
      },
      "geometry": {
        "type": "LineString",
        "coordinates": [
          [
            80.195289,
            13.1251279
          ],
          [
            80.1950798,
            13.1254127
          ],
          [
            80.1949849,
            13.125591
          ],
          [
            80.1944914,
            13.1267541
          ],
          [
            80.1941829,
            13.1275146
          ]
        ]
      },
      "id": "way/1283482446"
    },
    {
      "type": "Feature",
      "properties": {
        "@id": "way/1283482447",
        "layer": "-1",
        "tunnel": "covered",
        "waterway": "drain"
      },
      "geometry": {
        "type": "LineString",
        "coordinates": [
          [
            80.1980765,
            13.1217875
          ],
          [
            80.1977576,
            13.1221076
          ],
          [
            80.1973865,
            13.1225636
          ],
          [
            80.197011,
            13.1230337
          ],
          [
            80.1966033,
            13.1235638
          ],
          [
            80.196378,
            13.1238537
          ],
          [
            80.1959139,
            13.124373
          ],
          [
            80.1954741,
            13.1249007
          ],
          [
            80.195289,
            13.1251279
          ]
        ]
      },
      "id": "way/1283482447"
    },
    {
      "type": "Feature",
      "properties": {
        "@id": "way/1283491480",
        "intermittent": "yes",
        "layer": "-1",
        "tunnel": "culvert",
        "waterway": "drain"
      },
      "geometry": {
        "type": "LineString",
        "coordinates": [
          [
            80.1993114,
            13.1201335
          ],
          [
            80.1994474,
            13.1200111
          ]
        ]
      },
      "id": "way/1283491480"
    },
    {
      "type": "Feature",
      "properties": {
        "@id": "way/1283491481",
        "intermittent": "yes",
        "waterway": "drain"
      },
      "geometry": {
        "type": "LineString",
        "coordinates": [
          [
            80.1992644,
            13.1201913
          ],
          [
            80.1993114,
            13.1201335
          ]
        ]
      },
      "id": "way/1283491481"
    },
    {
      "type": "Feature",
      "properties": {
        "@id": "way/1284526464",
        "layer": "-1",
        "name": "Virugambakkam Canal",
        "tunnel": "yes",
        "waterway": "canal"
      },
      "geometry": {
        "type": "LineString",
        "coordinates": [
          [
            80.2175961,
            13.0626145
          ],
          [
            80.2170843,
            13.0630936
          ]
        ]
      },
      "id": "way/1284526464"
    },
    {
      "type": "Feature",
      "properties": {
        "@id": "way/1284526465",
        "name": "Virugambakkam Canal",
        "waterway": "canal"
      },
      "geometry": {
        "type": "LineString",
        "coordinates": [
          [
            80.2118433,
            13.0612364
          ],
          [
            80.2123013,
            13.061502
          ],
          [
            80.2129473,
            13.0617391
          ],
          [
            80.2145642,
            13.0616661
          ],
          [
            80.2158774,
            13.0615825
          ],
          [
            80.2163834,
            13.0614803
          ],
          [
            80.2166669,
            13.0614837
          ],
          [
            80.2169641,
            13.0615853
          ],
          [
            80.2172676,
            13.0615792
          ],
          [
            80.2175444,
            13.0617422
          ],
          [
            80.2178209,
            13.0620688
          ],
          [
            80.2178338,
            13.0623813
          ],
          [
            80.2175961,
            13.0626145
          ]
        ]
      },
      "id": "way/1284526465"
    },
    {
      "type": "Feature",
      "properties": {
        "@id": "way/1285452579",
        "covered": "yes",
        "layer": "-1",
        "tunnel": "covered",
        "waterway": "drain"
      },
      "geometry": {
        "type": "LineString",
        "coordinates": [
          [
            80.2005934,
            13.1251109
          ],
          [
            80.1995973,
            13.1251847
          ]
        ]
      },
      "id": "way/1285452579"
    },
    {
      "type": "Feature",
      "properties": {
        "@id": "way/1285452580",
        "layer": "-1",
        "tunnel": "covered",
        "waterway": "drain"
      },
      "geometry": {
        "type": "LineString",
        "coordinates": [
          [
            80.2004289,
            13.1247322
          ],
          [
            80.1996215,
            13.1247936
          ]
        ]
      },
      "id": "way/1285452580"
    },
    {
      "type": "Feature",
      "properties": {
        "@id": "way/1285452581",
        "tunnel": "covered",
        "waterway": "drain"
      },
      "geometry": {
        "type": "LineString",
        "coordinates": [
          [
            80.1996168,
            13.124405
          ],
          [
            80.1996054,
            13.1247949
          ],
          [
            80.1995966,
            13.1250828
          ],
          [
            80.199596,
            13.1251024
          ],
          [
            80.1995973,
            13.1251847
          ],
          [
            80.1996018,
            13.125461
          ],
          [
            80.1996018,
            13.1254629
          ],
          [
            80.1996027,
            13.1255157
          ]
        ]
      },
      "id": "way/1285452581"
    },
    {
      "type": "Feature",
      "properties": {
        "@id": "way/1285452582",
        "layer": "-1",
        "tunnel": "covered",
        "waterway": "drain"
      },
      "geometry": {
        "type": "LineString",
        "coordinates": [
          [
            80.2015071,
            13.1254726
          ],
          [
            80.2014626,
            13.1254787
          ],
          [
            80.2014307,
            13.125483
          ],
          [
            80.2013339,
            13.1254837
          ],
          [
            80.2012373,
            13.1254844
          ],
          [
            80.2011367,
            13.1254851
          ],
          [
            80.2010484,
            13.1254857
          ],
          [
            80.2009644,
            13.1254879
          ],
          [
            80.2008685,
            13.1254905
          ],
          [
            80.2007847,
            13.1254927
          ],
          [
            80.2007042,
            13.1254949
          ],
          [
            80.200659,
            13.1254961
          ],
          [
            80.2006023,
            13.1254971
          ],
          [
            80.200491,
            13.125499
          ],
          [
            80.2003991,
            13.1255006
          ],
          [
            80.2002892,
            13.1255026
          ],
          [
            80.2001913,
            13.1255043
          ],
          [
            80.2000954,
            13.125506
          ],
          [
            80.1999921,
            13.1255078
          ],
          [
            80.199899,
            13.1255092
          ],
          [
            80.1997977,
            13.1255114
          ],
          [
            80.1997065,
            13.1255134
          ],
          [
            80.1996027,
            13.1255157
          ],
          [
            80.1995307,
            13.1255171
          ],
          [
            80.1994644,
            13.1255184
          ],
          [
            80.1993772,
            13.12552
          ],
          [
            80.1992646,
            13.1255221
          ],
          [
            80.1978755,
            13.1255483
          ]
        ]
      },
      "id": "way/1285452582"
    },
    {
      "type": "Feature",
      "properties": {
        "@id": "way/1285452583",
        "layer": "-1",
        "tunnel": "covered",
        "waterway": "drain"
      },
      "geometry": {
        "type": "LineString",
        "coordinates": [
          [
            80.1992765,
            13.1269053
          ],
          [
            80.1998607,
            13.1268936
          ],
          [
            80.2007157,
            13.1268688
          ],
          [
            80.2009547,
            13.1268609
          ],
          [
            80.2015428,
            13.1268479
          ]
        ]
      },
      "id": "way/1285452583"
    },
    {
      "type": "Feature",
      "properties": {
        "@id": "way/1285452584",
        "layer": "-1",
        "tunnel": "covered",
        "waterway": "drain"
      },
      "geometry": {
        "type": "LineString",
        "coordinates": [
          [
            80.1997188,
            13.1261191
          ],
          [
            80.2010978,
            13.1260473
          ],
          [
            80.2015068,
            13.126059
          ]
        ]
      },
      "id": "way/1285452584"
    },
    {
      "type": "Feature",
      "properties": {
        "@id": "way/1285521228",
        "layer": "-1",
        "tunnel": "covered",
        "waterway": "drain",
        "width": "4 ft"
      },
      "geometry": {
        "type": "LineString",
        "coordinates": [
          [
            80.2060847,
            13.1305943
          ],
          [
            80.2059644,
            13.1306141
          ],
          [
            80.2058995,
            13.1306245
          ],
          [
            80.2058382,
            13.1306346
          ],
          [
            80.2057678,
            13.1306482
          ],
          [
            80.2057584,
            13.1306422
          ],
          [
            80.2057505,
            13.1306513
          ],
          [
            80.2057059,
            13.1306565
          ],
          [
            80.2056498,
            13.1306658
          ],
          [
            80.2055611,
            13.1306804
          ],
          [
            80.2054778,
            13.1306936
          ],
          [
            80.2054563,
            13.1307153
          ],
          [
            80.2054189,
            13.1307223
          ],
          [
            80.2053964,
            13.1307084
          ],
          [
            80.2053001,
            13.1307249
          ],
          [
            80.2052146,
            13.1307372
          ],
          [
            80.2051343,
            13.1307487
          ],
          [
            80.2050612,
            13.1307592
          ],
          [
            80.2049882,
            13.1307697
          ],
          [
            80.2049615,
            13.1307735
          ],
          [
            80.2049324,
            13.1307777
          ],
          [
            80.204903,
            13.1307819
          ],
          [
            80.2048713,
            13.1307865
          ],
          [
            80.2048394,
            13.1307911
          ],
          [
            80.2048105,
            13.1307952
          ],
          [
            80.2047452,
            13.1308046
          ],
          [
            80.2046819,
            13.1308137
          ],
          [
            80.2046258,
            13.1308244
          ],
          [
            80.204595,
            13.1308303
          ],
          [
            80.2045702,
            13.130835
          ],
          [
            80.2045415,
            13.1308404
          ],
          [
            80.2045154,
            13.1308454
          ],
          [
            80.2044852,
            13.1308512
          ],
          [
            80.2044572,
            13.1308565
          ],
          [
            80.2044271,
            13.130862
          ],
          [
            80.2043989,
            13.1308668
          ],
          [
            80.2043673,
            13.1308721
          ],
          [
            80.2043384,
            13.130877
          ],
          [
            80.2043083,
            13.130882
          ],
          [
            80.2042806,
            13.1308867
          ],
          [
            80.2042291,
            13.1308954
          ],
          [
            80.2042005,
            13.1309002
          ],
          [
            80.2041718,
            13.130905
          ],
          [
            80.2041416,
            13.1309101
          ],
          [
            80.2041141,
            13.1309148
          ],
          [
            80.2040877,
            13.1309192
          ],
          [
            80.2040554,
            13.1309247
          ],
          [
            80.204032,
            13.1309286
          ],
          [
            80.2040085,
            13.1309326
          ],
          [
            80.2039803,
            13.1309373
          ],
          [
            80.2039505,
            13.1309424
          ],
          [
            80.2039214,
            13.1309473
          ],
          [
            80.2038771,
            13.1309548
          ],
          [
            80.2038497,
            13.1309598
          ],
          [
            80.2038168,
            13.1309658
          ],
          [
            80.2037897,
            13.1309707
          ],
          [
            80.2037513,
            13.1309776
          ],
          [
            80.2037203,
            13.1309833
          ],
          [
            80.2036868,
            13.1309893
          ],
          [
            80.203657,
            13.1309947
          ],
          [
            80.2036265,
            13.1310002
          ],
          [
            80.2036036,
            13.1310044
          ],
          [
            80.203575,
            13.130996
          ],
          [
            80.2035437,
            13.1309868
          ],
          [
            80.2034919,
            13.1309717
          ],
          [
            80.2034627,
            13.1309631
          ],
          [
            80.2034291,
            13.1309533
          ],
          [
            80.2033997,
            13.1309447
          ],
          [
            80.2033686,
            13.1309355
          ],
          [
            80.2033387,
            13.1309268
          ],
          [
            80.203311,
            13.1309187
          ],
          [
            80.2032796,
            13.1309094
          ],
          [
            80.203249,
            13.1309005
          ],
          [
            80.2032165,
            13.130891
          ],
          [
            80.20319,
            13.1308832
          ],
          [
            80.2031609,
            13.1308747
          ],
          [
            80.2031209,
            13.1308629
          ],
          [
            80.2030806,
            13.1308511
          ],
          [
            80.203048,
            13.1308416
          ],
          [
            80.2030242,
            13.1308346
          ],
          [
            80.2029966,
            13.1308281
          ],
          [
            80.2029659,
            13.1308208
          ],
          [
            80.2029404,
            13.1308147
          ],
          [
            80.2029118,
            13.1308079
          ],
          [
            80.2028853,
            13.1308017
          ],
          [
            80.2028512,
            13.1307936
          ],
          [
            80.2028288,
            13.1307883
          ],
          [
            80.2028051,
            13.1307822
          ],
          [
            80.2027859,
            13.1307776
          ],
          [
            80.2027634,
            13.1307723
          ],
          [
            80.2027458,
            13.1307681
          ],
          [
            80.2027256,
            13.1307634
          ],
          [
            80.2027066,
            13.1307589
          ],
          [
            80.2026877,
            13.1307544
          ],
          [
            80.2026604,
            13.130748
          ],
          [
            80.2026405,
            13.1307433
          ],
          [
            80.2026199,
            13.1307384
          ],
          [
            80.202601,
            13.130734
          ],
          [
            80.2025815,
            13.1307293
          ],
          [
            80.2025593,
            13.1307241
          ],
          [
            80.2025387,
            13.1307193
          ],
          [
            80.2025203,
            13.1307149
          ],
          [
            80.2024998,
            13.13071
          ],
          [
            80.2024812,
            13.1307057
          ],
          [
            80.2024628,
            13.1307013
          ],
          [
            80.2024415,
            13.1306956
          ]
        ]
      },
      "id": "way/1285521228"
    },
    {
      "type": "Feature",
      "properties": {
        "@id": "way/1285521229",
        "layer": "-1",
        "tunnel": "covered",
        "waterway": "drain",
        "width": "8 ft"
      },
      "geometry": {
        "type": "LineString",
        "coordinates": [
          [
            80.2024415,
            13.1306956
          ],
          [
            80.2018696,
            13.1305603
          ],
          [
            80.2016255,
            13.1305917
          ],
          [
            80.2008101,
            13.1307693
          ],
          [
            80.2008932,
            13.1313414
          ]
        ]
      },
      "id": "way/1285521229"
    },
    {
      "type": "Feature",
      "properties": {
        "@id": "way/1285837634",
        "layer": "-1",
        "tunnel": "covered",
        "waterway": "drain"
      },
      "geometry": {
        "type": "LineString",
        "coordinates": [
          [
            80.2031194,
            13.1268381
          ],
          [
            80.2031624,
            13.1268436
          ],
          [
            80.2045941,
            13.1268638
          ]
        ]
      },
      "id": "way/1285837634"
    },
    {
      "type": "Feature",
      "properties": {
        "@id": "way/1285837635",
        "layer": "-1",
        "tunnel": "covered",
        "waterway": "drain"
      },
      "geometry": {
        "type": "LineString",
        "coordinates": [
          [
            80.2003633,
            13.1234661
          ],
          [
            80.2008139,
            13.1234543
          ],
          [
            80.20142,
            13.1234439
          ],
          [
            80.2014884,
            13.1234817
          ],
          [
            80.2014964,
            13.1235399
          ],
          [
            80.2014975,
            13.1236071
          ],
          [
            80.2014955,
            13.1238226
          ],
          [
            80.2015049,
            13.1238911
          ],
          [
            80.2015063,
            13.123961
          ],
          [
            80.2015076,
            13.1240048
          ],
          [
            80.2015083,
            13.1243733
          ],
          [
            80.2015096,
            13.1253952
          ],
          [
            80.2015036,
            13.1254292
          ],
          [
            80.2015071,
            13.1254726
          ]
        ]
      },
      "id": "way/1285837635"
    },
    {
      "type": "Feature",
      "properties": {
        "@id": "way/1285837636",
        "layer": "-1",
        "tunnel": "covered",
        "waterway": "drain"
      },
      "geometry": {
        "type": "LineString",
        "coordinates": [
          [
            80.2016139,
            13.1288315
          ],
          [
            80.2020058,
            13.1287583
          ]
        ]
      },
      "id": "way/1285837636"
    },
    {
      "type": "Feature",
      "properties": {
        "@id": "way/1286550656",
        "layer": "-1",
        "tunnel": "covered",
        "waterway": "drain"
      },
      "geometry": {
        "type": "LineString",
        "coordinates": [
          [
            80.2020742,
            13.1287897
          ],
          [
            80.2021511,
            13.1291864
          ],
          [
            80.2021599,
            13.1292319
          ],
          [
            80.202291,
            13.12999
          ],
          [
            80.2023959,
            13.1305968
          ]
        ]
      },
      "id": "way/1286550656"
    },
    {
      "type": "Feature",
      "properties": {
        "@id": "way/1286550657",
        "layer": "-1",
        "tunnel": "covered",
        "waterway": "drain"
      },
      "geometry": {
        "type": "LineString",
        "coordinates": [
          [
            80.2021511,
            13.1291864
          ],
          [
            80.2026574,
            13.1290883
          ],
          [
            80.2033891,
            13.1289485
          ],
          [
            80.2040629,
            13.1288166
          ],
          [
            80.2050028,
            13.1286521
          ]
        ]
      },
      "id": "way/1286550657"
    },
    {
      "type": "Feature",
      "properties": {
        "@id": "way/1287938299",
        "layer": "-1",
        "tunnel": "covered",
        "waterway": "drain"
      },
      "geometry": {
        "type": "LineString",
        "coordinates": [
          [
            80.1995966,
            13.1250828
          ],
          [
            80.1991488,
            13.1250842
          ],
          [
            80.1987746,
            13.1250907
          ],
          [
            80.1982408,
            13.1250985
          ],
          [
            80.1977357,
            13.125114
          ]
        ]
      },
      "id": "way/1287938299"
    },
    {
      "type": "Feature",
      "properties": {
        "@id": "way/1287938300",
        "layer": "-1",
        "tunnel": "covered",
        "waterway": "drain"
      },
      "geometry": {
        "type": "LineString",
        "coordinates": [
          [
            80.2015083,
            13.1243733
          ],
          [
            80.2012409,
            13.1243841
          ],
          [
            80.2011752,
            13.1243841
          ],
          [
            80.2008748,
            13.1243919
          ],
          [
            80.2006039,
            13.1243959
          ],
          [
            80.2002901,
            13.1244037
          ],
          [
            80.1996168,
            13.124405
          ],
          [
            80.199531,
            13.1244024
          ],
          [
            80.1991761,
            13.1243959
          ],
          [
            80.1989722,
            13.124388
          ],
          [
            80.1982734,
            13.1243658
          ],
          [
            80.1975318,
            13.1243371
          ]
        ]
      },
      "id": "way/1287938300"
    },
    {
      "type": "Feature",
      "properties": {
        "@id": "way/1288582910",
        "layer": "-1",
        "tunnel": "covered",
        "waterway": "drain"
      },
      "geometry": {
        "type": "LineString",
        "coordinates": [
          [
            80.1992332,
            13.1269148
          ],
          [
            80.1992064,
            13.1275714
          ],
          [
            80.1991984,
            13.1278745
          ],
          [
            80.1991662,
            13.1285667
          ],
          [
            80.1991662,
            13.1287548
          ]
        ]
      },
      "id": "way/1288582910"
    },
    {
      "type": "Feature",
      "properties": {
        "@id": "way/1288582911",
        "layer": "-1",
        "tunnel": "covered",
        "waterway": "drain"
      },
      "geometry": {
        "type": "LineString",
        "coordinates": [
          [
            80.1978755,
            13.1255483
          ],
          [
            80.1978935,
            13.1256386
          ],
          [
            80.1979136,
            13.1256777
          ],
          [
            80.1979163,
            13.1257313
          ],
          [
            80.1979525,
            13.1258789
          ],
          [
            80.1979793,
            13.1260604
          ],
          [
            80.1980102,
            13.1261832
          ],
          [
            80.1980383,
            13.1262994
          ],
          [
            80.1980946,
            13.1265233
          ],
          [
            80.1981208,
            13.1266203
          ],
          [
            80.1981376,
            13.1266826
          ],
          [
            80.1982194,
            13.1269217
          ],
          [
            80.1983173,
            13.1272913
          ],
          [
            80.1983602,
            13.1276039
          ],
          [
            80.1984353,
            13.1277018
          ],
          [
            80.198442,
            13.1277828
          ],
          [
            80.1984406,
            13.1279278
          ],
          [
            80.1985748,
            13.1285236
          ],
          [
            80.1986338,
            13.1286947
          ],
          [
            80.1987719,
            13.1287025
          ],
          [
            80.1989327,
            13.1287285
          ]
        ]
      },
      "id": "way/1288582911"
    },
    {
      "type": "Feature",
      "properties": {
        "@id": "way/1288635133",
        "layer": "-1",
        "tunnel": "covered",
        "waterway": "drain"
      },
      "geometry": {
        "type": "LineString",
        "coordinates": [
          [
            80.1940178,
            13.1278504
          ],
          [
            80.1938601,
            13.1281065
          ],
          [
            80.193737,
            13.1283712
          ],
          [
            80.1936855,
            13.1285267
          ],
          [
            80.1936238,
            13.1287692
          ],
          [
            80.1933374,
            13.1294301
          ]
        ]
      },
      "id": "way/1288635133"
    },
    {
      "type": "Feature",
      "properties": {
        "@id": "way/1288635134",
        "layer": "-1",
        "tunnel": "covered",
        "waterway": "drain"
      },
      "geometry": {
        "type": "LineString",
        "coordinates": [
          [
            80.1941829,
            13.1275146
          ],
          [
            80.1940178,
            13.1278504
          ]
        ]
      },
      "id": "way/1288635134"
    },
    {
      "type": "Feature",
      "properties": {
        "@id": "way/1289269136",
        "layer": "-1",
        "tunnel": "covered",
        "type": "con",
        "waterway": "drain"
      },
      "geometry": {
        "type": "LineString",
        "coordinates": [
          [
            80.2008803,
            13.1313937
          ],
          [
            80.2004538,
            13.1315021
          ]
        ]
      },
      "id": "way/1289269136"
    },
    {
      "type": "Feature",
      "properties": {
        "@id": "way/1289269137",
        "layer": "-1",
        "tunnel": "covered",
        "waterway": "drain"
      },
      "geometry": {
        "type": "LineString",
        "coordinates": [
          [
            80.197844,
            13.1319579
          ],
          [
            80.1977957,
            13.1320206
          ],
          [
            80.1976509,
            13.1320559
          ],
          [
            80.1973081,
            13.132129
          ],
          [
            80.1970292,
            13.1321969
          ],
          [
            80.1967395,
            13.1322857
          ],
          [
            80.1966786,
            13.1322984
          ],
          [
            80.1965515,
            13.1323249
          ],
          [
            80.1963932,
            13.1323341
          ],
          [
            80.1962109,
            13.1323236
          ],
          [
            80.1960843,
            13.1323027
          ],
          [
            80.1958771,
            13.1322688
          ]
        ]
      },
      "id": "way/1289269137"
    },
    {
      "type": "Feature",
      "properties": {
        "@id": "way/1289269138",
        "layer": "-1",
        "tunnel": "covered",
        "waterway": "drain"
      },
      "geometry": {
        "type": "LineString",
        "coordinates": [
          [
            80.1950523,
            13.1325025
          ],
          [
            80.1949624,
            13.1327481
          ],
          [
            80.1948833,
            13.1329321
          ],
          [
            80.1948095,
            13.1330275
          ],
          [
            80.19465,
            13.1331372
          ],
          [
            80.1945842,
            13.1331685
          ],
          [
            80.1943348,
            13.1332613
          ],
          [
            80.1940183,
            13.1333462
          ],
          [
            80.1936495,
            13.133431
          ],
          [
            80.193443,
            13.1334755
          ],
          [
            80.1933277,
            13.1335277
          ],
          [
            80.1932982,
            13.1335551
          ]
        ]
      },
      "id": "way/1289269138"
    },
    {
      "type": "Feature",
      "properties": {
        "@id": "way/1289631729",
        "layer": "-1",
        "name": "Underpass",
        "tunnel": "culvert",
        "waterway": "drain"
      },
      "geometry": {
        "type": "LineString",
        "coordinates": [
          [
            80.1876117,
            13.139215
          ],
          [
            80.1876851,
            13.1390724
          ]
        ]
      },
      "id": "way/1289631729"
    },
    {
      "type": "Feature",
      "properties": {
        "@id": "way/1289631730",
        "layer": "-1",
        "name": "Underpass",
        "tunnel": "culvert",
        "waterway": "drain"
      },
      "geometry": {
        "type": "LineString",
        "coordinates": [
          [
            80.1876851,
            13.1390724
          ],
          [
            80.1877224,
            13.139
          ]
        ]
      },
      "id": "way/1289631730"
    },
    {
      "type": "Feature",
      "properties": {
        "@id": "way/1289814513",
        "layer": "-1",
        "tunnel": "covered",
        "waterway": "drain"
      },
      "geometry": {
        "type": "LineString",
        "coordinates": [
          [
            80.2016139,
            13.1288315
          ],
          [
            80.2015979,
            13.1287043
          ],
          [
            80.2015877,
            13.1283916
          ],
          [
            80.2015845,
            13.1283015
          ],
          [
            80.2015798,
            13.1277366
          ],
          [
            80.2015697,
            13.1270199
          ],
          [
            80.201561,
            13.1269018
          ],
          [
            80.2015428,
            13.1268479
          ],
          [
            80.2015529,
            13.1268058
          ],
          [
            80.2015516,
            13.1266563
          ],
          [
            80.2015483,
            13.1263799
          ],
          [
            80.2015395,
            13.1260619
          ],
          [
            80.2015328,
            13.1258275
          ],
          [
            80.2015268,
            13.125595
          ],
          [
            80.2015261,
            13.1255232
          ],
          [
            80.2015071,
            13.1254726
          ]
        ]
      },
      "id": "way/1289814513"
    },
    {
      "type": "Feature",
      "properties": {
        "@id": "way/1289814514",
        "layer": "-1",
        "tunnel": "covered",
        "waterway": "drain"
      },
      "geometry": {
        "type": "LineString",
        "coordinates": [
          [
            80.20042,
            13.1293371
          ],
          [
            80.2003734,
            13.1293487
          ],
          [
            80.2000972,
            13.1294093
          ],
          [
            80.199999,
            13.1294373
          ],
          [
            80.199955,
            13.1294498
          ],
          [
            80.1991342,
            13.1297358
          ],
          [
            80.198999,
            13.1297872
          ]
        ]
      },
      "id": "way/1289814514"
    },
    {
      "type": "Feature",
      "properties": {
        "@id": "way/1289814517",
        "layer": "-1",
        "tunnel": "covered",
        "waterway": "drain"
      },
      "geometry": {
        "type": "LineString",
        "coordinates": [
          [
            80.1989327,
            13.1287285
          ],
          [
            80.1989822,
            13.1287365
          ],
          [
            80.1991662,
            13.1287548
          ],
          [
            80.1992303,
            13.1287717
          ],
          [
            80.1996808,
            13.1288501
          ],
          [
            80.2002577,
            13.1289523
          ]
        ]
      },
      "id": "way/1289814517"
    },
    {
      "type": "Feature",
      "properties": {
        "@id": "way/1290230925",
        "layer": "-1",
        "tunnel": "covered",
        "waterway": "drain"
      },
      "geometry": {
        "type": "LineString",
        "coordinates": [
          [
            80.2016139,
            13.1288315
          ],
          [
            80.2015979,
            13.1287043
          ],
          [
            80.2015845,
            13.1283015
          ],
          [
            80.2015798,
            13.1277366
          ],
          [
            80.2015697,
            13.1270199
          ],
          [
            80.201561,
            13.1269018
          ],
          [
            80.2015428,
            13.1268479
          ],
          [
            80.2015529,
            13.1268058
          ],
          [
            80.2015516,
            13.1266563
          ],
          [
            80.2015483,
            13.1263799
          ],
          [
            80.2015395,
            13.1260619
          ],
          [
            80.2015328,
            13.1258275
          ],
          [
            80.2015268,
            13.125595
          ],
          [
            80.2015261,
            13.1255232
          ],
          [
            80.2015071,
            13.1254726
          ]
        ]
      },
      "id": "way/1290230925"
    },
    {
      "type": "Feature",
      "properties": {
        "@id": "way/1290230926",
        "layer": "-1",
        "tunnel": "covered",
        "waterway": "drain"
      },
      "geometry": {
        "type": "LineString",
        "coordinates": [
          [
            80.20042,
            13.1293371
          ],
          [
            80.2003734,
            13.1293487
          ],
          [
            80.2000972,
            13.1294093
          ],
          [
            80.199999,
            13.1294373
          ],
          [
            80.199955,
            13.1294498
          ],
          [
            80.1991342,
            13.1297358
          ]
        ]
      },
      "id": "way/1290230926"
    },
    {
      "type": "Feature",
      "properties": {
        "@id": "way/1290230927",
        "layer": "-1",
        "tunnel": "covered",
        "waterway": "drain"
      },
      "geometry": {
        "type": "LineString",
        "coordinates": [
          [
            80.1989327,
            13.1287285
          ],
          [
            80.1989304,
            13.1292265
          ],
          [
            80.1990699,
            13.1292382
          ],
          [
            80.1993663,
            13.1292212
          ],
          [
            80.1995688,
            13.1291703
          ],
          [
            80.1998812,
            13.1290854
          ],
          [
            80.1999054,
            13.1291181
          ],
          [
            80.1999537,
            13.1292683
          ],
          [
            80.199999,
            13.1294373
          ]
        ]
      },
      "id": "way/1290230927"
    },
    {
      "type": "Feature",
      "properties": {
        "@id": "way/1290230928",
        "layer": "-1",
        "tunnel": "covered",
        "waterway": "drain"
      },
      "geometry": {
        "type": "LineString",
        "coordinates": [
          [
            80.1989822,
            13.1287365
          ],
          [
            80.1991662,
            13.1287548
          ],
          [
            80.1992303,
            13.1287717
          ],
          [
            80.1996808,
            13.1288501
          ],
          [
            80.2002577,
            13.1289523
          ]
        ]
      },
      "id": "way/1290230928"
    },
    {
      "type": "Feature",
      "properties": {
        "@id": "way/1290248752",
        "layer": "-1",
        "tunnel": "covered",
        "waterway": "drain"
      },
      "geometry": {
        "type": "LineString",
        "coordinates": [
          [
            80.1967185,
            13.1256385
          ],
          [
            80.1967775,
            13.1256255
          ],
          [
            80.1970741,
            13.1255824
          ],
          [
            80.1971413,
            13.1255754
          ],
          [
            80.1971493,
            13.1255746
          ],
          [
            80.1971875,
            13.1255706
          ],
          [
            80.1975034,
            13.1255478
          ],
          [
            80.1975909,
            13.125534
          ],
          [
            80.19778,
            13.1255184
          ],
          [
            80.1978598,
            13.1255119
          ]
        ]
      },
      "id": "way/1290248752"
    },
    {
      "type": "Feature",
      "properties": {
        "@id": "way/1290286347",
        "layer": "-1",
        "tunnel": "covered",
        "waterway": "drain"
      },
      "geometry": {
        "type": "LineString",
        "coordinates": [
          [
            80.1970878,
            13.126659
          ],
          [
            80.1974727,
            13.1266734
          ],
          [
            80.1976578,
            13.1266773
          ],
          [
            80.1980199,
            13.1266368
          ],
          [
            80.1981208,
            13.1266203
          ]
        ]
      },
      "id": "way/1290286347"
    },
    {
      "type": "Feature",
      "properties": {
        "@id": "way/1290286348",
        "layer": "-1",
        "tunnel": "covered",
        "waterway": "drain"
      },
      "geometry": {
        "type": "LineString",
        "coordinates": [
          [
            80.1970154,
            13.1283791
          ],
          [
            80.1970328,
            13.1280186
          ],
          [
            80.197061,
            13.1276415
          ],
          [
            80.1970959,
            13.1272062
          ],
          [
            80.1970999,
            13.1269946
          ],
          [
            80.1970784,
            13.1268706
          ],
          [
            80.1970878,
            13.126659
          ],
          [
            80.1970878,
            13.1265845
          ],
          [
            80.19712,
            13.1260678
          ],
          [
            80.1971374,
            13.1257595
          ],
          [
            80.1971415,
            13.1256733
          ],
          [
            80.1971493,
            13.1255746
          ]
        ]
      },
      "id": "way/1290286348"
    },
    {
      "type": "Feature",
      "properties": {
        "@id": "way/1290286349",
        "layer": "-1",
        "tunnel": "covered",
        "waterway": "drain"
      },
      "geometry": {
        "type": "LineString",
        "coordinates": [
          [
            80.1971616,
            13.124713
          ],
          [
            80.1971602,
            13.1252236
          ],
          [
            80.1971602,
            13.1253177
          ],
          [
            80.1971488,
            13.1254983
          ],
          [
            80.1971413,
            13.1255754
          ]
        ]
      },
      "id": "way/1290286349"
    },
    {
      "type": "Feature",
      "properties": {
        "@id": "way/1290286350",
        "layer": "-1",
        "tunnel": "covered",
        "waterway": "drain"
      },
      "geometry": {
        "type": "LineString",
        "coordinates": [
          [
            80.197702,
            13.1249945
          ],
          [
            80.1977357,
            13.125114
          ],
          [
            80.1977617,
            13.1252067
          ],
          [
            80.1978107,
            13.1253704
          ],
          [
            80.1978598,
            13.1255119
          ],
          [
            80.1978755,
            13.1255483
          ]
        ]
      },
      "id": "way/1290286350"
    },
    {
      "type": "Feature",
      "properties": {
        "@id": "way/1298345127",
        "layer": "-1",
        "name": "Virugambakkam Canal",
        "waterway": "drain"
      },
      "geometry": {
        "type": "LineString",
        "coordinates": [
          [
            80.1865605,
            13.0540422
          ],
          [
            80.186688,
            13.0546909
          ]
        ]
      },
      "id": "way/1298345127"
    },
    {
      "type": "Feature",
      "properties": {
        "@id": "way/1298345128",
        "layer": "-1",
        "name": "Virugambakkam Canal",
        "tunnel": "culvert",
        "waterway": "drain"
      },
      "geometry": {
        "type": "LineString",
        "coordinates": [
          [
            80.186688,
            13.0546909
          ],
          [
            80.1867094,
            13.0547996
          ]
        ]
      },
      "id": "way/1298345128"
    },
    {
      "type": "Feature",
      "properties": {
        "@id": "way/1298345129",
        "layer": "-1",
        "name": "Virugambakkam Canal",
        "waterway": "drain"
      },
      "geometry": {
        "type": "LineString",
        "coordinates": [
          [
            80.1867094,
            13.0547996
          ],
          [
            80.1867799,
            13.0551582
          ],
          [
            80.1868121,
            13.0554143
          ],
          [
            80.1868112,
            13.0554243
          ],
          [
            80.1867799,
            13.0557756
          ],
          [
            80.1868218,
            13.0559103
          ]
        ]
      },
      "id": "way/1298345129"
    },
    {
      "type": "Feature",
      "properties": {
        "@id": "way/1298345130",
        "layer": "-1",
        "name": "Virugambakkam Canal",
        "tunnel": "culvert",
        "waterway": "drain"
      },
      "geometry": {
        "type": "LineString",
        "coordinates": [
          [
            80.1868218,
            13.0559103
          ],
          [
            80.1868888,
            13.0561257
          ]
        ]
      },
      "id": "way/1298345130"
    },
    {
      "type": "Feature",
      "properties": {
        "@id": "way/1298345131",
        "layer": "-1",
        "name": "Virugambakkam Canal",
        "waterway": "drain"
      },
      "geometry": {
        "type": "LineString",
        "coordinates": [
          [
            80.1868888,
            13.0561257
          ],
          [
            80.1869424,
            13.0562981
          ],
          [
            80.1872837,
            13.0563772
          ],
          [
            80.1873379,
            13.0566306
          ],
          [
            80.1873409,
            13.0566446
          ]
        ]
      },
      "id": "way/1298345131"
    },
    {
      "type": "Feature",
      "properties": {
        "@id": "way/1298345132",
        "layer": "-1",
        "name": "Virugambakkam Canal",
        "tunnel": "culvert",
        "waterway": "drain"
      },
      "geometry": {
        "type": "LineString",
        "coordinates": [
          [
            80.1873852,
            13.0568173
          ],
          [
            80.1874178,
            13.0569144
          ]
        ]
      },
      "id": "way/1298345132"
    },
    {
      "type": "Feature",
      "properties": {
        "@id": "way/1298345133",
        "layer": "-1",
        "name": "Virugambakkam Canal",
        "waterway": "drain"
      },
      "geometry": {
        "type": "LineString",
        "coordinates": [
          [
            80.187362,
            13.0567432
          ],
          [
            80.187365,
            13.0567572
          ],
          [
            80.1873852,
            13.0568173
          ]
        ]
      },
      "id": "way/1298345133"
    },
    {
      "type": "Feature",
      "properties": {
        "@id": "way/1298345134",
        "layer": "-1",
        "name": "Virugambakkam Canal",
        "tunnel": "culvert",
        "waterway": "drain"
      },
      "geometry": {
        "type": "LineString",
        "coordinates": [
          [
            80.1873409,
            13.0566446
          ],
          [
            80.187362,
            13.0567432
          ]
        ]
      },
      "id": "way/1298345134"
    },
    {
      "type": "Feature",
      "properties": {
        "@id": "way/1301438952",
        "layer": "-1",
        "tunnel": "culvert",
        "waterway": "canal"
      },
      "geometry": {
        "type": "LineString",
        "coordinates": [
          [
            80.0239757,
            13.1119608
          ],
          [
            80.0243648,
            13.111865
          ]
        ]
      },
      "id": "way/1301438952"
    },
    {
      "type": "Feature",
      "properties": {
        "@id": "way/1301947363",
        "name": "Thanthi Channel",
        "note": "Sembarambakkam to Porur Eri surplus water canal",
        "waterway": "drain"
      },
      "geometry": {
        "type": "LineString",
        "coordinates": [
          [
            80.11121,
            13.027591
          ],
          [
            80.1113875,
            13.0276183
          ],
          [
            80.1115089,
            13.0275819
          ],
          [
            80.1115183,
            13.0275819
          ],
          [
            80.1117704,
            13.0275455
          ],
          [
            80.1119292,
            13.0274818
          ],
          [
            80.1120258,
            13.0275194
          ],
          [
            80.112116,
            13.0277457
          ],
          [
            80.112088,
            13.0278549
          ],
          [
            80.1119652,
            13.0279552
          ],
          [
            80.1120073,
            13.0281377
          ],
          [
            80.1120728,
            13.0282643
          ],
          [
            80.1119479,
            13.0285373
          ],
          [
            80.1120787,
            13.0288285
          ],
          [
            80.1122001,
            13.0290014
          ],
          [
            80.112358,
            13.0291632
          ],
          [
            80.112405,
            13.0293175
          ]
        ]
      },
      "id": "way/1301947363"
    },
    {
      "type": "Feature",
      "properties": {
        "@id": "way/1301947366",
        "name": "Thanthi Channel",
        "note": "Sembarambakkam to Porur Eri surplus water canal",
        "waterway": "drain"
      },
      "geometry": {
        "type": "LineString",
        "coordinates": [
          [
            80.0943239,
            13.022789
          ],
          [
            80.0944957,
            13.0229801
          ],
          [
            80.0946375,
            13.0231606
          ],
          [
            80.0948306,
            13.0232442
          ],
          [
            80.0949165,
            13.0232651
          ],
          [
            80.0950881,
            13.0231919
          ],
          [
            80.0951525,
            13.0231083
          ],
          [
            80.095292,
            13.0229933
          ],
          [
            80.0954636,
            13.0230665
          ],
          [
            80.0956138,
            13.0231397
          ],
          [
            80.0956889,
            13.0232547
          ],
          [
            80.0958391,
            13.0232756
          ],
          [
            80.0959893,
            13.0232442
          ],
          [
            80.0961717,
            13.023286
          ],
          [
            80.0964399,
            13.0232442
          ],
          [
            80.0966116,
            13.0231501
          ],
          [
            80.0968047,
            13.0230456
          ],
          [
            80.0970622,
            13.0229724
          ],
          [
            80.0972124,
            13.0228784
          ],
          [
            80.0973734,
            13.022847
          ],
          [
            80.0975021,
            13.0229097
          ],
          [
            80.0976308,
            13.0229724
          ],
          [
            80.0977489,
            13.0230979
          ],
          [
            80.0978669,
            13.0231501
          ],
          [
            80.0979849,
            13.0231083
          ],
          [
            80.0981458,
            13.0230352
          ],
          [
            80.098296,
            13.0229724
          ],
          [
            80.0985106,
            13.0229829
          ],
          [
            80.098811,
            13.0230038
          ],
          [
            80.0990041,
            13.0230038
          ],
          [
            80.0994226,
            13.022962
          ],
          [
            80.0997873,
            13.0229202
          ],
          [
            80.1000663,
            13.0229933
          ],
          [
            80.1002058,
            13.0230979
          ],
          [
            80.1004311,
            13.0230979
          ],
          [
            80.1007315,
            13.0231083
          ],
          [
            80.100828,
            13.0229933
          ],
          [
            80.1009568,
            13.0228156
          ],
          [
            80.1009782,
            13.0226379
          ],
          [
            80.101107,
            13.0226066
          ],
          [
            80.1012572,
            13.0227111
          ],
          [
            80.1014181,
            13.0227634
          ],
          [
            80.1015683,
            13.0227111
          ],
          [
            80.1017614,
            13.022617
          ],
          [
            80.1020619,
            13.0225961
          ],
          [
            80.1023086,
            13.0226484
          ],
          [
            80.1024696,
            13.0226693
          ],
          [
            80.1027851,
            13.0229236
          ]
        ]
      },
      "id": "way/1301947366"
    },
    {
      "type": "Feature",
      "properties": {
        "@id": "way/1301947367",
        "layer": "-1",
        "name": "Thanthi Channel",
        "note": "Sembarambakkam to Porur Eri surplus water canal",
        "tunnel": "culvert",
        "waterway": "drain"
      },
      "geometry": {
        "type": "LineString",
        "coordinates": [
          [
            80.1027851,
            13.0229236
          ],
          [
            80.1028631,
            13.0229865
          ]
        ]
      },
      "id": "way/1301947367"
    },
    {
      "type": "Feature",
      "properties": {
        "@id": "way/1301947374",
        "name": "Thanthi Channel",
        "note": "Sembarambakkam to Porur Eri surplus water canal",
        "waterway": "drain"
      },
      "geometry": {
        "type": "LineString",
        "coordinates": [
          [
            80.1087227,
            13.0269813
          ],
          [
            80.1088564,
            13.0269813
          ],
          [
            80.1091272,
            13.0269631
          ],
          [
            80.1094728,
            13.0269176
          ],
          [
            80.1096689,
            13.0268357
          ],
          [
            80.1098838,
            13.0268903
          ],
          [
            80.1100145,
            13.0269449
          ],
          [
            80.1102667,
            13.0270177
          ],
          [
            80.1105843,
            13.0271087
          ],
          [
            80.1107897,
            13.0273271
          ],
          [
            80.110805,
            13.0273415
          ]
        ]
      },
      "id": "way/1301947374"
    },
    {
      "type": "Feature",
      "properties": {
        "@id": "way/1301947375",
        "name": "Thanthi Channel",
        "note": "Sembarambakkam to Porur Eri surplus water canal",
        "waterway": "drain"
      },
      "geometry": {
        "type": "LineString",
        "coordinates": [
          [
            80.1086212,
            13.0269813
          ],
          [
            80.1087227,
            13.0269813
          ]
        ]
      },
      "id": "way/1301947375"
    },
    {
      "type": "Feature",
      "properties": {
        "@id": "way/1301947378",
        "layer": "-1",
        "name": "Thanthi Channel",
        "note": "Sembarambakkam to Porur Eri surplus water canal",
        "tunnel": "culvert",
        "waterway": "drain"
      },
      "geometry": {
        "type": "LineString",
        "coordinates": [
          [
            80.110805,
            13.0273415
          ],
          [
            80.11121,
            13.027591
          ]
        ]
      },
      "id": "way/1301947378"
    },
    {
      "type": "Feature",
      "properties": {
        "@id": "way/1302997345",
        "waterway": "drain"
      },
      "geometry": {
        "type": "LineString",
        "coordinates": [
          [
            80.052286,
            12.8583026
          ],
          [
            80.0522637,
            12.8583392
          ],
          [
            80.0521759,
            12.8587246
          ]
        ]
      },
      "id": "way/1302997345"
    },
    {
      "type": "Feature",
      "properties": {
        "@id": "way/1302997346",
        "layer": "-1",
        "tunnel": "culvert",
        "waterway": "drain"
      },
      "geometry": {
        "type": "LineString",
        "coordinates": [
          [
            80.0523461,
            12.8582038
          ],
          [
            80.052286,
            12.8583026
          ]
        ]
      },
      "id": "way/1302997346"
    },
    {
      "type": "Feature",
      "properties": {
        "@id": "way/1316676519",
        "layer": "-1",
        "tunnel": "covered",
        "waterway": "drain"
      },
      "geometry": {
        "type": "LineString",
        "coordinates": [
          [
            80.2008932,
            13.1313414
          ],
          [
            80.2008803,
            13.1313937
          ]
        ]
      },
      "id": "way/1316676519"
    },
    {
      "type": "Feature",
      "properties": {
        "@id": "way/1316676520",
        "layer": "-1",
        "tunnel": "covered",
        "waterway": "drain"
      },
      "geometry": {
        "type": "LineString",
        "coordinates": [
          [
            80.2004538,
            13.1315021
          ],
          [
            80.2001857,
            13.1315702
          ],
          [
            80.1994763,
            13.1317569
          ],
          [
            80.1994525,
            13.1317619
          ],
          [
            80.1993569,
            13.1317817
          ],
          [
            80.1986851,
            13.1319045
          ],
          [
            80.1981084,
            13.1320247
          ],
          [
            80.1973815,
            13.1321814
          ],
          [
            80.19677,
            13.1323459
          ],
          [
            80.1966786,
            13.1322984
          ]
        ]
      },
      "id": "way/1316676520"
    },
    {
      "type": "Feature",
      "properties": {
        "@id": "way/1316676523",
        "layer": "-1",
        "tunnel": "covered",
        "waterway": "drain"
      },
      "geometry": {
        "type": "LineString",
        "coordinates": [
          [
            80.1932579,
            13.1341326
          ],
          [
            80.1933099,
            13.1338518
          ],
          [
            80.1932965,
            13.1337264
          ],
          [
            80.1933287,
            13.1335906
          ],
          [
            80.1934091,
            13.1335357
          ],
          [
            80.1939054,
            13.1334234
          ],
          [
            80.1941763,
            13.1333529
          ],
          [
            80.1943935,
            13.133298
          ],
          [
            80.194651,
            13.1331962
          ],
          [
            80.1948817,
            13.1330368
          ]
        ]
      },
      "id": "way/1316676523"
    },
    {
      "type": "Feature",
      "properties": {
        "@id": "way/1318919312",
        "waterway": "canal"
      },
      "geometry": {
        "type": "LineString",
        "coordinates": [
          [
            80.1396578,
            13.0235658
          ],
          [
            80.1396282,
            13.023387
          ],
          [
            80.1393627,
            13.0231492
          ],
          [
            80.1388772,
            13.022765
          ],
          [
            80.1380725,
            13.02213
          ],
          [
            80.1372813,
            13.0214976
          ],
          [
            80.1368494,
            13.0211213
          ],
          [
            80.136364,
            13.0207293
          ]
        ]
      },
      "id": "way/1318919312"
    },
    {
      "type": "Feature",
      "properties": {
        "@id": "way/1323146587",
        "layer": "-1",
        "tunnel": "covered",
        "waterway": "drain"
      },
      "geometry": {
        "type": "LineString",
        "coordinates": [
          [
            80.1937477,
            13.1492643
          ],
          [
            80.1956065,
            13.1487367
          ],
          [
            80.1974652,
            13.148196
          ],
          [
            80.19783,
            13.1480942
          ],
          [
            80.1977972,
            13.1478761
          ]
        ]
      },
      "id": "way/1323146587"
    },
    {
      "type": "Feature",
      "properties": {
        "@id": "way/1324096389",
        "layer": "-1",
        "tunnel": "covered",
        "waterway": "drain"
      },
      "geometry": {
        "type": "LineString",
        "coordinates": [
          [
            80.1934176,
            13.1202729
          ],
          [
            80.1933854,
            13.1204975
          ],
          [
            80.1933559,
            13.1209573
          ],
          [
            80.1933613,
            13.1214431
          ],
          [
            80.1933291,
            13.121835
          ],
          [
            80.1933291,
            13.1223574
          ],
          [
            80.1933318,
            13.1228511
          ],
          [
            80.1933559,
            13.1230339
          ],
          [
            80.1933693,
            13.1236269
          ],
          [
            80.1933801,
            13.1239521
          ],
          [
            80.1942282,
            13.12396
          ],
          [
            80.1943315,
            13.1240096
          ],
          [
            80.1944307,
            13.124148
          ],
          [
            80.1944991,
            13.1242813
          ],
          [
            80.1946077,
            13.1243139
          ],
          [
            80.1948934,
            13.1242786
          ],
          [
            80.1950315,
            13.1242355
          ],
          [
            80.1952407,
            13.1240657
          ],
          [
            80.1953735,
            13.1240253
          ],
          [
            80.1955197,
            13.1239835
          ],
          [
            80.1956511,
            13.1238999
          ],
          [
            80.1957316,
            13.1238006
          ],
          [
            80.1959676,
            13.1235394
          ],
          [
            80.1960776,
            13.1234793
          ],
          [
            80.1962626,
            13.1234454
          ],
          [
            80.1963954,
            13.1234153
          ],
          [
            80.1964652,
            13.123431
          ],
          [
            80.1966033,
            13.1235638
          ]
        ]
      },
      "id": "way/1324096389"
    },
    {
      "type": "Feature",
      "properties": {
        "@id": "way/1346832540",
        "waterway": "ditch"
      },
      "geometry": {
        "type": "LineString",
        "coordinates": [
          [
            80.056206,
            13.1303405
          ],
          [
            80.0564371,
            13.1305061
          ],
          [
            80.0565442,
            13.1305928
          ],
          [
            80.0569769,
            13.1309062
          ]
        ]
      },
      "id": "way/1346832540"
    },
    {
      "type": "Feature",
      "properties": {
        "@id": "way/1346832541",
        "layer": "-1",
        "tunnel": "culvert",
        "waterway": "ditch"
      },
      "geometry": {
        "type": "LineString",
        "coordinates": [
          [
            80.0561572,
            13.1303062
          ],
          [
            80.056206,
            13.1303405
          ]
        ]
      },
      "id": "way/1346832541"
    },
    {
      "type": "Feature",
      "properties": {
        "@id": "way/1356673371",
        "waterway": "drain"
      },
      "geometry": {
        "type": "LineString",
        "coordinates": [
          [
            80.117115,
            12.9252731
          ],
          [
            80.117219,
            12.925372
          ]
        ]
      },
      "id": "way/1356673371"
    },
    {
      "type": "Feature",
      "properties": {
        "@id": "way/1356673372",
        "waterway": "drain"
      },
      "geometry": {
        "type": "LineString",
        "coordinates": [
          [
            80.1172917,
            12.9254412
          ],
          [
            80.1174474,
            12.9255894
          ]
        ]
      },
      "id": "way/1356673372"
    },
    {
      "type": "Feature",
      "properties": {
        "@id": "way/1356673373",
        "layer": "-1",
        "tunnel": "culvert",
        "waterway": "drain"
      },
      "geometry": {
        "type": "LineString",
        "coordinates": [
          [
            80.117219,
            12.925372
          ],
          [
            80.1172917,
            12.9254412
          ]
        ]
      },
      "id": "way/1356673373"
    },
    {
      "type": "Feature",
      "properties": {
        "@id": "way/1408255885",
        "waterway": "drain"
      },
      "geometry": {
        "type": "LineString",
        "coordinates": [
          [
            80.3001702,
            13.2238975
          ],
          [
            80.2999334,
            13.2239282
          ],
          [
            80.2998846,
            13.2239282
          ],
          [
            80.2998338,
            13.2239222
          ],
          [
            80.2997911,
            13.2239084
          ],
          [
            80.2997403,
            13.2238817
          ],
          [
            80.2996247,
            13.2237903
          ],
          [
            80.2994336,
            13.2236249
          ],
          [
            80.2993575,
            13.2235508
          ],
          [
            80.2993132,
            13.2235009
          ],
          [
            80.299246,
            13.2233872
          ],
          [
            80.2988988,
            13.222777
          ],
          [
            80.2986234,
            13.2223038
          ],
          [
            80.2985929,
            13.2222345
          ],
          [
            80.2985584,
            13.2221396
          ],
          [
            80.2980294,
            13.2205583
          ],
          [
            80.2980091,
            13.2205128
          ],
          [
            80.2979745,
            13.2204752
          ],
          [
            80.2978932,
            13.2204198
          ],
          [
            80.2966114,
            13.2195821
          ],
          [
            80.2964569,
            13.2194713
          ],
          [
            80.2963613,
            13.2193862
          ],
          [
            80.2962941,
            13.2193015
          ],
          [
            80.2962217,
            13.2191855
          ],
          [
            80.2961773,
            13.2190605
          ],
          [
            80.2961493,
            13.2189332
          ],
          [
            80.29614,
            13.218815
          ],
          [
            80.296154,
            13.2187196
          ],
          [
            80.2961847,
            13.218601
          ],
          [
            80.2962233,
            13.2185041
          ],
          [
            80.2962924,
            13.2183754
          ],
          [
            80.2963737,
            13.2182765
          ],
          [
            80.2964754,
            13.2181855
          ],
          [
            80.2969158,
            13.2178502
          ],
          [
            80.2971546,
            13.2176754
          ],
          [
            80.297288,
            13.217572
          ],
          [
            80.2973954,
            13.2174674
          ],
          [
            80.2975192,
            13.2173308
          ],
          [
            80.2976997,
            13.2170965
          ],
          [
            80.2978271,
            13.2168795
          ],
          [
            80.2978731,
            13.2167485
          ],
          [
            80.2979297,
            13.2164832
          ],
          [
            80.2979828,
            13.2161352
          ],
          [
            80.2980642,
            13.2155874
          ],
          [
            80.2981604,
            13.2149681
          ],
          [
            80.2981604,
            13.2148977
          ],
          [
            80.2981557,
            13.2147726
          ],
          [
            80.29813,
            13.2145817
          ],
          [
            80.2981277,
            13.2144998
          ],
          [
            80.2981393,
            13.2143771
          ],
          [
            80.298157,
            13.2142565
          ],
          [
            80.2981847,
            13.214144
          ],
          [
            80.2982155,
            13.2140615
          ],
          [
            80.2982756,
            13.213919
          ],
          [
            80.2983326,
            13.2138216
          ],
          [
            80.2984035,
            13.2137166
          ],
          [
            80.2984651,
            13.2136386
          ],
          [
            80.2985575,
            13.2135411
          ],
          [
            80.2986838,
            13.2134361
          ],
          [
            80.2988394,
            13.2133416
          ],
          [
            80.2989642,
            13.2132787
          ],
          [
            80.2990998,
            13.2132247
          ],
          [
            80.2997299,
            13.2129997
          ],
          [
            80.2998762,
            13.2129352
          ],
          [
            80.2999425,
            13.2128962
          ],
          [
            80.3000087,
            13.2128362
          ],
          [
            80.3001011,
            13.2127328
          ],
          [
            80.300135,
            13.2126788
          ],
          [
            80.3001704,
            13.2125933
          ],
          [
            80.3002995,
            13.2122392
          ],
          [
            80.3005198,
            13.2116063
          ],
          [
            80.3005914,
            13.2114597
          ],
          [
            80.3006265,
            13.211404
          ],
          [
            80.3006732,
            13.2113404
          ],
          [
            80.3007234,
            13.2112858
          ],
          [
            80.3007946,
            13.2112245
          ],
          [
            80.300867,
            13.2111767
          ],
          [
            80.3009382,
            13.2111381
          ],
          [
            80.3010223,
            13.211104
          ],
          [
            80.3011063,
            13.2110756
          ],
          [
            80.3012009,
            13.2110585
          ],
          [
            80.3012814,
            13.211054
          ],
          [
            80.3013818,
            13.211054
          ],
          [
            80.3015768,
            13.2110733
          ],
          [
            80.3024405,
            13.2111821
          ],
          [
            80.3037257,
            13.2113528
          ],
          [
            80.303859,
            13.2113634
          ],
          [
            80.3039368,
            13.2113621
          ],
          [
            80.3040173,
            13.2113517
          ],
          [
            80.3041031,
            13.2113269
          ],
          [
            80.3042345,
            13.2112786
          ],
          [
            80.3047683,
            13.2111023
          ],
          [
            80.3048381,
            13.2110877
          ],
          [
            80.3049243,
            13.2110787
          ],
          [
            80.3050152,
            13.2110817
          ],
          [
            80.3051,
            13.2110967
          ],
          [
            80.3051908,
            13.2111282
          ],
          [
            80.3052848,
            13.2111762
          ],
          [
            80.3053541,
            13.2112317
          ],
          [
            80.3054312,
            13.2113127
          ],
          [
            80.3054928,
            13.2114087
          ],
          [
            80.3055975,
            13.2115856
          ],
          [
            80.3056191,
            13.2116351
          ],
          [
            80.3056468,
            13.2117296
          ],
          [
            80.3056638,
            13.2118376
          ],
          [
            80.3057487,
            13.2125096
          ],
          [
            80.3059452,
            13.2140521
          ],
          [
            80.3060433,
            13.2148051
          ],
          [
            80.3060555,
            13.2149278
          ],
          [
            80.3060514,
            13.2150129
          ],
          [
            80.3060331,
            13.2151158
          ],
          [
            80.3059869,
            13.2152607
          ],
          [
            80.3059108,
            13.2153951
          ],
          [
            80.3058223,
            13.2155036
          ],
          [
            80.305748,
            13.2155742
          ],
          [
            80.3056294,
            13.2156724
          ],
          [
            80.3055816,
            13.2157362
          ],
          [
            80.3055515,
            13.2158016
          ],
          [
            80.3055392,
            13.2159067
          ],
          [
            80.3055409,
            13.216048
          ],
          [
            80.3055358,
            13.216142
          ],
          [
            80.3055318,
            13.216237
          ],
          [
            80.3055379,
            13.2165021
          ],
          [
            80.305546,
            13.2167673
          ],
          [
            80.3055562,
            13.2168742
          ],
          [
            80.3055643,
            13.2169612
          ],
          [
            80.3055745,
            13.2170998
          ],
          [
            80.3055866,
            13.2174738
          ],
          [
            80.3056123,
            13.2184152
          ],
          [
            80.3056494,
            13.2203874
          ],
          [
            80.3056763,
            13.2217898
          ],
          [
            80.3057254,
            13.2239652
          ],
          [
            80.305769,
            13.225223
          ],
          [
            80.305753,
            13.2253953
          ],
          [
            80.3057235,
            13.2255494
          ],
          [
            80.3056484,
            13.2257034
          ],
          [
            80.3055196,
            13.2258941
          ],
          [
            80.3051656,
            13.2263249
          ]
        ]
      },
      "id": "way/1408255885"
    },
    {
      "type": "Feature",
      "properties": {
        "@id": "way/1408255906",
        "waterway": "stream"
      },
      "geometry": {
        "type": "LineString",
        "coordinates": [
          [
            80.2981238,
            13.2266005
          ],
          [
            80.2980961,
            13.2263305
          ],
          [
            80.2980622,
            13.2261146
          ],
          [
            80.2979913,
            13.2258386
          ],
          [
            80.2978711,
            13.2255207
          ],
          [
            80.2977638,
            13.2252261
          ],
          [
            80.2977343,
            13.2251139
          ],
          [
            80.2977182,
            13.224952
          ],
          [
            80.2977128,
            13.2248475
          ],
          [
            80.2977155,
            13.2247979
          ],
          [
            80.2977289,
            13.2247718
          ],
          [
            80.2977504,
            13.2247509
          ],
          [
            80.2979435,
            13.2246648
          ],
          [
            80.2982332,
            13.2245473
          ],
          [
            80.2985148,
            13.2244611
          ],
          [
            80.2987991,
            13.2243854
          ],
          [
            80.2992517,
            13.2242886
          ],
          [
            80.2995752,
            13.2242227
          ],
          [
            80.2997015,
            13.2241837
          ],
          [
            80.2998094,
            13.2241507
          ],
          [
            80.2998633,
            13.2241386
          ],
          [
            80.2998695,
            13.2241372
          ],
          [
            80.2999172,
            13.2241372
          ],
          [
            80.2999542,
            13.2241447
          ],
          [
            80.2999773,
            13.2241582
          ],
          [
            80.3000158,
            13.2241882
          ],
          [
            80.3000528,
            13.2242182
          ],
          [
            80.3000928,
            13.2242451
          ],
          [
            80.3001113,
            13.2242646
          ],
          [
            80.3001283,
            13.2242886
          ],
          [
            80.3001606,
            13.2243381
          ],
          [
            80.3001884,
            13.2243846
          ],
          [
            80.3002105,
            13.2244232
          ],
          [
            80.3002278,
            13.224449
          ]
        ]
      },
      "id": "way/1408255906"
    },
    {
      "type": "Feature",
      "properties": {
        "@id": "way/1408255916",
        "waterway": "drain"
      },
      "geometry": {
        "type": "LineString",
        "coordinates": [
          [
            80.3069883,
            13.2123844
          ],
          [
            80.3068908,
            13.212296
          ],
          [
            80.3067738,
            13.212158
          ],
          [
            80.3066259,
            13.2119181
          ],
          [
            80.306515,
            13.2116421
          ],
          [
            80.3064472,
            13.2114502
          ],
          [
            80.3064283,
            13.2113059
          ],
          [
            80.3063827,
            13.2112067
          ],
          [
            80.3063291,
            13.2111441
          ],
          [
            80.3062272,
            13.2111049
          ],
          [
            80.306085,
            13.2110944
          ],
          [
            80.3059214,
            13.2110997
          ],
          [
            80.3057846,
            13.2110918
          ],
          [
            80.3057176,
            13.2110631
          ],
          [
            80.305691,
            13.211025
          ],
          [
            80.3056747,
            13.2109409
          ],
          [
            80.305642,
            13.210884
          ],
          [
            80.3055976,
            13.2108658
          ],
          [
            80.3055509,
            13.2108613
          ],
          [
            80.3054996,
            13.2108704
          ],
          [
            80.3054365,
            13.2108909
          ],
          [
            80.3053781,
            13.2109272
          ],
          [
            80.3053314,
            13.2109409
          ],
          [
            80.305203,
            13.2109591
          ],
          [
            80.304777,
            13.2109626
          ],
          [
            80.3046183,
            13.2109876
          ],
          [
            80.3044945,
            13.2110194
          ],
          [
            80.3043754,
            13.2110808
          ],
          [
            80.3042236,
            13.2111512
          ],
          [
            80.3041139,
            13.2111808
          ],
          [
            80.3039154,
            13.2112126
          ],
          [
            80.3037683,
            13.2112262
          ],
          [
            80.3036586,
            13.2112194
          ],
          [
            80.3030612,
            13.2111458
          ],
          [
            80.300874,
            13.2108537
          ],
          [
            80.3007643,
            13.2108514
          ],
          [
            80.3007059,
            13.2108628
          ],
          [
            80.3006732,
            13.2108878
          ],
          [
            80.3006312,
            13.2109628
          ],
          [
            80.3002412,
            13.2120175
          ],
          [
            80.3001472,
            13.2123185
          ],
          [
            80.3000888,
            13.2124632
          ],
          [
            80.3000428,
            13.2125545
          ],
          [
            80.2999561,
            13.2126648
          ],
          [
            80.2998711,
            13.2127509
          ],
          [
            80.2997791,
            13.2128199
          ],
          [
            80.2996765,
            13.2128595
          ],
          [
            80.2993951,
            13.2129422
          ],
          [
            80.2991633,
            13.2130231
          ],
          [
            80.2990235,
            13.21308
          ],
          [
            80.298935,
            13.2131213
          ],
          [
            80.2988164,
            13.2131541
          ],
          [
            80.2986554,
            13.2131989
          ],
          [
            80.2985775,
            13.2132195
          ],
          [
            80.2985315,
            13.2132437
          ],
          [
            80.2985014,
            13.2132678
          ],
          [
            80.2984908,
            13.2132919
          ],
          [
            80.2984784,
            13.2133177
          ],
          [
            80.2984696,
            13.2133332
          ],
          [
            80.2984501,
            13.2133487
          ],
          [
            80.2984077,
            13.213397
          ],
          [
            80.298367,
            13.213459
          ],
          [
            80.298344,
            13.2135245
          ],
          [
            80.298305,
            13.2136123
          ],
          [
            80.2981965,
            13.2137525
          ],
          [
            80.2980501,
            13.2139722
          ],
          [
            80.2979891,
            13.2140672
          ],
          [
            80.2979668,
            13.2141562
          ],
          [
            80.2979586,
            13.2142195
          ],
          [
            80.2979848,
            13.2144587
          ],
          [
            80.2980018,
            13.2145937
          ],
          [
            80.2980172,
            13.2146507
          ],
          [
            80.298048,
            13.2147242
          ],
          [
            80.2980665,
            13.2147857
          ],
          [
            80.2980773,
            13.2148532
          ],
          [
            80.2980757,
            13.2149192
          ],
          [
            80.2980063,
            13.2153724
          ],
          [
            80.2979833,
            13.2155206
          ],
          [
            80.2979656,
            13.2155981
          ],
          [
            80.2979338,
            13.2157032
          ],
          [
            80.2979054,
            13.2158203
          ],
          [
            80.2977656,
            13.2166593
          ],
          [
            80.2977462,
            13.2167868
          ],
          [
            80.2977196,
            13.2168695
          ],
          [
            80.2976825,
            13.216947
          ],
          [
            80.2975869,
            13.2170797
          ],
          [
            80.297525,
            13.2171365
          ],
          [
            80.2974843,
            13.2171899
          ],
          [
            80.29741,
            13.2173122
          ],
          [
            80.2973303,
            13.2174242
          ],
          [
            80.2972879,
            13.2174724
          ],
          [
            80.297188,
            13.217553
          ],
          [
            80.2964827,
            13.2180585
          ],
          [
            80.2963206,
            13.2181875
          ],
          [
            80.2962097,
            13.2183015
          ],
          [
            80.2961172,
            13.2184724
          ],
          [
            80.2960587,
            13.2186224
          ],
          [
            80.2960341,
            13.2187274
          ],
          [
            80.296031,
            13.2188683
          ],
          [
            80.2961172,
            13.2192403
          ],
          [
            80.2961881,
            13.2194052
          ],
          [
            80.2962405,
            13.2194742
          ],
          [
            80.2963268,
            13.2195462
          ],
          [
            80.2970296,
            13.2200187
          ],
          [
            80.2976691,
            13.2204285
          ],
          [
            80.2978215,
            13.2205215
          ],
          [
            80.2978805,
            13.2205789
          ],
          [
            80.2979313,
            13.2206778
          ],
          [
            80.2982286,
            13.2215449
          ],
          [
            80.2984111,
            13.2220604
          ],
          [
            80.2984648,
            13.2222249
          ],
          [
            80.2985184,
            13.2223424
          ],
          [
            80.2988912,
            13.2230135
          ],
          [
            80.2990414,
            13.2232667
          ],
          [
            80.2991526,
            13.2234421
          ],
          [
            80.299303,
            13.2236488
          ],
          [
            80.299395,
            13.2237608
          ],
          [
            80.2994835,
            13.2238521
          ],
          [
            80.2995667,
            13.2239279
          ],
          [
            80.2996392,
            13.223983
          ]
        ]
      },
      "id": "way/1408255916"
    },
    {
      "type": "Feature",
      "properties": {
        "@id": "way/1408255917",
        "layer": "-1",
        "tunnel": "culvert",
        "waterway": "drain"
      },
      "geometry": {
        "type": "LineString",
        "coordinates": [
          [
            80.2996392,
            13.223983
          ],
          [
            80.2998363,
            13.2241199
          ]
        ]
      },
      "id": "way/1408255917"
    },
    {
      "type": "Feature",
      "properties": {
        "@id": "way/1408255918",
        "waterway": "drain"
      },
      "geometry": {
        "type": "LineString",
        "coordinates": [
          [
            80.2998363,
            13.2241199
          ],
          [
            80.2998633,
            13.2241386
          ]
        ]
      },
      "id": "way/1408255918"
    },
    {
      "type": "Feature",
      "properties": {
        "@id": "way/1419957521",
        "waterway": "drain"
      },
      "geometry": {
        "type": "LineString",
        "coordinates": [
          [
            80.2030027,
            12.9490147
          ],
          [
            80.2031411,
            12.948884
          ],
          [
            80.2036837,
            12.9488435
          ],
          [
            80.2040212,
            12.9488591
          ]
        ]
      },
      "id": "way/1419957521"
    },
    {
      "type": "Feature",
      "properties": {
        "@id": "way/1419957522",
        "layer": "-1",
        "tunnel": "culvert",
        "waterway": "drain"
      },
      "geometry": {
        "type": "LineString",
        "coordinates": [
          [
            80.2040212,
            12.9488591
          ],
          [
            80.2043279,
            12.9488733
          ]
        ]
      },
      "id": "way/1419957522"
    },
    {
      "type": "Feature",
      "properties": {
        "@id": "way/1453896696",
        "name": "Chembarampakkam water for irrigation",
        "waterway": "stream"
      },
      "geometry": {
        "type": "LineString",
        "coordinates": [
          [
            80.1044099,
            13.0049865
          ],
          [
            80.1045011,
            13.0049421
          ],
          [
            80.1046361,
            13.0046364
          ]
        ]
      },
      "id": "way/1453896696"
    },
    {
      "type": "Feature",
      "properties": {
        "@id": "way/1453896697",
        "layer": "-1",
        "name": "Chembarampakkam water for irrigation",
        "tunnel": "culvert",
        "waterway": "stream"
      },
      "geometry": {
        "type": "LineString",
        "coordinates": [
          [
            80.1042819,
            13.0050489
          ],
          [
            80.1044099,
            13.0049865
          ]
        ]
      },
      "id": "way/1453896697"
    },
    {
      "type": "Feature",
      "properties": {
        "@id": "way/1458961208",
        "waterway": "drain"
      },
      "geometry": {
        "type": "LineString",
        "coordinates": [
          [
            80.2355298,
            12.988411
          ],
          [
            80.2355601,
            12.9896371
          ]
        ]
      },
      "id": "way/1458961208"
    },
    {
      "type": "Feature",
      "properties": {
        "@id": "way/1458961209",
        "layer": "-1",
        "tunnel": "culvert",
        "waterway": "drain"
      },
      "geometry": {
        "type": "LineString",
        "coordinates": [
          [
            80.2355601,
            12.9896371
          ],
          [
            80.2355812,
            12.9897175
          ]
        ]
      },
      "id": "way/1458961209"
    },
    {
      "type": "Feature",
      "properties": {
        "@id": "way/1459226722",
        "intermittent": "yes",
        "waterway": "stream"
      },
      "geometry": {
        "type": "LineString",
        "coordinates": [
          [
            80.2430008,
            13.0062794
          ],
          [
            80.2428216,
            13.0055646
          ],
          [
            80.242592,
            13.0051663
          ],
          [
            80.242256,
            13.0047379
          ],
          [
            80.2420068,
            13.0041896
          ],
          [
            80.2420796,
            13.0036276
          ],
          [
            80.2422224,
            13.0032293
          ],
          [
            80.2424002,
            13.0028736
          ],
          [
            80.2426896,
            13.0022798
          ],
          [
            80.2427384,
            13.0019532
          ],
          [
            80.2429456,
            13.0008814
          ],
          [
            80.2430734,
            13.0002979
          ]
        ]
      },
      "id": "way/1459226722"
    },
    {
      "type": "Feature",
      "properties": {
        "@id": "way/1459226728",
        "waterway": "canal"
      },
      "geometry": {
        "type": "LineString",
        "coordinates": [
          [
            80.2451696,
            12.9900427
          ],
          [
            80.2449429,
            12.9899216
          ],
          [
            80.2429149,
            12.9897354
          ],
          [
            80.2427241,
            12.9897829
          ],
          [
            80.2416682,
            12.9896971
          ],
          [
            80.2416425,
            12.9896996
          ]
        ]
      },
      "id": "way/1459226728"
    },
    {
      "type": "Feature",
      "properties": {
        "@id": "way/1459226731",
        "waterway": "canal"
      },
      "geometry": {
        "type": "LineString",
        "coordinates": [
          [
            80.2415559,
            12.9897102
          ],
          [
            80.2413335,
            12.9897292
          ],
          [
            80.2408395,
            12.989854
          ],
          [
            80.2403124,
            12.9899165
          ]
        ]
      },
      "id": "way/1459226731"
    },
    {
      "type": "Feature",
      "properties": {
        "@id": "way/1459226732",
        "layer": "-1",
        "tunnel": "culvert",
        "waterway": "canal"
      },
      "geometry": {
        "type": "LineString",
        "coordinates": [
          [
            80.2416425,
            12.9896996
          ],
          [
            80.2415559,
            12.9897102
          ]
        ]
      },
      "id": "way/1459226732"
    },
    {
      "type": "Feature",
      "properties": {
        "@id": "way/1460011776",
        "layer": "-1",
        "tunnel": "covered",
        "waterway": "drain"
      },
      "geometry": {
        "type": "LineString",
        "coordinates": [
          [
            80.2020058,
            13.1287583
          ],
          [
            80.2020287,
            13.1288155
          ],
          [
            80.2020528,
            13.1289455
          ],
          [
            80.2020904,
            13.1291205
          ],
          [
            80.2021125,
            13.1292144
          ],
          [
            80.2021883,
            13.1297147
          ],
          [
            80.2022412,
            13.1299882
          ],
          [
            80.202243,
            13.1299975
          ],
          [
            80.2022992,
            13.1303015
          ],
          [
            80.2023139,
            13.1303773
          ],
          [
            80.2023394,
            13.1305262
          ],
          [
            80.2023508,
            13.1305876
          ]
        ]
      },
      "id": "way/1460011776"
    },
    {
      "type": "Feature",
      "properties": {
        "@id": "way/1460396440",
        "layer": "-1",
        "tunnel": "covered",
        "waterway": "drain"
      },
      "geometry": {
        "type": "LineString",
        "coordinates": [
          [
            80.2031234,
            13.1276234
          ],
          [
            80.2031006,
            13.1269617
          ],
          [
            80.203094,
            13.1268371
          ]
        ]
      },
      "id": "way/1460396440"
    },
    {
      "type": "Feature",
      "properties": {
        "@id": "way/1474984798",
        "waterway": "river"
      },
      "geometry": {
        "type": "LineString",
        "coordinates": [
          [
            80.2241453,
            12.9177217
          ],
          [
            80.2241641,
            12.9176812
          ],
          [
            80.2241346,
            12.9176734
          ],
          [
            80.2241316,
            12.917663
          ],
          [
            80.2241252,
            12.9176407
          ],
          [
            80.2241051,
            12.9176211
          ],
          [
            80.2240836,
            12.9176015
          ],
          [
            80.2240622,
            12.9176093
          ],
          [
            80.2240581,
            12.9175975
          ],
          [
            80.2240595,
            12.9175688
          ]
        ]
      },
      "id": "way/1474984798"
    },
    {
      "type": "Feature",
      "properties": {
        "@id": "way/1474984799",
        "waterway": "river"
      },
      "geometry": {
        "type": "LineString",
        "coordinates": [
          [
            80.2240595,
            12.9175688
          ],
          [
            80.2240675,
            12.9175426
          ],
          [
            80.2240716,
            12.9175256
          ],
          [
            80.2240608,
            12.9174995
          ],
          [
            80.2240233,
            12.9174341
          ],
          [
            80.2240488,
            12.9174093
          ],
          [
            80.2240635,
            12.9174015
          ]
        ]
      },
      "id": "way/1474984799"
    },
    {
      "type": "Feature",
      "properties": {
        "@id": "way/1474984800",
        "waterway": "river"
      },
      "geometry": {
        "type": "LineString",
        "coordinates": [
          [
            80.2240488,
            12.9174093
          ],
          [
            80.2240435,
            12.9173781
          ],
          [
            80.2240391,
            12.9173519
          ],
          [
            80.2240208,
            12.9173004
          ],
          [
            80.2240208,
            12.9172786
          ],
          [
            80.2239619,
            12.9172549
          ],
          [
            80.2239171,
            12.9172667
          ],
          [
            80.2238765,
            12.9173044
          ],
          [
            80.2238663,
            12.9173519
          ],
          [
            80.2238663,
            12.9173777
          ],
          [
            80.2238826,
            12.9174114
          ],
          [
            80.2238907,
            12.9174411
          ],
          [
            80.2238846,
            12.9174669
          ],
          [
            80.2238928,
            12.9175085
          ],
          [
            80.2238873,
            12.9175257
          ],
          [
            80.2238765,
            12.91756
          ],
          [
            80.2238602,
            12.9176095
          ],
          [
            80.2238338,
            12.9176313
          ]
        ]
      },
      "id": "way/1474984800"
    },
    {
      "type": "Feature",
      "properties": {
        "@id": "way/1474984802",
        "waterway": "river"
      },
      "geometry": {
        "type": "LineString",
        "coordinates": [
          [
            80.2250352,
            12.9171152
          ],
          [
            80.225096,
            12.9171114
          ],
          [
            80.2251498,
            12.9171421
          ],
          [
            80.225161,
            12.9171788
          ],
          [
            80.2251559,
            12.9172026
          ],
          [
            80.2251448,
            12.9172046
          ],
          [
            80.2251224,
            12.9172145
          ],
          [
            80.2251082,
            12.9172749
          ]
        ]
      },
      "id": "way/1474984802"
    },
    {
      "type": "Feature",
      "properties": {
        "@id": "way/1492152598",
        "boat": "no",
        "name": "Buckingham Kaalvaai",
        "name:en": "Buckingham Canal",
        "name:ml": "ബക്കിംഗ്ഹാം കൈത്തോട്",
        "name:ta": "பக்கிங்ஹாம் கால்வாய்",
        "name:te": "బకింగ్‌హాం కాలువ",
        "waterway": "canal",
        "width": "15",
        "wikidata": "Q3536830",
        "wikipedia": "en:Buckingham Canal"
      },
      "geometry": {
        "type": "LineString",
        "coordinates": [
          [
            80.2824041,
            13.067183
          ],
          [
            80.2824087,
            13.0670564
          ],
          [
            80.2824098,
            13.0669853
          ],
          [
            80.2824204,
            13.0669158
          ],
          [
            80.2824197,
            13.0668529
          ],
          [
            80.2824088,
            13.0667644
          ],
          [
            80.2823861,
            13.066685
          ],
          [
            80.2823209,
            13.0665802
          ],
          [
            80.2822339,
            13.0664714
          ],
          [
            80.2821091,
            13.066344
          ],
          [
            80.2814189,
            13.0655951
          ],
          [
            80.281247,
            13.0653662
          ],
          [
            80.2811215,
            13.0650788
          ],
          [
            80.2809584,
            13.0647778
          ],
          [
            80.2806237,
            13.0635906
          ],
          [
            80.280288,
            13.0611364
          ],
          [
            80.2802419,
            13.060404
          ],
          [
            80.2802574,
            13.0595251
          ],
          [
            80.2803809,
            13.057903
          ],
          [
            80.2803829,
            13.0564002
          ],
          [
            80.2804865,
            13.0541303
          ],
          [
            80.2804387,
            13.0537446
          ],
          [
            80.280246,
            13.0531559
          ],
          [
            80.2800572,
            13.0527797
          ],
          [
            80.2790084,
            13.0510593
          ],
          [
            80.2780745,
            13.0492846
          ],
          [
            80.2769591,
            13.0461078
          ],
          [
            80.2761868,
            13.0437838
          ],
          [
            80.2762034,
            13.0431396
          ],
          [
            80.276024,
            13.0424546
          ],
          [
            80.2757183,
            13.0419189
          ],
          [
            80.2755627,
            13.0416603
          ],
          [
            80.2754259,
            13.0415636
          ],
          [
            80.2751791,
            13.0415061
          ],
          [
            80.2749914,
            13.0414956
          ],
          [
            80.2746883,
            13.041527
          ],
          [
            80.274302,
            13.0417151
          ],
          [
            80.2738118,
            13.0418409
          ],
          [
            80.2733002,
            13.0420144
          ],
          [
            80.2726678,
            13.0421406
          ],
          [
            80.272123,
            13.0421046
          ],
          [
            80.271853,
            13.0420372
          ],
          [
            80.2713194,
            13.041859
          ],
          [
            80.2711806,
            13.0415537
          ],
          [
            80.2704635,
            13.0409714
          ],
          [
            80.2698958,
            13.0402049
          ],
          [
            80.2696307,
            13.0395648
          ],
          [
            80.2694028,
            13.0380872
          ],
          [
            80.2692817,
            13.0375617
          ],
          [
            80.2688177,
            13.0365744
          ],
          [
            80.268602,
            13.0363139
          ],
          [
            80.2684345,
            13.0361671
          ],
          [
            80.268281,
            13.0360596
          ],
          [
            80.2679593,
            13.0359254
          ],
          [
            80.2676111,
            13.035794
          ],
          [
            80.2672787,
            13.0354747
          ],
          [
            80.2665753,
            13.034594
          ],
          [
            80.2660494,
            13.0342124
          ],
          [
            80.265677,
            13.0340797
          ],
          [
            80.2649363,
            13.0337083
          ],
          [
            80.2643955,
            13.0333721
          ],
          [
            80.2636979,
            13.0327703
          ],
          [
            80.2631314,
            13.0322936
          ],
          [
            80.2618868,
            13.0310895
          ],
          [
            80.261698,
            13.0308052
          ],
          [
            80.261492,
            13.0304373
          ],
          [
            80.261183,
            13.0298101
          ],
          [
            80.2606873,
            13.028567
          ],
          [
            80.2603315,
            13.0277504
          ],
          [
            80.2605254,
            13.0274532
          ],
          [
            80.2602096,
            13.026515
          ],
          [
            80.2599025,
            13.025899
          ],
          [
            80.2593767,
            13.0254876
          ],
          [
            80.2586229,
            13.0249566
          ],
          [
            80.2578222,
            13.0245247
          ],
          [
            80.257157,
            13.024234
          ],
          [
            80.2563909,
            13.0237073
          ],
          [
            80.2554525,
            13.0232928
          ],
          [
            80.2542334,
            13.0229897
          ],
          [
            80.2534033,
            13.0225853
          ],
          [
            80.2532134,
            13.0224346
          ],
          [
            80.2526362,
            13.0219115
          ],
          [
            80.2523504,
            13.0214867
          ],
          [
            80.2521057,
            13.0210934
          ],
          [
            80.2515907,
            13.0202503
          ],
          [
            80.2511658,
            13.0196901
          ],
          [
            80.2508408,
            13.0195113
          ],
          [
            80.2506182,
            13.0193283
          ],
          [
            80.2504116,
            13.0192499
          ],
          [
            80.2497679,
            13.0187796
          ],
          [
            80.2494138,
            13.018594
          ],
          [
            80.2486874,
            13.018374
          ],
          [
            80.2485269,
            13.0182544
          ],
          [
            80.2484963,
            13.017981
          ],
          [
            80.2483383,
            13.0153412
          ],
          [
            80.2482621,
            13.0144466
          ],
          [
            80.248059,
            13.0125203
          ],
          [
            80.2480993,
            13.0120094
          ],
          [
            80.2482199,
            13.0117443
          ],
          [
            80.2480142,
            13.0071749
          ],
          [
            80.2479917,
            13.0062266
          ]
        ]
      },
      "id": "way/1492152598"
    },
    {
      "type": "Feature",
      "properties": {
        "@id": "way/1492152599",
        "boat": "no",
        "layer": "-1",
        "name": "Buckingham Kaalvaai",
        "name:en": "Buckingham Canal",
        "name:ml": "ബക്കിംഗ്ഹാം കൈത്തോട്",
        "name:ta": "பக்கிங்ஹாம் கால்வாய்",
        "name:te": "బకింగ్‌హాం కాలువ",
        "tunnel": "culvert",
        "waterway": "canal",
        "width": "15",
        "wikidata": "Q3536830",
        "wikipedia": "en:Buckingham Canal"
      },
      "geometry": {
        "type": "LineString",
        "coordinates": [
          [
            80.2479917,
            13.0062266
          ],
          [
            80.2479894,
            13.0061275
          ]
        ]
      },
      "id": "way/1492152599"
    },
    {
      "type": "Feature",
      "properties": {
        "@id": "way/1541273809",
        "waterway": "drain"
      },
      "geometry": {
        "type": "LineString",
        "coordinates": [
          [
            80.1639573,
            12.9916096
          ],
          [
            80.1639958,
            12.9922608
          ]
        ]
      },
      "id": "way/1541273809"
    },
    {
      "type": "Feature",
      "properties": {
        "@id": "way/1541273810",
        "layer": "-1",
        "tunnel": "culvert",
        "waterway": "drain"
      },
      "geometry": {
        "type": "LineString",
        "coordinates": [
          [
            80.1639958,
            12.9922608
          ],
          [
            80.1639996,
            12.9923572
          ]
        ]
      },
      "id": "way/1541273810"
    },
    {
      "type": "Feature",
      "properties": {
        "@id": "way/1547615934",
        "name": "Krishna Canal",
        "waterway": "canal"
      },
      "geometry": {
        "type": "LineString",
        "coordinates": [
          [
            80.0155251,
            13.0211491
          ],
          [
            80.0163261,
            13.0194211
          ]
        ]
      },
      "id": "way/1547615934"
    },
    {
      "type": "Feature",
      "properties": {
        "@id": "way/1547615935",
        "layer": "-1",
        "name": "Krishna Canal",
        "waterway": "canal"
      },
      "geometry": {
        "type": "LineString",
        "coordinates": [
          [
            80.0152887,
            13.0216589
          ],
          [
            80.0155251,
            13.0211491
          ]
        ]
      },
      "id": "way/1547615935"
    },
    {
      "type": "Feature",
      "properties": {
        "@id": "node/7169186268",
        "man_made": "manhole",
        "manhole": "sewer",
        "ref": "man hole"
      },
      "geometry": {
        "type": "Point",
        "coordinates": [
          80.2066788,
          13.0335227
        ]
      },
      "id": "node/7169186268"
    },
    {
      "type": "Feature",
      "properties": {
        "@id": "node/7602920300",
        "man_made": "manhole",
        "manhole": "sewer",
        "ref": "man hole"
      },
      "geometry": {
        "type": "Point",
        "coordinates": [
          80.206181,
          13.0333523
        ]
      },
      "id": "node/7602920300"
    },
    {
      "type": "Feature",
      "properties": {
        "@id": "node/12533019274",
        "man_made": "manhole",
        "manhole": "drain"
      },
      "geometry": {
        "type": "Point",
        "coordinates": [
          80.208279,
          12.9437776
        ]
      },
      "id": "node/12533019274"
    },
    {
      "type": "Feature",
      "properties": {
        "@id": "node/12533019275",
        "man_made": "manhole",
        "manhole": "drain"
      },
      "geometry": {
        "type": "Point",
        "coordinates": [
          80.2084587,
          12.9437656
        ]
      },
      "id": "node/12533019275"
    },
    {
      "type": "Feature",
      "properties": {
        "@id": "node/12533019276",
        "man_made": "manhole",
        "manhole": "sewer"
      },
      "geometry": {
        "type": "Point",
        "coordinates": [
          80.2085074,
          12.943769
        ]
      },
      "id": "node/12533019276"
    },
    {
      "type": "Feature",
      "properties": {
        "@id": "node/12533019277",
        "man_made": "manhole",
        "manhole": "drain"
      },
      "geometry": {
        "type": "Point",
        "coordinates": [
          80.2085161,
          12.9437479
        ]
      },
      "id": "node/12533019277"
    },
    {
      "type": "Feature",
      "properties": {
        "@id": "node/12533019278",
        "man_made": "manhole",
        "manhole": "drain"
      },
      "geometry": {
        "type": "Point",
        "coordinates": [
          80.2085503,
          12.9437434
        ]
      },
      "id": "node/12533019278"
    },
    {
      "type": "Feature",
      "properties": {
        "@id": "node/12533044017",
        "man_made": "manhole",
        "manhole": "drain"
      },
      "geometry": {
        "type": "Point",
        "coordinates": [
          80.2086432,
          12.9437273
        ]
      },
      "id": "node/12533044017"
    },
    {
      "type": "Feature",
      "properties": {
        "@id": "node/12533044018",
        "man_made": "manhole",
        "manhole": "drain"
      },
      "geometry": {
        "type": "Point",
        "coordinates": [
          80.2086548,
          12.9436916
        ]
      },
      "id": "node/12533044018"
    },
    {
      "type": "Feature",
      "properties": {
        "@id": "node/12533044019",
        "man_made": "manhole",
        "manhole": "drain"
      },
      "geometry": {
        "type": "Point",
        "coordinates": [
          80.2086784,
          12.9437128
        ]
      },
      "id": "node/12533044019"
    },
    {
      "type": "Feature",
      "properties": {
        "@id": "node/12533044020",
        "man_made": "manhole",
        "manhole": "drain"
      },
      "geometry": {
        "type": "Point",
        "coordinates": [
          80.2087119,
          12.9437044
        ]
      },
      "id": "node/12533044020"
    },
    {
      "type": "Feature",
      "properties": {
        "@id": "node/12533044021",
        "man_made": "manhole",
        "manhole": "drain"
      },
      "geometry": {
        "type": "Point",
        "coordinates": [
          80.2087478,
          12.9436964
        ]
      },
      "id": "node/12533044021"
    },
    {
      "type": "Feature",
      "properties": {
        "@id": "node/12533044022",
        "man_made": "manhole",
        "manhole": "drain"
      },
      "geometry": {
        "type": "Point",
        "coordinates": [
          80.2087695,
          12.9436908
        ]
      },
      "id": "node/12533044022"
    },
    {
      "type": "Feature",
      "properties": {
        "@id": "node/12533044023",
        "man_made": "manhole",
        "manhole": "drain"
      },
      "geometry": {
        "type": "Point",
        "coordinates": [
          80.2087979,
          12.9436833
        ]
      },
      "id": "node/12533044023"
    },
    {
      "type": "Feature",
      "properties": {
        "@id": "node/12533044025",
        "man_made": "manhole",
        "manhole": "drain"
      },
      "geometry": {
        "type": "Point",
        "coordinates": [
          80.2089439,
          12.9436489
        ]
      },
      "id": "node/12533044025"
    },
    {
      "type": "Feature",
      "properties": {
        "@id": "node/12533044026",
        "man_made": "manhole",
        "manhole": "sewer"
      },
      "geometry": {
        "type": "Point",
        "coordinates": [
          80.2090683,
          12.9436405
        ]
      },
      "id": "node/12533044026"
    },
    {
      "type": "Feature",
      "properties": {
        "@id": "node/12533044027",
        "man_made": "manhole",
        "manhole": "sewer"
      },
      "geometry": {
        "type": "Point",
        "coordinates": [
          80.2092956,
          12.9435839
        ]
      },
      "id": "node/12533044027"
    },
    {
      "type": "Feature",
      "properties": {
        "@id": "node/12533044029",
        "man_made": "manhole",
        "manhole": "drain"
      },
      "geometry": {
        "type": "Point",
        "coordinates": [
          80.2099892,
          12.9434326
        ]
      },
      "id": "node/12533044029"
    },
    {
      "type": "Feature",
      "properties": {
        "@id": "node/12533056788",
        "man_made": "manhole",
        "manhole": "drain"
      },
      "geometry": {
        "type": "Point",
        "coordinates": [
          80.2132418,
          12.942689
        ]
      },
      "id": "node/12533056788"
    },
    {
      "type": "Feature",
      "properties": {
        "@id": "node/12533056789",
        "man_made": "manhole",
        "manhole": "drain"
      },
      "geometry": {
        "type": "Point",
        "coordinates": [
          80.21323,
          12.9426837
        ]
      },
      "id": "node/12533056789"
    },
    {
      "type": "Feature",
      "properties": {
        "@id": "node/12533056790",
        "man_made": "manhole",
        "manhole": "drain"
      },
      "geometry": {
        "type": "Point",
        "coordinates": [
          80.2132582,
          12.9426926
        ]
      },
      "id": "node/12533056790"
    },
    {
      "type": "Feature",
      "properties": {
        "@id": "node/12533056791",
        "man_made": "manhole",
        "manhole": "drain"
      },
      "geometry": {
        "type": "Point",
        "coordinates": [
          80.2132742,
          12.9426897
        ]
      },
      "id": "node/12533056791"
    },
    {
      "type": "Feature",
      "properties": {
        "@id": "node/12533056792",
        "man_made": "manhole",
        "manhole": "drain"
      },
      "geometry": {
        "type": "Point",
        "coordinates": [
          80.213294,
          12.9426846
        ]
      },
      "id": "node/12533056792"
    },
    {
      "type": "Feature",
      "properties": {
        "@id": "node/12533056793",
        "man_made": "manhole",
        "manhole": "drain"
      },
      "geometry": {
        "type": "Point",
        "coordinates": [
          80.2133147,
          12.9426802
        ]
      },
      "id": "node/12533056793"
    },
    {
      "type": "Feature",
      "properties": {
        "@id": "node/12533056794",
        "man_made": "manhole",
        "manhole": "drain"
      },
      "geometry": {
        "type": "Point",
        "coordinates": [
          80.2133398,
          12.9426742
        ]
      },
      "id": "node/12533056794"
    },
    {
      "type": "Feature",
      "properties": {
        "@id": "node/12533056795",
        "man_made": "manhole",
        "manhole": "drain"
      },
      "geometry": {
        "type": "Point",
        "coordinates": [
          80.2133842,
          12.9426642
        ]
      },
      "id": "node/12533056795"
    },
    {
      "type": "Feature",
      "properties": {
        "@id": "node/12533056796",
        "man_made": "manhole",
        "manhole": "drain"
      },
      "geometry": {
        "type": "Point",
        "coordinates": [
          80.2135169,
          12.9426452
        ]
      },
      "id": "node/12533056796"
    },
    {
      "type": "Feature",
      "properties": {
        "@id": "node/12533056797",
        "man_made": "manhole",
        "manhole": "drain"
      },
      "geometry": {
        "type": "Point",
        "coordinates": [
          80.2135421,
          12.9426418
        ]
      },
      "id": "node/12533056797"
    },
    {
      "type": "Feature",
      "properties": {
        "@id": "node/12533056798",
        "man_made": "manhole",
        "manhole": "drain"
      },
      "geometry": {
        "type": "Point",
        "coordinates": [
          80.2135701,
          12.9426372
        ]
      },
      "id": "node/12533056798"
    },
    {
      "type": "Feature",
      "properties": {
        "@id": "node/12533056799",
        "man_made": "manhole",
        "manhole": "drain"
      },
      "geometry": {
        "type": "Point",
        "coordinates": [
          80.2135948,
          12.9426331
        ]
      },
      "id": "node/12533056799"
    },
    {
      "type": "Feature",
      "properties": {
        "@id": "node/12533056800",
        "man_made": "manhole",
        "manhole": "drain"
      },
      "geometry": {
        "type": "Point",
        "coordinates": [
          80.2136181,
          12.9426276
        ]
      },
      "id": "node/12533056800"
    },
    {
      "type": "Feature",
      "properties": {
        "@id": "node/12752262084",
        "man_made": "manhole",
        "manhole": "telecom",
        "material": "concrete",
        "operator": "Reliance Jio Infocomm Limited"
      },
      "geometry": {
        "type": "Point",
        "coordinates": [
          80.2761423,
          13.0229025
        ]
      },
      "id": "node/12752262084"
    },
    {
      "type": "Feature",
      "properties": {
        "@id": "node/12752262085",
        "man_made": "manhole",
        "manhole": "telecom",
        "material": "concrete",
        "operator": "Reliance Jio Infocomm Limited"
      },
      "geometry": {
        "type": "Point",
        "coordinates": [
          80.2754807,
          13.0232579
        ]
      },
      "id": "node/12752262085"
    }
  ]
}